meeting_date,tier,item_or_resolution,action_type,developer_owner,project_name,address,tif_amount_usd,total_project_cost_usd,disposition,vote,confidence,flags,source_url,summary
2016-07-11,1,32,other,"Roers Investments, LLC",,2301 Ingersoll Avenue; 1400 Walnut Street,,50000000.0,approved,7-0,high,,https://councildocs.dsm.city/communications/2016/16-388.pdf,
2016-07-11,2,16-1120,,,,,,,,7-0,,tier2_screen_only;urban renewal,https://councildocs.dsm.city/agendas/ag20160711.pdf,"23. On the proposed First Amendment to the Urban Renewal Plan for Fleur Drive Commercial Urban Renewal Area, (8-8-16). (Council Communication No. 16-385)"
2016-07-11,2,24,,,,,,,,7-0,,tier2_screen_only;revenue bond,https://councildocs.dsm.city/agendas/ag20160711.pdf,"24. On the following bond issues: (A) Not to exceed $33,500,000 General Obligation Refunding Bonds, Series 2016B, (Essential Corporate Purposes), (7-25-16). (Council Communication No. 16-390) (B) Not to exceed $5,400,000 Stormwater Management Utility Revenue Bonds, Series 2016C, (current refunding p"
2016-07-11,2,16-1143,,,,,,,,7-0,,tier2_screen_only;municipal housing,https://councildocs.dsm.city/agendas/ag20160711.pdf,"40. Authorizing Finance Director to draw checks on registers for the weeks of July 11 and 18, 2016; and to draw checks for the bills of the Des Moines Municipal Housing Agency for the weeks of July 11 and 18, 2016; and to draw checks for biweekly payroll due on July 22, 2016. ORDINANCES - FINAL CONS"
2016-07-25,2,16-1203,,,,,,,,7-0,,tier2_screen_only;urban renewal,https://councildocs.dsm.city/agendas/ag20160725.pdf,"21. On the Proposed Urban Renewal Plan for the Forest Avenue Urban Renewal Area, (9- 12-16). (Council Communication No. 16-402)"
2016-07-25,2,16-1227,,,,,,,,7-0,,tier2_screen_only;municipal housing,https://councildocs.dsm.city/agendas/ag20160725.pdf,"41. Authorizing Finance Director to draw checks on registers for the weeks of July 25 and August 1, 2016; and to draw checks for the bills of the Des Moines Municipal Housing Agency for the weeks of July 25 and August 1, 2016; and to draw checks for biweekly payroll due on August 5, 2016. * * * * * "
2016-08-08,1,25,other,"M & R Holding, LLC",Beaver Cove Townhomes,4209 Lower Beaver Road,,5700000.0,continued,7-0,high,,https://councildocs.dsm.city/communications/2016/16-432.pdf,
2016-08-08,1,16-1340,approve development agreement,"Janssen Lodging, Inc.",Hotel Fort Des Moines renovation,1000 Walnut Street,4118993.0,37000000.0,approved,6-1,high,,https://councildocs.dsm.city/communications/2016/16-434.pdf,
2016-08-08,1,47,other,Neighborhood Development Corporation,Forest Avenue Village,"3201, 3211 and 3221 Forest Avenue; 1414 and 1420 32nd Street",731319.0,7600000.0,approved,7-0,high,,https://councildocs.dsm.city/communications/2016/16-432.pdf,
2016-08-08,1,16-1359,other,"Electro Management Corp. / Electrical Power Products, Inc. (EP2)",Electrical Power Products Headquarters (EP2),SE corner of Highway 28 and Army Post Road adjoining 4240 Army Post Road,3300000.0,18000000.0,approved,7-0,medium,,https://councildocs.dsm.city/communications/2016/16-436.pdf,
2016-08-08,2,16-1330,,,,,,,,7-0,,tier2_screen_only;municipal housing,https://councildocs.dsm.city/agendas/ag20160808.pdf,"35. Authorizing Finance Director to draw checks on registers for the weeks of August 8 and 15, 2016; and to draw checks for the bills of the Des Moines Municipal Housing Agency for the weeks of August 8 and 15, 2016; and to draw checks for biweekly payroll due on August 19, 2016. ORDINANCES - SECOND"
2016-08-08,2,16-1362,,,,,,,,7-0,,tier2_screen_only;urban renewal,https://councildocs.dsm.city/agendas/ag20160808.pdf,51. On the proposed First Amendment to the Urban Renewal Plan for Fleur Drive Commercial Urban Renewal Area. (Council Communication No. 16-435)
2016-08-22,1,16-1410,other,"M & R Holdings, LLC",Beaver Cove Townhomes,4209 Lower Beaver Road,,,approved,5-1-1,medium,figure_not_in_source,https://councildocs.dsm.city/agendas/ag20160822.pdf,
2016-08-22,1,16-1411,approve development agreement,"220 SE 6th Street Properties, LLC",220 SE 6th Street office building and parking structure (PDM Precast / GPS Impact),220 SE 6th Street,,10700000.0,approved,5-1-1,high,,https://councildocs.dsm.city/communications/2016/16-479.pdf,
2016-08-22,1,16-1412,amend agreement,"Fort Des Moines Restoration, LLC",Historic Fort Des Moines rehabilitation (142 residential units),"Historic Fort Des Moines (south of Army Post Road, east of SW 9th Street)",2037983.0,37000000.0,approved,6-1,high,,https://councildocs.dsm.city/communications/2016/16-480.pdf,
2016-08-22,1,16-1413,amend agreement,"Raccoon Valley Investment Company, L.C.",Fleur Drive commercial area (Panera Bread Cafe / former Mezzodi's site),"4519 Fleur Drive (east of Fleur Drive, north of McKinley Avenue)",,,approved,6-1,medium,,https://councildocs.dsm.city/communications/2016/16-470.pdf,
2016-08-22,1,16-1415,amend agreement,"College Hill Associates, L.P. (owner) / Newbury Management Company (developer)",College Hill Apartments renovation + commercial office building,921 6th Avenue,,,approved,6-1,high,,https://councildocs.dsm.city/communications/2016/16-471.pdf,
2016-08-22,2,16-1403,,,,,,,,6-1,,tier2_screen_only;urban renewal,https://councildocs.dsm.city/agendas/ag20160822.pdf,"26. On proposed Second Amendment to the Urban Renewal Plan for the Accent Neighborhood Urban Renewal Project, (9-26-16). (Council Communication No. 16-473) LEGAL DEPARTMENT - CLAIM SETTLEMENTS & BILLINGS"
2016-08-22,2,59,,,,,,,,7-0,,tier2_screen_only;revenue bond,https://councildocs.dsm.city/agendas/ag20160822.pdf,"59. On the following bond issues (award of the sale of bonds will be on August 31, 2016 at 4:00 PM): (Council Communication No. 16-483) (A) Not to exceed $5,400,000 Stormwater Management Utility Revenue Bonds, Series 2016C (new money CIP portion). (1) Authorization for additional action. (B) Not to "
2016-09-12,1,16-1528,approve development agreement,"Excell Marketing, L.C.",Excell Marketing facility expansion,5501 Park Avenue,,5300000.0,approved,7-0,high,,https://councildocs.dsm.city/communications/2016/16-520.pdf,
2016-09-12,1,16-1530,other,"Liberty Des Moines, L.L.C. (assignee, Schulte Hospitality Group); Liberty Building Historic Rehab, LLC / 418 Hospitality, LLC (assignors)",Liberty Building Rehabilitation & Parking Garage / Hyatt Place Hotel,418 6th Avenue,,,approved,7-0,medium,figure_not_in_source,https://councildocs.dsm.city/communications/2016/16-501.pdf,
2016-09-12,1,16-1573,approve development agreement,Neighborhood Development Corporation (NDC),Forest Avenue Village (50-unit multi-family),"3201 Forest Avenue (3221, 3211, 3201 Forest Ave; 1420 & 1414 32nd St)",,7600000.0,approved,7-0,high,,https://councildocs.dsm.city/communications/2016/16-516.pdf,
2016-09-12,2,16-1531,,,,,,,,7-0,,tier2_screen_only;urban renewal,https://councildocs.dsm.city/agendas/ag20160912.pdf,"54. First Amendment to Urban Renewal Agreement for sale of land for private development with Grand 7 Partners, LLC and approving Conceptual Development Plan for the redevelopment of the property, east of 7th Street between Grand Avenue and High Street. (Council Communication No. 16-517)"
2016-09-12,2,16-1552,,,,,,,,7-0,,tier2_screen_only;municipal housing,https://councildocs.dsm.city/agendas/ag20160912.pdf,"68. Authorizing Finance Director to draw checks on registers for the weeks of September 12 and 19, 2016; and to draw checks for the bills of the Des Moines Municipal Housing Agency for the weeks of September 12 and 19, 2016; and to draw checks for bi-weekly payroll due on September 16, 2016. ORDINAN"
2016-09-12,2,16-1564,,,,,,,,7-0,,tier2_screen_only;revenue bond,https://councildocs.dsm.city/agendas/ag20160912.pdf,"78. Authorizing and providing for issuance of $12,715,000 Stormwater Management Utility Revenue Bonds, Series 2016C, and providing for method of payment, approval of the Tax Exempt Certificate and Continuing Disclosure Certificate."
2016-09-26,1,16-1614,other,"East Village Tower Partners, LLC",Lyon Flats (605 E. 5th Street),605 E. 5th Street,,4000000.0,approved,6-1,high,,https://councildocs.dsm.city/communications/2016/16-541.pdf,
2016-09-26,1,16-1615,amend agreement,"East Village Tower Partners, LLC",The Lyon Apartments / Lyon Flats,600 E. 5th Street (also referenced 605 E. 5th Street),,,approved,6-1,medium,,https://councildocs.dsm.city/communications/2016/16-540.pdf,
2016-09-26,2,16-1671,,,,,,,,6-1,,tier2_screen_only;urban renewal,https://councildocs.dsm.city/agendas/ag20160926.pdf,65. On proposed Second Amendment to the Urban Renewal Plan for the Accent Neighborhood Urban Renewal Project. (Council Communication No. 16-545)
2016-10-10,1,16-1751,ordinance,,,,,,approved,7-0,high,,https://councildocs.dsm.city/communications/2016/16-569.pdf,
2016-10-10,2,16-1743,,,,,,,,7-0,,tier2_screen_only;municipal housing,https://councildocs.dsm.city/agendas/ag20161010.pdf,"46. Authorizing Finance Director to draw checks on registers for the weeks of October 10 and 17, 2016; and to draw checks for the bills of the Des Moines Municipal Housing Agency for the weeks of October 10 and 17, 2016; and to draw checks for biweekly payroll due on October 14, 2016. ORDINANCES - F"
2016-10-10,2,16-1755,,,,,,,,7-0,,tier2_screen_only;urban renewal,https://councildocs.dsm.city/agendas/ag20161010.pdf,"56. On vacation of alley right-of-way and vacation of air space in Grand Avenue and 7th Street adjoining 665 Grand Avenue, and conveyance of such alley right-of-way and an Airspace Easement to Grand 7 Partners, LLC for $224,525.00 and authorizing the City Manager to execute a Temporary Access Agreem"
2016-10-24,2,16-1842,,,,,,,,7-0,,tier2_screen_only;municipal housing,https://councildocs.dsm.city/agendas/ag20161024.pdf,"44. Authorizing Finance Director to draw checks on registers for the weeks of October 24 and 31, 2016; and to draw checks for the bills of the Des Moines Municipal Housing Agency for the weeks of October 24 and 31, 2016; and to draw checks for biweekly payroll due on October 28, 2016. ORDINANCES - F"
2016-11-07,2,16-1904,,,,,,,,7-0,,tier2_screen_only;urban renewal,https://councildocs.dsm.city/agendas/ag20161107.pdf,"23. Accepting Development Proposal from Market District One, LLC to develop City-owned property at 401 SE 6th Street and 400 SE 7th Street in the Metro Center Urban Renewal Area and setting date of hearing on competitive bid process, (12-19-16). (Council Communication No. 16-647)"
2016-11-07,2,16-1916,,,,,,,,7-0,,tier2_screen_only;municipal housing,https://councildocs.dsm.city/agendas/ag20161107.pdf,"35. Authorizing Finance Director to draw checks on registers for the weeks of November 7 and 14, 2016; and to draw checks for the bills of the Des Moines Municipal Housing Agency for the weeks of November 7 and 14, 2016; and to draw checks for biweekly payroll due on November 11, 2016. ORDINANCES - "
2016-11-07,2,16-1927,,,,,,,,6-0,,tier2_screen_only;LIHTC,https://councildocs.dsm.city/agendas/ag20161107.pdf,43. City Manager to sign local contribution forms for all projects submitting Low-Income Housing Tax Credit (LIHTC) Project Applications in the 2017 Iowa Finance Authority Round and preliminary commitment of Home Investment Partnership Program (HOME) Funds for certain LIHTC projects. (Melbourne Apar
2016-11-21,1,16-2000,other,220 SE 6th Street Properties LLC (West Bank as financing party),220 SE 6th Street office building and parking structure,220 SE 6th Street,,,approved,7-0,medium,figure_not_in_source,https://councildocs.dsm.city/agendas/ag20161121.pdf,
2016-11-21,1,49,other,,,,,,approved,7-0,high,not_incentive_related,https://councildocs.dsm.city/communications/2016/16-650.pdf,
2016-11-21,2,16-1986,,,,,,,,7-0,,tier2_screen_only;tax abatement,https://councildocs.dsm.city/agendas/ag20161121.pdf,18. Approving tax abatement applications for the additional value added by improvements completed during 2016 (162 applications). (Council Communication No. 16-653) BOARDS/COMMISSIONS/NEIGHBORHOODS
2016-11-21,2,16-2001,,,,,,,,7-0,,tier2_screen_only;urban renewal,https://councildocs.dsm.city/agendas/ag20161121.pdf,"34. Revised development proposal from Market District One, LLC to develop City-owned property at 401 SE 6th Street and 400 SE 7th Street in the Metro Center Urban Renewal Area and setting date of hearing, (1-9-17). (Council Communication No. 16-668)"
2016-11-21,2,16-2007,,,,,,,,7-0,,tier2_screen_only;municipal housing,https://councildocs.dsm.city/agendas/ag20161121.pdf,"39. Authorizing Finance Director to draw checks on registers for the weeks of November 21 and 28, 2016; and to draw checks for the bills of the Des Moines Municipal Housing Agency for the weeks of November 21 and 28, 2016; and to draw checks for biweekly payroll due on November 25, 2016. ORDINANCES "
2016-12-05,1,16-2070,other,Revive Community Development,Edna M. Griffin Building restoration & conversion,319 7th Street,,10500000.0,approved,7-0,high,,https://councildocs.dsm.city/communications/2016/16-675.pdf,
2016-12-05,1,16-2071,other,"Cityville on 9th III, LLC (West Bank as financing party)",Cityville on 9th,,,,approved,7-0,medium,figure_not_in_source,https://councildocs.dsm.city/agendas/ag20161205.pdf,
2016-12-05,1,16-2101,approve development agreement,"HRC 6th Street, LLC",43-unit multi-family housing project at 550 Watson Powell Jr. Way,550 Watson Powell Jr. Way,,,,,low,figure_not_in_source,https://councildocs.dsm.city/agendas/ag20161205.pdf,
2016-12-05,2,16-2087,,,,,,,,7-0,,tier2_screen_only;municipal housing,https://councildocs.dsm.city/agendas/ag20161205.pdf,"38. Authorizing Finance Director to draw checks on registers for the weeks of December 5 and 12, 2016; and to draw checks for the bills of the Des Moines Municipal Housing Agency for the weeks of December 5 and 12, 2016; and to draw checks for biweekly payroll due on December 9, 2016. ORDINANCES - F"
2016-12-05,2,16-2090,,,,,,,,7-0,,tier2_screen_only;urban renewal,https://councildocs.dsm.city/agendas/ag20161205.pdf,"40. Repealing Ordinance No. 13,397, which provides for the division of revenue from taxation in the Airport Commerce Park West Urban Renewal Project Area, in accordance with the provisions of Iowa Code Section 403.19, with such repeal to be effective June, 30, 2017. (A) Final consideration of ordina"
2016-12-05,2,16-2094,,,,,,,,7-0,,tier2_screen_only;urban renewal,https://councildocs.dsm.city/agendas/ag20161205.pdf,"42. Repealing Ordinance No. 13,400 as amended by Ordinance No. 13,998, which provides for the division of revenue from taxation in the Airport Business Park Urban Renewal Project Area, in accordance with the provisions of Iowa Code Section 403.19, with such repeal to be effective June, 30, 2017. (A)"
2016-12-19,1,33,other,"TWG Development, LLC (and affiliate Southridge Apartment Partners, L.P.)",Market Street Lofts (201 SE 6th St) & Southridge Apartments (7100 SE 5th St),201 SE 6th Street; 7100 block of SE 5th Street,5875972.0,,approved,7-0,high,,https://councildocs.dsm.city/communications/2016/16-719.pdf,
2016-12-19,1,16-2165,approve development agreement,Hubbell Realty Company,Carbon 550 (50-unit apartment project),550 Watson Powell Jr. Way,,8600000.0,approved,7-0,high,,https://councildocs.dsm.city/communications/2016/16-723.pdf,
2016-12-19,1,16-2189,approve development agreement,"701 Walnut Partnership, LLC",701 Walnut Street tower (east side of former Younkers site),701 Walnut Street,4273982.0,80000000.0,approved,7-0,high,,https://councildocs.dsm.city/communications/2016/16-706.pdf,
2016-12-19,2,16-2141,,,,,,,,7-0,,tier2_screen_only;tax abatement,https://councildocs.dsm.city/agendas/ag20161219.pdf,14. Approving tax abatement applications for the additional value added by improvements completed during 2016 (34 applications). (Council Communication No. 16-697)
2016-12-19,2,16-2151,,,,,,,,7-0,,tier2_screen_only;urban renewal,https://councildocs.dsm.city/agendas/ag20161219.pdf,"22. On the proposed Third Amendment to the Urban Renewal Plan for the Accent Neighborhood Urban Renewal Project, (1-23-17). (Council Communication No. 16-715)"
2016-12-19,2,16-2152,,,,,,,,7-0,,tier2_screen_only;urban renewal,https://councildocs.dsm.city/agendas/ag20161219.pdf,"23. On the proposed Nineteenth Amendment to the Metro Center Urban Renewal Plan, (1- 23-17). (Council Communication No. 16-718)"
2016-12-19,2,16-2175,,,,,,,,7-0,,tier2_screen_only;municipal housing,https://councildocs.dsm.city/agendas/ag20161219.pdf,"43. Authorizing Finance Director to draw checks on registers for the weeks of December 19 and 26, 2016, and January 2, 2017; and to draw checks for the bills of the Des Moines Municipal Housing Agency for the weeks of December 19 and 26, 2016, and January 2, 2017 and to draw checks for biweekly payr"
2017-01-09,1,17-0044,amend agreement,Des Moines Bicycle Collective,B-Cycle Program expansion,,,,approved,7-0,high,,https://councildocs.dsm.city/communications/2017/17-022.pdf,
2017-01-09,1,17-0067,approve development agreement,"Market District One, LLC",Connolly Lofts,401 SE 6th Street and 400 SE 7th Street,320000.0,10700000.0,approved,7-0,high,,https://councildocs.dsm.city/communications/2017/17-020.pdf,
2017-01-09,2,17-0045,,,,,,,,7-0,,tier2_screen_only;urban renewal,https://councildocs.dsm.city/agendas/ag20170109.pdf,37. Issuance of Certificate of Completion for the third phase of improvements in the Fleur Drive Commercial Urban Renewal Area and authorizing payment of economic assistance.
2017-01-09,2,17-0059,,,,,,,,7-0,,tier2_screen_only;municipal housing,https://councildocs.dsm.city/agendas/ag20170109.pdf,"45. Authorizing Finance Director to draw checks on registers for the weeks of January 9 and 16, 2017; and to draw checks for the bills of the Des Moines Municipal Housing Agency for the weeks of January 9 and 16, 2017 and to draw checks for biweekly payroll due on January 20, 2017."
2017-01-23,1,17-0135,resolution of intent,"TWG Development, LLC",Market Lofts,201 SE 6th Street,3500000.0,40000000.0,approved,7-0,high,,https://councildocs.dsm.city/communications/2017/17-034.pdf,
2017-01-23,1,17-0148,ordinance,,,,,,approved,7-0,medium,not_incentive_related,https://councildocs.dsm.city/communications/2017/17-037.pdf,
2017-01-23,1,17-0151,ordinance,,,,,,approved,7-0,medium,not_incentive_related,https://councildocs.dsm.city/communications/2017/17-038.pdf,
2017-01-23,2,17-0101,,,,,,,,7-0,,tier2_screen_only;tax abatement,https://councildocs.dsm.city/agendas/ag20170123.pdf,14. Approving fifty-four (54) tax abatement applications for the additional value added by improvements completed during 2016. (Council Communication No. 17-033) BOARDS/COMMISSIONS/NEIGHBORHOODS
2017-01-23,2,17-0127,,,,,,,,7-0,,tier2_screen_only;municipal housing,https://councildocs.dsm.city/agendas/ag20170123.pdf,"34. Authorizing Finance Director to draw checks on registers for the weeks of January 23 and 30, 2017; and to draw checks for the bills of the Des Moines Municipal Housing Agency for the weeks of January 23 and January 30, 2017 and to draw checks for biweekly payroll due on February 3, 2017. ORDINAN"
2017-01-23,2,17-0147,,,,,,,,7-0,,tier2_screen_only;urban renewal,https://councildocs.dsm.city/agendas/ag20170123.pdf,49. On the Fourteenth Amendment to the Central Place Industrial Park Redevelopment Program Urban Renewal Plan. (Council Communication No. 17-035)
2017-02-06,2,17-0177,,,,,,,,7-0,,tier2_screen_only;tax abatement,https://councildocs.dsm.city/agendas/ag20170206.pdf,15. Approving 69 tax abatement applications for the additional value added by improvements completed during 2016. (Council Communication No. 17-046) BOARDS/COMMISSIONS/NEIGHBORHOODS
2017-02-06,2,25,,,,,,,,7-0,,tier2_screen_only;urban renewal,https://councildocs.dsm.city/agendas/ag20170206.pdf,"25. On the adoption of an Urban Renewal Plan for the following: (Council Communication No. 17-069) (A) Northeast Gateway 1 Urban Renewal Area, (3-20-17). (B) Northeast Gateway 2 Urban Renewal Area, (3-20-17). LEGAL DEPARTMENT - CLAIM SETTLEMENTS & BILLINGS"
2017-02-06,2,17-0209,,,,,,,,7-0,,tier2_screen_only;municipal housing,https://councildocs.dsm.city/agendas/ag20170206.pdf,"36. Authorizing Finance Director to draw checks on registers for the weeks of February 6 and 13, 2017; and to draw checks for the bills of the Des Moines Municipal Housing Agency for the weeks of February 6 and February 13, 2017 and to draw checks for biweekly payroll due on February 17, 2017. ORDIN"
2017-02-20,2,17-0261,,,,,,,,6-0,,tier2_screen_only;tax abatement,https://councildocs.dsm.city/agendas/ag20170220.pdf,13. Approving tax abatement applications for the additional value added by improvements completed during 2016 (146 applications). (Council Communication No. 17-081)
2017-02-20,2,22,,,,,,,,7-0,,tier2_screen_only;urban renewal,https://councildocs.dsm.city/agendas/ag20170220.pdf,"22. Items regarding proposed General Obligation Bonds for the following, (3-6-17): (Council Communication No. 17-102) (A) Resolution electing classifications and procedures for proposed bond projects. (B) On issuance of not to exceed $25,420,000 (for Essential Corporate Purposes). (C) On issuance of"
2017-02-20,2,17-0303,,,,,,,,7-0,,tier2_screen_only;municipal housing,https://councildocs.dsm.city/agendas/ag20170220.pdf,"41. Authorizing Finance Director to draw checks on registers for the weeks of February 20 and 27, 2017; and to draw checks for the bills of the Des Moines Municipal Housing Agency for the weeks of February 20 and 27, 2017 and to draw checks for biweekly payroll due on March 3, 2017. ORDINANCES - FIN"
2017-03-06,1,17-0395,resolution of intent,Federal Home Loan Bank of Des Moines,FHLB expansion / purchase of 909 Locust Street,909 Locust Street,,,approved,6-1,medium,figure_not_in_source,https://councildocs.dsm.city/communications/2017/17-280.pdf,
2017-03-06,2,16,,,,,,,,6-1,,tier2_screen_only;tax abatement,https://councildocs.dsm.city/agendas/ag20170306.pdf,16. Approving tax abatement applications for the additional value added by improvements completed during 2016 for the following: (Council Communication No. 17-278) (A) 34 applications. (B) 1 application. BOARDS/COMMISSIONS/NEIGHBORHOODS
2017-03-06,2,17-0373,,,,,,,,6-1,,tier2_screen_only;urban renewal,https://councildocs.dsm.city/agendas/ag20170306.pdf,"28. On 8th Amendment to the SE Agribusiness Urban Renewal, (4-3-17). (Council Communication No. 17-263)"
2017-03-06,2,17-0374,,,,,,,,6-1,,tier2_screen_only;urban renewal,https://councildocs.dsm.city/agendas/ag20170306.pdf,"29. On 20th Amendment to the Metro Center Urban Renewal Plan, (4-3-17). (Council Communication No. 17-262) LEGAL DEPARTMENT - CLAIM SETTLEMENTS & BILLINGS"
2017-03-06,2,17-0397,,,,,,,,6-1,,tier2_screen_only;municipal housing,https://councildocs.dsm.city/agendas/ag20170306.pdf,"45. Authorizing Finance Director to draw checks on registers for the weeks of March 6 and 13, 2017; and to draw checks for the bills of the Des Moines Municipal Housing Agency for the weeks of March 6 and 13, 2017 and to draw checks for biweekly payroll due on March 17, 2017. ORDINANCES - SECOND CON"
2017-03-06,2,17-0422,,,,,,,,5-2,,tier2_screen_only;urban renewal,https://councildocs.dsm.city/agendas/ag20170306.pdf,"63. On issuance of not to exceed $4,550,000 General Obligation Bonds (for Essential Corporate Urban Renewal Purposes). (A) Authorization for additional actions."
2017-03-06,2,17-0424,,,,,,,,6-1,,tier2_screen_only;urban renewal,https://councildocs.dsm.city/agendas/ag20170306.pdf,"64. On issuance of not to exceed $7,780,000 General Obligation Bonds (for Essential Corporate Urban Renewal Purposes). (A) Authorization for additional actions."
2017-03-20,1,17-0535,approve development agreement,"Thompson Properties, L.C. (d/b/a Heating & Cooling Supply Company, Inc.)","50,000 sf warehouse and operations center",1105 and 1125 East Broadway Avenue,350000.0,5100000.0,approved,7-0,high,,https://councildocs.dsm.city/communications/2017/17-284.pdf,
2017-03-20,1,422,approve development agreement,"Fifth and Walnut Parking, LLC",5th & Walnut Parking Garage redevelopment,422 Walnut Street,,,withdrawn,,low,figure_not_in_source,https://councildocs.dsm.city/minutes/as20170320.pdf,
2017-03-20,2,17-0503,,,,,,,,7-0,,tier2_screen_only;municipal housing,https://councildocs.dsm.city/agendas/ag20170320.pdf,"43. Authorizing Finance Director to draw checks on registers for the weeks of March 20 and March 27, 2017; and to draw checks for the bills of the Des Moines Municipal Housing Agency for the weeks of March 20 and March 27, 2017 and to draw checks for biweekly payroll due on March 31, 2017. ORDINANCE"
2017-04-03,1,17-0588,amend agreement,"Market District One, LLC",Connolly Lofts,401 SE 6th Street and 400 SE 7th Street,320000.0,10700000.0,approved,7-0,high,,https://councildocs.dsm.city/communications/2017/17-342.pdf,
2017-04-03,1,47,approve development agreement,"Blackbird Investments, LLC",Fifth and Walnut Parking Garage redevelopment (hotel/residential tower),422 Walnut Street,,,,,low,minutes_truncated,https://councildocs.dsm.city/communications/2017/17-346.pdf,
2017-04-03,2,17-0579,,,,,,,,7-0,,tier2_screen_only;tax abatement,https://councildocs.dsm.city/agendas/ag20170403.pdf,14. Approving tax abatement applications for the additional value added by improvements completed during 2016 (2 applications). (Council Communication No. 17-314) SETTING DATE OF HEARINGS
2017-04-03,2,17-0599,,,,,,,,7-0,,tier2_screen_only;municipal housing,https://councildocs.dsm.city/agendas/ag20170403.pdf,"36. Authorizing Finance Director to draw checks on registers for the weeks of April 3 and April 10, 2017; and to draw checks for the bills of the Des Moines Municipal Housing Agency for the weeks of April 3 and April 10, 2017 and to draw checks for biweekly payroll due on April 14, 2017. ORDINANCES "
2017-04-03,2,17-0620,,,,,,,,7-0,,tier2_screen_only;urban renewal,https://councildocs.dsm.city/agendas/ag20170403.pdf,45. On 20th Amendment to the Metro Center Urban Renewal Plan. (Council Communication No. 17-325)
2017-04-03,2,17-0621,,,,,,,,7-0,,tier2_screen_only;urban renewal,https://councildocs.dsm.city/agendas/ag20170403.pdf,46. On 8th Amendment to the SE Agribusiness Urban Renewal Plan. (Council Communication No. 17-326)
2017-04-17,1,17-0684,approve development agreement,Federal Home Loan Bank of Des Moines,FHLB headquarters relocation and expansion,909 and 912 Locust Street,,,approved,7-0,medium,figure_not_in_source,https://councildocs.dsm.city/communications/2017/17-380.pdf,
2017-04-17,2,17-0675,,,,,,,,7-0,,tier2_screen_only;urban renewal,https://councildocs.dsm.city/agendas/ag20170417.pdf,29. On the proposed First Amendment to the Urban Renewal Plan for the Northeast Gateway
2017-04-17,2,17-0643,,,,,,,,,,tier2_screen_only;urban renewal,https://councildocs.dsm.city/agendas/ag20170417.pdf,"1 Urban Renewal Area, (5-22-17). (Council Communication No. 17-349)"
2017-04-17,2,17-0698,,,,,,,,7-0,,tier2_screen_only;municipal housing,https://councildocs.dsm.city/agendas/ag20170417.pdf,"42. Authorizing Finance Director to draw checks on registers for the weeks of April 17 and 24, and May 1, 2017; to draw checks for the bills of the Des Moines Municipal Housing Agency for the weeks of April 17 and 24, and May 1, 2017; and to draw checks for biweekly payroll due on April 28, 2017 and"
2017-05-08,1,17-0774,other,"Rally Cap Properties, LLC",Des Moines scattered-site housing rehabilitation,"687 28th St, 1520 32nd St, 541 35th St, 693 19th St, 740 26th St, 726 27th St",,1500000.0,approved,7-0,medium,,https://councildocs.dsm.city/communications/2017/17-403.pdf,
2017-05-08,1,17-0775,amend agreement,"FDM Development Partnership, LLLP",Historic Fort Des Moines residential rehabilitation,"Historic Fort Des Moines (south of Army Post Rd, east of SW 9th St)",2037983.0,38000000.0,approved,7-0,high,,https://councildocs.dsm.city/communications/2017/17-404.pdf,
2017-05-08,1,17-0776,approve development agreement,"H. Glass Partners, LLC",212 E. 3rd Street historic rehabilitation,212 E. 3rd Street,419000.0,2900000.0,approved,7-0,high,,https://councildocs.dsm.city/communications/2017/17-402.pdf,
2017-05-08,2,17-0803,,,,,,,,7-0,,tier2_screen_only;municipal housing,https://councildocs.dsm.city/agendas/ag20170508.pdf,"61. Authorizing Finance Director to draw checks on registers for the weeks of May 8 and 15, 2017; to draw checks for the bills of the Des Moines Municipal Housing Agency for the weeks of May 8 and 15, 2017; and to draw checks for biweekly payroll due on May 26, 2017. ORDINANCES - SECOND CONSIDERATIO"
2017-05-22,1,17-0874,amend agreement,"Wilkins Redevelopment, LLC",Wilkins Building (former Younkers),713 Walnut Street,3200000.0,27000000.0,,,medium,minutes_truncated,https://councildocs.dsm.city/communications/2017/17-453.pdf,
2017-05-22,2,17-0889,,,,,,,,7-0,,tier2_screen_only;municipal housing,https://councildocs.dsm.city/agendas/ag20170522.pdf,"44. Authorizing Finance Director to draw checks on registers for the weeks of May 22, May 29 and June 5, 2017; to draw checks for the bills of the Des Moines Municipal Housing Agency for the weeks of May 22, May 29 and June 5, 2017; and to draw checks for biweekly payroll due on June 9, 2017. ORDINA"
2017-05-22,2,17-0908,,,,,,,,7-0,,tier2_screen_only;urban renewal,https://councildocs.dsm.city/agendas/ag20170522.pdf,58. On the proposed First Amendment to the Urban Renewal Plan for the Northeast Gateway
2017-05-22,2,17-0843,,,,,,,,,,tier2_screen_only;urban renewal,https://councildocs.dsm.city/agendas/ag20170522.pdf,1 Urban Renewal Area. (Council Communication No. 17-428)
2017-06-12,1,17-0984,amend agreement,"Eagle View Lofts, LLC",Eagle View Lofts,SE 6th Street and Shaw Street (712 SE 6th Street),,18000000.0,approved,7-0,high,,https://councildocs.dsm.city/communications/2017/17-472.pdf,
2017-06-12,2,17-0974,,,,,,,,7-0,,tier2_screen_only;urban renewal,https://councildocs.dsm.city/agendas/ag20170612.pdf,"24. On the proposed Second Amendment to the Urban Renewal Plan for the Ingersoll-Grand Commercial Urban Renewal Area, (7-24-17). (Council Communication No. 17-471)"
2017-06-12,2,17-1004,,,,,,,,7-0,,tier2_screen_only;municipal housing,https://councildocs.dsm.city/agendas/ag20170612.pdf,"47. Authorizing Finance Director to draw checks on registers for the weeks of June 12 and June 19, 2017; to draw checks for the bills of the Des Moines Municipal Housing Agency for the weeks of June 12 and June 19, 2017; and to draw checks for biweekly payroll due on June 23, 2017. * * * * * * * * *"
2017-06-26,1,17-1060,approve development agreement,"Raccoon Valley Investment Company, LC",Courtyard by Marriott hotel,northeast corner of Fleur Drive and McKinley Avenue,,13000000.0,approved,6-1,medium,figure_not_in_source,https://councildocs.dsm.city/communications/2017/17-505.pdf,
2017-06-26,1,17-1061,amend agreement,"220 SE 6th Street Properties, LLC",220 SE 6th Street office building and parking structure,220 SE 6th Street,,12000000.0,approved,6-1,high,,https://councildocs.dsm.city/communications/2017/17-519.pdf,
2017-06-26,2,17-1053,,,,,,,,6-1,,tier2_screen_only;urban renewal,https://councildocs.dsm.city/agendas/ag20170626.pdf,"23. On the proposed Second Amendment to the Urban Renewal Plan for the Fleur Drive Commercial Urban Renewal Area, (8-14-17). (Council Communication No. 17-504) LEGAL DEPARTMENT - CLAIM SETTLEMENTS & BILLINGS"
2017-06-26,2,17-1099,,,,,,,,6-1,,tier2_screen_only;municipal housing,https://councildocs.dsm.city/agendas/ag20170626.pdf,"46. Authorizing Finance Director to draw checks on registers for the weeks of June 26 and July 3, 2017; to draw checks for the bills of the Des Moines Municipal Housing Agency for the weeks of June 26 and July 3, 2017; and to draw checks for biweekly payroll due on July 7, 2017. ORDINANCES - SECOND "
2017-07-10,2,17-1165,,,,,,,,7-0,,tier2_screen_only;urban renewal,https://councildocs.dsm.city/agendas/ag20170710.pdf,26. First Amendment to Urban Renewal Agreement for Sale of Land for Private Redevelopment with 5th and Walnut Parking LLC regarding the sale and redevelopment of the Fifth and Walnut Parking Garage at 422 Walnut Street. (Council Communication No. 17-527) (A) Approving private construction contract b
2017-07-10,2,17-1177,,,,,,,,7-0,,tier2_screen_only;municipal housing,https://councildocs.dsm.city/agendas/ag20170710.pdf,"34. Authorizing Finance Director to draw checks on registers for the weeks of July 10 and July 17, 2017; to draw checks for the bills of the Des Moines Municipal Housing Agency for the weeks of July 10 and July 17, 2017; and to draw checks for biweekly payroll due on July 21, 2017. ORDINANCES - SECO"
2017-07-24,1,17-1257,other,"Ingersoll Square Phase III Associates, L.P.",Ingersoll Square Phase III,NE corner of Martin Luther King Jr. Parkway and Ingersoll Avenue,574594.0,8200000.0,approved,7-0,medium,,https://councildocs.dsm.city/communications/2017/17-566.pdf,
2017-07-24,2,17-1256,,,,,,,,7-0,,tier2_screen_only;urban renewal,https://councildocs.dsm.city/agendas/ag20170724.pdf,"40. First Amendment to Urban Renewal Agreement for Sale of Real Estate with Helena Industries, Inc. for the expansion of its facility at 3525 Vandalia Road. (Council Communication No. 17-547)"
2017-07-24,2,17-1274,,,,,,,,7-0,,tier2_screen_only;municipal housing,https://councildocs.dsm.city/agendas/ag20170724.pdf,"52. Authorizing Finance Director to draw checks on registers for the weeks of July 24, 31 and August 7, 2017; to draw checks for the bills of the Des Moines Municipal Housing Agency for the weeks of July 24, 31 and August 7, 2017; and to draw checks for biweekly payroll due on August 4, 2017. * * * "
2017-07-24,2,17-1297,,,,,,,,7-0,,tier2_screen_only;urban renewal,https://councildocs.dsm.city/agendas/ag20170724.pdf,64. On the proposed Second Amendment to the Urban Renewal Plan for the Ingersoll-Grand Commercial Urban Renewal Area. (Council Communication No. 17-563)
2017-08-14,1,17-1376,amend agreement,"Krause Holdings, Inc. and Linden Street Investments, LLC",,1459 Grand Avenue,,,approved,7-0,low,figure_not_in_source,https://councildocs.dsm.city/agendas/ag20170814.pdf,
2017-08-14,1,17-1377,other,"5th and Walnut Parking, LLC",Fifth and Walnut Parking Garage demolition,422 Walnut Street,,,approved,7-0,low,not_incentive_related,https://councildocs.dsm.city/agendas/ag20170814.pdf,
2017-08-14,1,17-1379,other,"Thompson Properties, LC",,1105 and 1125 E. Broadway Avenue,,,approved,7-0,low,not_incentive_related,https://councildocs.dsm.city/agendas/ag20170814.pdf,
2017-08-14,1,17-1408,approve development agreement,"HRC NFS I, LLC and Hubbell Realty Company",Gray's Station,"vicinity of 1300 Tuttle Street (south of MLK Jr Pkwy, north of Raccoon River)",12523258.0,59000000.0,approved,6-1,high,,https://councildocs.dsm.city/communications/2017/17-603.pdf,
2017-08-14,1,17-1415,approve development agreement,"TWG Development, LLC d/b/a District at 6th, LLC",District at 6th,201 SE 6th Street,3500000.0,40600000.0,approved,7-0,high,,https://councildocs.dsm.city/communications/2017/17-575.pdf,
2017-08-14,2,17-1401,,,,,,,,7-0,,tier2_screen_only;municipal housing,https://councildocs.dsm.city/agendas/ag20170814.pdf,"54. Authorizing Finance Director to draw checks on registers for the weeks of August 14 and 21, 2017; to draw checks for the bills of the Des Moines Municipal Housing Agency for the weeks of August 14 and 21, 2017; and to draw checks for biweekly payroll due on August 18, 2017. ORDINANCES - SECOND C"
2017-08-14,2,17-1406,,,,,,,,7-0,,tier2_screen_only;urban renewal,https://councildocs.dsm.city/agendas/ag20170814.pdf,"59. Amended and Restated Urban Renewal Agreement for sale of land for private redevelopment with Grand 7 Partners, LLC. (Council Communication No. 17-602)"
2017-08-14,2,17-1427,,,,,,,,7-0,,tier2_screen_only;urban renewal,https://councildocs.dsm.city/agendas/ag20170814.pdf,69. On the proposed Second Amendment to the Urban Renewal Plan for the Fleur Drive Commercial Urban Renewal Area and adopting the Amendment. (Council Communication No. 17-580)
2017-08-28,1,17-1472,other,"Gray's Station I, LLC and Gray's Station II, LLC (Hubbell Realty Company)",Gray's Station Multifamily Phases I and II,200 block of SW 11th Street (SW corner of West Martin Luther King Jr. Parkway and SW 11th Street),,24700000.0,approved,7-0,high,,https://councildocs.dsm.city/communications/2017/17-609.pdf,
2017-08-28,1,17-1473,amend agreement,"701 Walnut Partnership, LLC (Justin Doyle, Blackbird Investments)",701 Walnut (east side of former Younkers site),701 Walnut Street,5580000.0,88000000.0,approved,7-0,high,,https://councildocs.dsm.city/communications/2017/17-611.pdf,
2017-08-28,2,17-1460,,,,,,,,7-0,,tier2_screen_only;tax abatement,https://councildocs.dsm.city/agendas/ag20170828.pdf,16. Approving tax abatement applications for the additional value added by improvements completed during 2017 (93 applications). (Council Communication No. 17-608) BOARDS/COMMISSIONS/NEIGHBORHOODS
2017-08-28,2,17-1493,,,,,,,,7-0,,tier2_screen_only;municipal housing,https://councildocs.dsm.city/agendas/ag20170828.pdf,"46. Authorizing Finance Director to draw checks on registers for the weeks of August 28 and September 4, 2017; to draw checks for the bills of the Des Moines Municipal Housing Agency for the weeks of August 28 and September 4, 2017; and to draw checks for biweekly payroll due on September 1, 2017. O"
2017-09-11,1,17-1567,other,"Gray's Station I, LLC and Gray's Station II, LLC (Hubbell Realty Company)",Gray's Station Multifamily Phases I and II,200 block of SW 11th Street,,24700000.0,approved,7-0,high,,https://councildocs.dsm.city/communications/2017/17-664.pdf,
2017-09-11,1,17-1570,amend agreement,"Hubbell Realty Company, Hubbell Terminal Corporation, and 510 SW 9th Street, LLC (Rick Tollakson)",Cityville on 9th,550 SW 9th Street,,50000000.0,approved,7-0,medium,,https://councildocs.dsm.city/communications/2017/17-645.pdf,
2017-09-11,1,17-1575,other,Friends of SW 9th,SW 9th Street Revitalization,SW 9th Street Corridor (sites incl. 2619 and 2440 SW 9th Street),,,approved,7-0,high,,https://councildocs.dsm.city/communications/2017/17-646.pdf,
2017-09-11,2,17-1551,,,,,,,,7-0,,tier2_screen_only;tax abatement,https://councildocs.dsm.city/agendas/ag20170911.pdf,17-I Request from Christ the King Housing Services for City support of its application to Polk County to retroactively apply its application for tax abatement on the construction of the Christ the King Senior Housing Project at 5602 SW 9th Street. BOARDS/COMMISSIONS/NEIGHBORHOODS
2017-09-11,2,17-1559,,,,,,,,7-0,,tier2_screen_only;urban renewal,https://councildocs.dsm.city/agendas/ag20170911.pdf,"24. On the proposed Fourth Amendment to the Urban Renewal Plan for the Southside Economic Development District Urban Renewal Area, (10-9-17). (Council Communication No. 17-649)"
2017-09-11,2,17-1560,,,,,,,,7-0,,tier2_screen_only;urban renewal,https://councildocs.dsm.city/agendas/ag20170911.pdf,"25. On the proposed Ninth Amendment to the Urban Renewal Plan for the SE Agribusiness Urban Renewal Area, (10-9-17). (Council Communication No. 17-648)"
2017-09-11,2,17-1562,,,,,,,,7-0,,tier2_screen_only;urban renewal,https://councildocs.dsm.city/agendas/ag20170911.pdf,"27. On the proposed 21st Amendment to the Metro Center Urban Renewal Plan, (10-9-17). (Council Communication No. 17-650) LEGAL DEPARTMENT - CLAIM SETTLEMENTS & BILLINGS"
2017-09-11,2,17-1592,,,,,,,,7-0,,tier2_screen_only;municipal housing,https://councildocs.dsm.city/agendas/ag20170911.pdf,"50. Authorizing Finance Director to draw checks on registers for the weeks of September 11 and 18, 2017; to draw checks for the bills of the Des Moines Municipal Housing Agency for the weeks of September 11 and 18, 2017; and to draw checks for biweekly payroll due on September 15, 2017. ORDINANCES -"
2017-09-25,1,17-1657,other,"Market District One, LLC (Frank Levy)",Connolly Lofts,401 SE 6th Street,489281.0,10600000.0,approved,6-1,high,,https://councildocs.dsm.city/communications/2017/17-701.pdf,
2017-09-25,1,17-1658,approve development agreement,"New Horizon Real Estate Development - Iowa, LLP (William M. Dunkley)",New Horizon Childcare Academy,northwest corner of SW 9th and Murphy Street (Gray's Landing),,2600000.0,approved,6-1,medium,,https://councildocs.dsm.city/communications/2017/17-700.pdf,
2017-09-25,2,17-1676,,,,,,,,6-1,,tier2_screen_only;municipal housing,https://councildocs.dsm.city/agendas/ag20170925.pdf,"45. Authorizing Finance Director to draw checks on registers for the weeks of September 25 and October 2, 2017; to draw checks for the bills of the Des Moines Municipal Housing Agency for the weeks of September 25 and October 2, 2017; and to draw checks for biweekly payroll due on September 29, 2017"
2017-10-09,1,17-1748,resolution of intent,"206 6th Avenue, LLC (Aparium Hotel Group, Mario Tricoci)",Midland Building hotel conversion (138-room hotel),206 6th Avenue (corner of Mulberry Street and 6th Avenue),4000000.0,39700000.0,approved,7-0,high,,https://councildocs.dsm.city/communications/2017/17-714.pdf,
2017-10-09,1,32,other,Elliott Coop Housing Association,Elliott Apartments,217 4th Street,,8200000.0,approved,7-0,high,,https://councildocs.dsm.city/communications/2017/17-720.pdf,
2017-10-09,2,17-1766,,,,,,,,7-0,,tier2_screen_only;municipal housing,https://councildocs.dsm.city/agendas/ag20171009.pdf,"45. Authorizing Finance Director to draw checks on registers for the weeks of October 9 and 16, 2017; to draw checks for the bills of the Des Moines Municipal Housing Agency for the weeks of October 9 and 16, 2017; and to draw checks for biweekly payroll due on October 13, 2017. ORDINANCES - FINAL C"
2017-10-09,2,17-1784,,,,,,,,7-0,,tier2_screen_only;urban renewal,https://councildocs.dsm.city/agendas/ag20171009.pdf,54. On the proposed Fourth Amendment to the Urban Renewal Plan for the Southside Economic Development District Urban Renewal Area. (Council Communication No. 17-712)
2017-10-09,2,17-1785,,,,,,,,7-0,,tier2_screen_only;urban renewal,https://councildocs.dsm.city/agendas/ag20171009.pdf,55. On proposed Ninth Amendment to the Urban Renewal Plan for the SE Agribusiness Urban Renewal Area. (Council Communication No. 17-716)
2017-10-09,2,17-1786,,,,,,,,7-0,,tier2_screen_only;urban renewal,https://councildocs.dsm.city/agendas/ag20171009.pdf,56. On the proposed 21st Amendment to the Metro Center Urban Renewal Plan. (Council Communication No. 17-713) (A) Resolution authorizing advancement of costs for an Urban Renewal project in the Metro Center Urban Renewal Area and certification of expenses incurred by the City for payment under Iowa 
2017-10-23,1,17-1836,other,"District at 6th, LLC",,,,,approved,5-2,low,figure_not_in_source,https://councildocs.dsm.city/agendas/ag20171023.pdf,
2017-10-23,2,17-1849,,,,,,,,5-2,,tier2_screen_only;municipal housing,https://councildocs.dsm.city/agendas/ag20171023.pdf,"46. Authorizing Finance Director to draw checks on registers for the weeks of October 23 and 30, 2017; to draw checks for the bills of the Des Moines Municipal Housing Agency for the weeks of October 23 and 30, 2017; and to draw checks for biweekly payroll due on October 27, 2017. * * * * * * * * * "
2017-11-06,1,17-1894,other,Neighborhood Development Corporation (NDC),,2217-2225 University Avenue,,2600000.0,approved,7-0,medium,,https://councildocs.dsm.city/communications/2017/17-771.pdf,
2017-11-06,1,17-1896,other,"322 E. Court, LLC and 317 E. Court, LLC",,,,,approved,7-0,low,figure_not_in_source,https://councildocs.dsm.city/agendas/ag20171106.pdf,
2017-11-06,2,11,,,,,,,,7-0,,tier2_screen_only;urban renewal,https://councildocs.dsm.city/agendas/ag20171106.pdf,11. Items regarding the voluntary acquisition of property located at 3800 Vandalia Road from Capital Auto Parts Company LLC for the SE Agribusiness Park: (A) Authorizing advancement of costs for an urban renewal project in the SE Agribusiness Center Urban Renewal Area and certification of expenses i
2017-11-06,2,17-1909,,,,,,,,7-0,,tier2_screen_only;municipal housing,https://councildocs.dsm.city/agendas/ag20171106.pdf,"35. Authorizing Finance Director to draw checks on registers for the weeks of November 6 and 13, 2017; to draw checks for the bills of the Des Moines Municipal Housing Agency for the weeks of November 6 and 13, 2017; and to draw checks for biweekly payroll due on November 10, 2017. ORDINANCES - SECO"
2017-11-20,1,17-1963,other,Neighborhood Development Corporation (NDC),,,,,approved,7-0,low,figure_not_in_source,https://councildocs.dsm.city/agendas/ag20171120.pdf,
2017-11-20,1,17-1964,approve development agreement,"DSMBLC Holdings, Inc.",,1074 26th Street,,,approved,7-0,high,,https://councildocs.dsm.city/communications/2017/17-784.pdf,
2017-11-20,1,55,other,,,,,,approved,7-0,medium,not_incentive_related,https://councildocs.dsm.city/communications/2017/17-812.pdf,
2017-11-20,2,17-1983,,,,,,,,7-0,,tier2_screen_only;municipal housing,https://councildocs.dsm.city/agendas/ag20171120.pdf,"45. Authorizing Finance Director to draw checks on registers for the weeks of November 20 and 27, 2017; to draw checks for the bills of the Des Moines Municipal Housing Agency for the weeks of November 20 and 27, 2017; and to draw checks for biweekly payroll due on November 22, 2017. ORDINANCES - FI"
2017-11-20,2,17-2004,,,,,,,,,,tier2_screen_only;urban renewal,https://councildocs.dsm.city/agendas/ag20171120.pdf,"57-I Assignment and assumption of Urban Renewal Agreement with Macerich Southridge Mall LLC, Southridge Adjacent LLC and Southridge Apartments Partners, LP, to permit the sale of a portion of Southridge Mall for a multiple-family housing project; approving a collateral assignment to Citibank, NA, fo"
2017-12-04,2,17-2051,,,,,,,,7-0,,tier2_screen_only;tax abatement,https://councildocs.dsm.city/agendas/ag20171204.pdf,16. Approving tax abatement applications for the additional value added by improvements completed during 2017 (142 applications). (Council Communication No. 17-822) BOARDS/COMMISSIONS/NEIGHBORHOODS
2017-12-04,2,17-2080,,,,,,,,7-0,,tier2_screen_only;municipal housing,https://councildocs.dsm.city/agendas/ag20171204.pdf,"36. Authorizing Finance Director to draw checks on registers for the weeks of December 4 and 11, 2017; to draw checks for the bills of the Des Moines Municipal Housing Agency for the weeks of December 4 and 11, 2017; and to draw checks for biweekly payroll due on December 8, 2017. ORDINANCES - FINAL"
2017-12-18,1,17-2150,other,"Nelson Construction & Development, d.b.a. Rowat Lofts, LLC",Rowat Lofts,110 SE 7th Street,,27100000.0,approved,7-0,high,,https://councildocs.dsm.city/communications/2017/17-865.pdf,
2017-12-18,1,17-2151,amend agreement,"219 East Grand, LLC",,219 E. Grand Avenue,,27000000.0,approved,7-0,high,,https://councildocs.dsm.city/communications/2017/17-863.pdf,
2017-12-18,1,17-2190,approve development agreement,"Kemin Industries, Inc. and Kemin Holdings, LC",,,,,approved,7-0,high,,https://councildocs.dsm.city/communications/2017/17-839.pdf,
2017-12-18,2,17-2171,,,,,,,,7-0,,tier2_screen_only;municipal housing,https://councildocs.dsm.city/agendas/ag20171218.pdf,"47. Authorizing Finance Director to draw checks on registers for the weeks of December 18 and 25, 2017 and January 1, 2018; to draw checks for the bills of the Des Moines Municipal Housing Agency for the weeks of December 18 and 25, 2017 and January 1, 2018; and to draw checks for biweekly payroll d"
2017-12-18,2,17-2194,,,,,,,,,,tier2_screen_only;urban renewal,https://councildocs.dsm.city/agendas/ag20171218.pdf,"60. Approving Second Amendment to Urban Renewal Agreement for Sale of Land for Private Redevelopment with 5th and Walnut Parking LLC, represented by Justin Mandelbaum, Officer, regarding the sale and redevelopment of the Fifth and Walnut Parking Garage at 422 Walnut Street. (Council Communication No"
2018-01-08,2,18-0051,,,,,,,,7-0,,tier2_screen_only;urban renewal,https://councildocs.dsm.city/agendas/ag20180108.pdf,"30. On Fifteenth Amendment to the Central Place Industrial Park Redevelopment Program Urban Renewal Plan, (2-5-18). (Council Communication No. 18-008)"
2018-01-08,2,18-0058,,,,,,,,7-0,,tier2_screen_only;urban renewal,https://councildocs.dsm.city/agendas/ag20180108.pdf,"37. Preliminary terms of an Urban Renewal Agreement with KOK Vermont Street, LLC for sale of City-owned real estate in the vicinity of 1300-1350 Vermont Street. (Council Communication No. 18-007)"
2018-01-08,2,18-0068,,,,,,,,7-0,,tier2_screen_only;municipal housing,https://councildocs.dsm.city/agendas/ag20180108.pdf,"44. Authorizing Finance Director to draw checks on registers for the weeks of January 8 and 15, 2018; to draw checks for the bills of the Des Moines Municipal Housing Agency for the weeks of January 8 and 15, 2018; and to draw checks for biweekly payroll due on January 19, 2018. * * * * * * * * END "
2018-01-22,2,18-0107,,,,,,,,7-0,,tier2_screen_only;tax abatement,https://councildocs.dsm.city/agendas/ag20180122.pdf,13. Approving tax abatement applications for the additional value added by improvements completed during 2017 (89 applications). (Council Communication No. 18-037) BOARDS/COMMISSIONS/NEIGHBORHOODS
2018-01-22,2,18-0133,,,,,,,,7-0,,tier2_screen_only;municipal housing,https://councildocs.dsm.city/agendas/ag20180122.pdf,"30. Authorizing Finance Director to draw checks on registers for the weeks of January 22 and 29, 2018; to draw checks for the bills of the Des Moines Municipal Housing Agency for the weeks of January 22 and 29, 2018; and to draw checks for biweekly payroll due on February 2, 2018. ORDINANCES - SECON"
2018-02-05,1,18-0202,approve development agreement,Accordia Life & Annuity Company (aka Global Atlantic),,Davis Brown Tower,,,approved,7-0,high,,https://councildocs.dsm.city/communications/2018/18-048.pdf,
2018-02-05,2,18-0218,,,,,,,,7-0,,tier2_screen_only;municipal housing,https://councildocs.dsm.city/agendas/ag20180205.pdf,"39. Authorizing Finance Director to draw checks on registers for the weeks of February 5 and 12, 2018; to draw checks for the bills of the Des Moines Municipal Housing Agency for the weeks of February 5 and 12, 2018; and to draw checks for biweekly payroll due on February 16, 2018. * * * * * * * * *"
2018-02-05,2,18-0226,,,,,,,,7-0,,tier2_screen_only;urban renewal,https://councildocs.dsm.city/agendas/ag20180205.pdf,46. On Fifteenth Amendment to the Central Place Industrial Park Redevelopment Program Urban Renewal Plan. (Council Communication No. 18-049) (A) Reimbursement resolution for tree clearing and undergrowth grubbing services on City-owned redevelopment parcels in Central Place Industrial Park. (Council
2018-02-19,1,18-0288,approve development agreement,"206 6th Avenue, LLC",Midland Building,206 6th Avenue,,,,,low,figure_not_in_source,https://councildocs.dsm.city/agendas/ag20180219.pdf,
2018-02-19,2,18-0268,,,,,,,,7-0,,tier2_screen_only;urban renewal,https://councildocs.dsm.city/agendas/ag20180219.pdf,"24. On the proposed Twenty-Second Amendment to the Metro Center Urban Renewal Plan, (4-9-18). (Council Communication No. 18-074)"
2018-02-19,2,18-0305,,,,,,,,7-0,,tier2_screen_only;municipal housing,https://councildocs.dsm.city/agendas/ag20180219.pdf,"45. Authorizing Finance Director to draw checks on registers for the weeks of February 19 and 26, 2018; to draw checks for the bills of the Des Moines Municipal Housing Agency for the weeks of February 19 and 26, 2018; and to draw checks for biweekly payroll due on March 2, 2018. * * * * * * * * * E"
2018-03-08,1,18-0358,approve development agreement,"206 6th Avenue, LLC",Midland Building,206 6th Avenue,4000000.0,39700000.0,withdrawn,6-1,medium,,https://councildocs.dsm.city/communications/2018/18-097.pdf,
2018-03-08,1,18-0359,approve development agreement,"Rowat Lofts, LLC",Rowat Lofts,Between SE 6th and SE 7th Streets,,,,,low,figure_not_in_source,https://councildocs.dsm.city/agendas/ag20180308.pdf,
2018-03-08,1,18-0418,amend agreement,IEC Hotel Corporation,Iowa Events Center (IEC) Hilton Hotel,5th & Park Streets,14200000.0,101000000.0,,,medium,,https://councildocs.dsm.city/communications/2018/18-122.pdf,
2018-03-08,2,18-0341,,,,,,,,6-1,,tier2_screen_only;tax abatement,https://councildocs.dsm.city/agendas/ag20180308.pdf,12. Approving tax abatement applications for the additional value added by improvements completed during 2017 (220 applications). (Council Communication No. 18-100) BOARDS/COMMISSIONS/NEIGHBORHOODS
2018-03-08,2,18-0355,,,,,,,,6-1,,tier2_screen_only;urban renewal,https://councildocs.dsm.city/agendas/ag20180308.pdf,"26. On proposed Tenth Amendment to the Urban Renewal Plan for the SE Agribusiness Urban Renewal Area, (4-9-18). (Council Communication No. 18-096) CITY MANAGER COMMUNICATIONS"
2018-03-08,2,18-0378,,,,,,,,6-1,,tier2_screen_only;municipal housing,https://councildocs.dsm.city/agendas/ag20180308.pdf,"46. Authorizing Finance Director to draw checks on registers for the weeks of March 5 and 12, 2018; to draw checks for the bills of the Des Moines Municipal Housing Agency for the weeks of March 5 and 12, 2018; and to draw checks for biweekly payroll due on March 16, 2018. ORDINANCES - SECOND CONSID"
2018-03-19,2,18-0445,,,,,,,,7-0,,tier2_screen_only;tax abatement,https://councildocs.dsm.city/agendas/ag20180319.pdf,14. Approving tax abatement applications for the additional value added by improvements completed during 2017 (14 applications). (Council Communication No. 18-127) BOARDS/COMMISSIONS/NEIGHBORHOODS
2018-03-19,2,18-0477,,,,,,,,6-0,,tier2_screen_only;urban renewal,https://councildocs.dsm.city/agendas/ag20180319.pdf,"42. Extension of timelines in the urban renewal agreement for sale of land for private redevelopment with 5th and Walnut Parking, LLC regarding the redevelopment of the Fifth and Walnut parking garage site. (Council Communication No. 18-123)"
2018-03-19,2,18-0494,,,,,,,,7-0,,tier2_screen_only;municipal housing,https://councildocs.dsm.city/agendas/ag20180319.pdf,"53. Authorizing Finance Director to draw checks on registers for the weeks of March 19 and 26, 2018; to draw checks for the bills of the Des Moines Municipal Housing Agency for the weeks of March 19 and 26, 2018; and to draw checks for biweekly payroll due on March 30, 2018. ORDINANCES - FINAL CONSI"
2018-04-09,2,18-0559,,,,,,,,7-0,,tier2_screen_only;tax abatement,https://councildocs.dsm.city/agendas/ag20180409.pdf,16. Approving tax abatement applications for the additional value added by improvements completed during 2017 (2 applications). (Council Communication No. 18-158)
2018-04-09,2,18-0584,,,,,,,,7-0,,tier2_screen_only;urban renewal,https://councildocs.dsm.city/agendas/ag20180409.pdf,"38. Ratifying final loan agreements and amending Roll Call Number 18-0419 in conjunction with Urban Renewal Revenue Capital Loan Notes, Series 2018."
2018-04-09,2,18-0601,,,,,,,,7-0,,tier2_screen_only;municipal housing,https://councildocs.dsm.city/agendas/ag20180409.pdf,"44. Authorizing Finance Director to draw checks on registers for the weeks of April 2, 9 and 16, 2018; to draw checks for the bills of the Des Moines Municipal Housing Agency for the weeks of April 2, 9 and 16, 2018; and to draw checks for biweekly payroll due on April 13, 2018. ORDINANCES - FINAL C"
2018-04-09,2,18-0627,,,,,,,,7-0,,tier2_screen_only;urban renewal,https://councildocs.dsm.city/agendas/ag20180409.pdf,59. On proposed Tenth Amendment to the Urban Renewal Plan for the SE Agribusiness Urban Renewal Area. (Council Communication No. 18-165)
2018-04-09,2,18-0628,,,,,,,,7-0,,tier2_screen_only;urban renewal,https://councildocs.dsm.city/agendas/ag20180409.pdf,60. On proposed Twenty-Second Amendment to the Metro Center Urban Renewal Plan. (Council Communication No. 18-164)
2018-04-23,1,18-0695,other,"Indigo Dawn, LLC",,1601 6th Avenue,,,approved,7-0,high,,https://councildocs.dsm.city/communications/2018/18-195.pdf,
2018-04-23,1,18-0696,other,"50th and Douglas, LLC",Owner-occupied infill townhome project (3800 block of 50th Street),3800 block of 50th Street,,4100000.0,approved,7-0,high,,https://councildocs.dsm.city/communications/2018/18-214.pdf,
2018-04-23,1,18-0697,other,"Orton Development Company, LLC",Parkway Lofts,215 SW 9th Street,,13500000.0,,,medium,,https://councildocs.dsm.city/communications/2018/18-215.pdf,
2018-04-23,1,18-0700,approve development agreement,"RE3, LLC",440 E. Grand Avenue historic renovation (mixed-use),440 E. Grand Avenue,,,withdrawn,7-0,low,figure_not_in_source,https://councildocs.dsm.city/minutes/as20180423.pdf,
2018-04-23,1,18-0701,approve development agreement,"Rowat Lofts, LLC",Rowat Lofts,110 SE 7th Street,3090000.0,27100000.0,,,medium,,https://councildocs.dsm.city/communications/2018/18-213.pdf,
2018-04-23,2,18-0702,,,,,,,,7-0,,tier2_screen_only;urban renewal,https://councildocs.dsm.city/agendas/ag20180423.pdf,"37. First Amendment to Urban Renewal Agreement for Sale of Land for Private Redevelopment with 101 East Grand Parking, LLC, for the multi-phased redevelopment of the block east of City Hall, and approving a conceptual development plan for the proposed new building at 111 E. Grand Avenue. (Council Co"
2018-04-23,2,18-0713,,,,,,,,7-0,,tier2_screen_only;municipal housing,https://councildocs.dsm.city/agendas/ag20180423.pdf,"46. Authorizing Finance Director to draw checks on registers for the weeks of April 23 and 30, 2018; to draw checks for the bills of the Des Moines Municipal Housing Agency for the weeks of April 23 and 30, 2018; and to draw checks for biweekly payroll due on April 27, 2018. ORDINANCES - SECOND CONS"
2018-05-07,1,18-0772,amend agreement,"Kemin Industries, Inc. and Kemin Holdings, L.C.",Kemin World-wide Campus expansion,vicinity of 1900 Scott Avenue and 2100 Maury Street,,,approved,6-1,high,,https://councildocs.dsm.city/communications/2018/18-237.pdf,
2018-05-07,1,18-0773,amend agreement,"Janssen Lodging, L.L.C.",Hotel Fort Des Moines (historic rehabilitation),1000 Walnut Street,,,approved,6-1,medium,,https://councildocs.dsm.city/communications/2018/18-239.pdf,
2018-05-07,2,18-0784,,,,,,,,6-1,,tier2_screen_only;municipal housing,https://councildocs.dsm.city/agendas/ag20180507.pdf,"33. Authorizing Finance Director to draw checks on registers for the weeks of May 7 and 14, 2018; to draw checks for the bills of the Des Moines Municipal Housing Agency for the weeks of May 7 and 14, 2018; and to draw checks for biweekly payroll due on May 11, 2018. ORDINANCES - FINAL CONSIDERATION"
2018-05-21,1,18-0886,approve development agreement,"KOK Vermont Street, LLC",1300-1350 Vermont Street high-cube warehouse,1300-1350 Vermont Street,,13900000.0,approved,7-0,high,,https://councildocs.dsm.city/communications/2018/18-257.pdf,
2018-05-21,1,18-0887,approve development agreement,"207 Crocker, LLC",207 Crocker hotel (Fairfield Inn and Suites by Marriott),207 Crocker Street,1400000.0,10800000.0,approved,7-0,high,,https://councildocs.dsm.city/communications/2018/18-258.pdf,
2018-05-21,1,"18-0925, 18-0926",resolution of intent,Employers Mutual Casualty Company (EMC),EMC corporate headquarters expansion,701 Walnut Street,3500000.0,,approved,6-1,medium,,https://councildocs.dsm.city/communications/2018/18-254.pdf,
2018-05-21,2,18-0891,,,,,,,,7-0,,tier2_screen_only;tax abatement,https://councildocs.dsm.city/agendas/ag20180521.pdf,"48. Release of restrictive covenants limiting the use of tax abatement in Airport Business Park, Airport Commerce Park South and Airport Crossroads. (Council Communication No. 18-256)"
2018-05-21,2,18-0911,,,,,,,,7-0,,tier2_screen_only;municipal housing,https://councildocs.dsm.city/agendas/ag20180521.pdf,"59. Authorizing Finance Director to draw checks on registers for the weeks of May 21, May 28 and June 4, 2018; to draw checks for the bills of the Des Moines Municipal Housing Agency for the weeks of May 21, May 28 and June 4, 2018; and to draw checks for biweekly payroll due on May 25 and June 8, 2"
2018-06-11,1,18-0988,set public hearing,Des Moines Area Metropolitan Planning Organization (MPO),Des Moines Transloading Facility,200 Southeast 15th Street,,,hearing set,7-0,medium,,https://councildocs.dsm.city/communications/2018/18-307.pdf,
2018-06-11,2,18-1010,,,,,,,,7-0,,tier2_screen_only;municipal housing,https://councildocs.dsm.city/minutes/as20180611.pdf,"18-1010 51. Authorizing Finance Director to draw checks on registers for the weeks of June 11 and June 18, 2018; to draw checks for the bills of the Des Moines Municipal Housing Agency for the weeks of June 11 and June 18, 2018; and to draw checks for biweekly payroll due on June 22, 2018. Moved by "
2018-06-11,2,18-1016,,,,,,,,7-0,,tier2_screen_only;urban renewal,https://councildocs.dsm.city/minutes/as20180611.pdf,"18-1016 56. Accepting Development Proposal from Nelson Development 1, LLC, to purchase and develop City-owned property at 418 E. Grand Avenue in the Metro Center Urban Renewal Area, and setting date of public hearing, (7-23-18). (Council Communication No. 18-294) Moved by Gatto to adopt. Motion Carr"
2018-07-09,1,18-1160,approve development agreement,"The Printer, Inc. and Lucky Star III, LLC",,,,,withdrawn,7-0,low,figure_not_in_source,https://councildocs.dsm.city/minutes/as20180709.pdf,
2018-07-09,1,18-1161,other,"Indigo Dawn, LLC",Housing redevelopment at 1124 13th Street and 1311 Laurel Street,1124 13th Street and 1311 Laurel Street,,,,,medium,,https://councildocs.dsm.city/communications/2018/18-346.pdf,
2018-07-09,1,18-1165,amend agreement,Jeffrey Stewart,832 24th Street single-family home,832 24th Street,,,approved,7-0,high,,https://councildocs.dsm.city/communications/2018/18-347.pdf,
2018-07-09,2,18-1173,,,,,,,,7-0,,tier2_screen_only;municipal housing,https://councildocs.dsm.city/minutes/as20180709.pdf,"18-1173 34. Authorizing Finance Director to draw checks on registers for the weeks of July 9 and 16, 2018; to draw checks for the bills of the Des Moines Municipal Housing Agency for the weeks of July 9 and 16, 2018; and to draw checks for biweekly payroll due on July 20, 2018. Moved by Gatto to ado"
2018-07-09,2,18-1182,,,,,,,,7-0,,tier2_screen_only;fee waiver,https://councildocs.dsm.city/minutes/as20180709.pdf,18-1182 40. Request from Council Member Coleman to discuss development of an updated policy regarding charges from the City to the County and School District for building projects and other community improvement projects – specifically consideration of a fee waiver for jurisdictions that serve the s
2018-07-23,1,18-1255,amend agreement,"RE3, LLC",440 E. Grand Avenue (commercial development),440 East Grand Avenue,,,approved,7-0,medium,,https://councildocs.dsm.city/communications/2018/18-376.pdf,
2018-07-23,1,18-1258,other,"Indigo Dawn, LLC",Four-unit scattered-site housing rehabilitation,"1124 13th Street, 1311 Laurel Street, and 1345 7th Street",,1060000.0,approved,7-0,high,,https://councildocs.dsm.city/communications/2018/18-393.pdf,
2018-07-23,1,"18-1295, 18-1296",approve development agreement,"Nelson Development 1, LLC",418 E. Grand Avenue mixed-use development and parking structure,418 East Grand Avenue,,35800000.0,approved,7-0,medium,,https://councildocs.dsm.city/communications/2018/18-379.pdf,
2018-07-23,2,18-1242,,,,,,,,7-0,,tier2_screen_only;urban renewal,https://councildocs.dsm.city/minutes/as20180723.pdf,"18-1242 19. On proposed Fifth Amendment to the Urban Renewal Plan for the Southside Economic Development District Urban Renewal Area, (9-10-18). (Council Communication No. 18- 380) Moved by Gatto to adopt. Motion Carried 7-0."
2018-07-23,2,18-1243,,,,,,,,7-0,,tier2_screen_only;urban renewal,https://councildocs.dsm.city/minutes/as20180723.pdf,"18-1243 20. On proposed Eleventh Amendment to the Urban Renewal Plan for the SE Agribusiness Urban Renewal Area, (9-10-18). (Council Communication No. 18-380) Moved by Gatto to adopt. Motion Carried 7-0."
2018-07-23,2,18-1246,,,,,,,,7-0,,tier2_screen_only;urban renewal,https://councildocs.dsm.city/minutes/as20180723.pdf,"18-1246 23. On proposed First Amendment to the Urban Renewal Plan for the NE Economic Development District Urban Renewal Area, (9-10-18). (Council Communication No. 18- 380) Moved by Gatto to adopt. Motion Carried 7-0. 18-1247 (A) Resolution to authorize voluntary acquisition for property at 4144 Hu"
2018-07-23,2,18-1270,,,,,,,,7-0,,tier2_screen_only;tax exemption,https://councildocs.dsm.city/minutes/as20180723.pdf,"18-1270 38-II Authorizing and providing for the issuance and securing the payment of $43,620,000 Stormwater Management Utility Revenue Capital Loan Notes, Series 2018C, of the City of Des Moines, State of Iowa, under the provisions of the City Code of Iowa, and providing for a method of payment of t"
2018-07-23,2,18-1271,,,,,,,,7-0,,tier2_screen_only;tax exemption,https://councildocs.dsm.city/minutes/as20180723.pdf,"18-1271 38-III Amending the “Resolution authorizing the issuance of $47,290,000 General Obligation Bonds, Series 2018B, and levying a tax for the payment thereof”, passed and approved on March 8, 2018, by substituting a new resolution therefor, approving and authorizing the issuance of $45,640,000 G"
2018-07-23,2,18-1276,,,,,,,,7-0,,tier2_screen_only;municipal housing,https://councildocs.dsm.city/minutes/as20180723.pdf,"18-1276 41. Authorizing Finance Director to draw checks on registers for the weeks of July 23 and 30, 2018; to draw checks for the bills of the Des Moines Municipal Housing Agency for the weeks of July 23 and 30, 2018; and to draw checks for biweekly payroll due August 3, 2018. Moved by Gatto to ado"
2018-08-06,1,18-1341,amend agreement,"SG16, LLC",,,,,approved,7-0,low,figure_not_in_source,https://councildocs.dsm.city/agendas/ag20180806.pdf,
2018-08-06,2,18-1334,,,,,,,,7-0,,tier2_screen_only;urban renewal,https://councildocs.dsm.city/agendas/ag20180806.pdf,"24. On proposed Third Amendment to the Urban Renewal Plan for the Ingersoll-Grand Commercial Urban Renewal Area, (9-10-18). (Council Communication No. 18-411)"
2018-08-06,2,18-1335,,,,,,,,7-0,,tier2_screen_only;urban renewal,https://councildocs.dsm.city/agendas/ag20180806.pdf,"25. On the proposed First Amendment to the Urban Renewal Plan for the NE Economic Development District Urban Renewal Area (amends and corrects action taken under Roll Call 18-1246 passed July 23, 2018), (9-10-18). (Council Communication No. 18-413)"
2018-08-06,2,18-1349,,,,,,,,7-0,,tier2_screen_only;municipal housing,https://councildocs.dsm.city/agendas/ag20180806.pdf,"36. Authorizing Finance Director to draw checks on registers for the weeks of August 6 and 13, 2018; to draw checks for the bills of the Des Moines Municipal Housing Agency for the weeks of August 6 and 13, 2018; and to draw checks for biweekly payroll due August 17, 2018. ORDINANCES - SECOND CONSID"
2018-08-20,2,18-1424,,,,,,,,7-0,,tier2_screen_only;municipal housing,https://councildocs.dsm.city/agendas/ag20180820.pdf,"35. Authorizing Finance Director to draw checks on registers for the weeks of August 20, August 27 and September 3, 2018; to draw checks for the bills of the Des Moines Municipal Housing Agency for the weeks of August 20, August 27 and September 3, 2018; and to draw checks for biweekly payroll due A"
2018-09-10,1,"18-1521, 18-1522",amend agreement,,418 E. Grand Avenue development,418 E. Grand Avenue,,,approved,7-0,low,,https://councildocs.dsm.city/agendas/ag20180910.pdf,
2018-09-10,1,18-1544,approve development agreement,"Des Moines Griffin Building, LLC",Griffin Building historic renovation (mixed-use),319 7th Street,1600000.0,12400000.0,approved,7-0,high,,https://councildocs.dsm.city/communications/2018/18-441.pdf,
2018-09-10,2,18-1506,,,,,,,,7-0,,tier2_screen_only;urban renewal,https://councildocs.dsm.city/agendas/ag20180910.pdf,"23. On the proposed First Amendment to the Urban Renewal Plan for the Forest Avenue Urban Renewal Area, (10-22-18). (Council Communication No. 18-449)"
2018-09-10,2,18-1507,,,,,,,,7-0,,tier2_screen_only;urban renewal,https://councildocs.dsm.city/agendas/ag20180910.pdf,"24. On the proposed 23rd Amendment to the Metro Center Urban Renewal Plan, (10-22-18). (Council Communication No. 18-439) LEGAL DEPARTMENT - CLAIM SETTLEMENTS & BILLINGS"
2018-09-10,2,18-1545,,,,,,,,6-0,,tier2_screen_only;urban renewal,https://councildocs.dsm.city/agendas/ag20180910.pdf,51. Amended and Restated Urban Renewal Agreement with 5th and Walnut Parking LLC regarding the sale and redevelopment of the Fifth and Walnut Parking Garage at 422 Walnut Street. (Council Communication No. 18-464)
2018-09-10,2,18-1547,,,,,,,,7-0,,tier2_screen_only;urban renewal,https://councildocs.dsm.city/agendas/ag20180910.pdf,53. On proposed Third Amendment to the Urban Renewal Plan for the Ingersoll-Grand Commercial Urban Renewal Area. (Council Communication No. 18-440)
2018-09-10,2,18-1548,,,,,,,,7-0,,tier2_screen_only;urban renewal,https://councildocs.dsm.city/agendas/ag20180910.pdf,"54. On proposed First Amendment to the Urban Renewal Plan for the NE Economic Development District Urban Renewal Area, hereafter to be known as the NE Hubbell Urban Renewal Area. (A) First consideration of ordinance above. (B) Final consideration of ordinance above (waiver requested by the Economic "
2018-09-10,2,18-1551,,,,,,,,7-0,,tier2_screen_only;urban renewal,https://councildocs.dsm.city/agendas/ag20180910.pdf,55. On proposed Eleventh Amendment to the Urban Renewal Plan for the SE Agribusiness Urban Renewal Area. (Council Communication No. 18-448)
2018-09-10,2,18-1552,,,,,,,,7-0,,tier2_screen_only;urban renewal,https://councildocs.dsm.city/agendas/ag20180910.pdf,56. Dismissing the public hearing on proposed Fifth Amendment to the Urban Renewal Plan for the Southside Economic Development District Urban Renewal Area.
2018-09-24,1,18-1576,resolution of intent,"Bell Avenue Properties, Inc.",Waldinger Corporation office and production building,4701 block of SW 63rd Street,1800000.0,21000000.0,approved,7-0,medium,,https://councildocs.dsm.city/communications/2018/18-476.pdf,
2018-09-24,2,18-1600,,,,,,,,7-0,,tier2_screen_only;municipal housing,https://councildocs.dsm.city/agendas/ag20180924.pdf,"34. Authorizing Finance Director to draw checks on registers for the weeks of September 24 and October 1, 2018; to draw checks for the bills of the Des Moines Municipal Housing Agency for the weeks of September 24 and October 1, 2018; and to draw checks for biweekly payroll due September 28, 2018. *"
2018-09-24,2,40,,,,,,,,7-0,,tier2_screen_only;tax exemption,https://councildocs.dsm.city/agendas/ag20180924.pdf,"40. A form of loan and disbursement with the Iowa Finance Authority (IFA), and authorizing and providing for the issuance and securing the payment of and providing for a method of payment of said notes, and approving the form of tax exemption certificate for the following: (Council Communication No."
2018-10-08,2,18-1660,,,,,,,,7-0,,tier2_screen_only;tax abatement,https://councildocs.dsm.city/agendas/ag20181008.pdf,11. Approving tax abatement applications for the additional value added by improvements completed during 2017 and 2018 (128 applications). (Council Communication No. 18-508) COMMUNICATIONS FROM PLANNING AND ZONING
2018-10-08,2,18-1681,,,,,,,,7-0,,tier2_screen_only;municipal housing,https://councildocs.dsm.city/agendas/ag20181008.pdf,"30. Authorizing Finance Director to draw checks on registers for the weeks of October 8 and October 15, 2018; to draw checks for the bills of the Des Moines Municipal Housing Agency for the weeks of October 8 and October 15, 2018; and to draw checks for biweekly payroll due October 12, 2018. * * * *"
2018-10-22,1,18-1758,amend agreement,"206 6th Avenue, LLC",Midland Building hotel conversion,206 6th Avenue,,,approved,7-0,medium,,https://councildocs.dsm.city/communications/2018/18-518.pdf,
2018-10-22,1,18-1798,ordinance,,Southwest Gateway Urban Renewal Plan / TIF district (Waldinger-Bell Avenue project),"45.5 acres north of SW McKinley Avenue, east of SW 63rd Street",,,approved,7-0,medium,,https://councildocs.dsm.city/communications/2018/18-514.pdf,
2018-10-22,1,18-1801,other,,Forest Avenue Urban Renewal Plan 1st Amendment (NDC Multi-Family Project),"5 parcels / 2.3 acres, Forest Avenue Urban Renewal Area",,,approved,7-0,medium,,https://councildocs.dsm.city/communications/2018/18-513.pdf,
2018-10-22,2,18-1757,,,,,,,,7-0,,tier2_screen_only;urban renewal,https://councildocs.dsm.city/agendas/ag20181022.pdf,29. Release of urban renewal restrictions and covenants imposed on properties in the 900 and 1200 blocks of Keosauqua Way.
2018-10-22,2,18-1773,,,,,,,,,,tier2_screen_only;municipal housing,https://councildocs.dsm.city/agendas/ag20181022.pdf,"39. Authorizing Finance Director to draw checks on registers for the weeks of October 22 and October 29, 2018; to draw checks for the bills of the Des Moines Municipal Housing Agency for the weeks of October 22 and October 29, 2018; and to draw checks for biweekly payroll due October 26, 2018. * * *"
2018-10-22,2,18-1802,,,,,,,,7-0,,tier2_screen_only;urban renewal,https://councildocs.dsm.city/agendas/ag20181022.pdf,56. On the proposed 23rd Amendment to the Metro Center Urban Renewal Plan. (Council Communication No. 18-515)
2018-11-05,1,18-1858,resolution of intent,"Riverpoint West, L.L.C.",Gray's Landing Project,Gray's Landing area (SW 9th to SW 11th Street),2800000.0,,approved,7-0,medium,,https://councildocs.dsm.city/communications/2018/18-554.pdf,
2018-11-05,1,18-1859,resolution of intent,"HRC NFS 1, L.L.C. and Hubbell Realty Company",Gray's Station Project (First Amendment),"Gray's Station area, south of Martin Luther King Jr. Parkway and north of the Raccoon River",14070938.0,260000000.0,approved,7-0,high,,https://councildocs.dsm.city/communications/2018/18-556.pdf,
2018-11-19,1,42,other,,Annual Urban Renewal Report (AURR) and TIF Certification FY2019-2020,,,,approved,6-1,low,not_incentive_related,https://councildocs.dsm.city/communications/2018/18-605.pdf,
2018-11-19,1,18-1938,resolution of intent,Nelson Development,Home2 Suites hotel/retail building,"University Avenue, between 26th and 27th Street, across from Drake University",3100000.0,27000000.0,approved,7-0,high,,https://councildocs.dsm.city/communications/2018/18-606.pdf,
2018-11-19,2,18-1914,,,,,,,,7-0,,tier2_screen_only;urban renewal,https://councildocs.dsm.city/agendas/ag20181119.pdf,27. Release of urban renewal restrictions and covenants imposed on property located at 35 Clark Street.
2018-11-19,2,18-1924,,,,,,,,7-0,,tier2_screen_only;municipal housing,https://councildocs.dsm.city/agendas/ag20181119.pdf,"34. Authorizing Finance Director to draw checks on registers for the weeks of November 19 and 26, 2018; to draw checks for the bills of the Des Moines Municipal Housing Agency for the weeks of November 19 and 26, 2018; and to draw checks for biweekly payroll due November 23, 2018. ORDINANCES - SECON"
2018-12-03,2,18-1991,,,,,,,,7-0,,tier2_screen_only;urban renewal,https://councildocs.dsm.city/agendas/ag20181203.pdf,"22. On the proposed Urban Renewal Plan for the Drake Urban Renewal Area, (1-14-19). (Council Communication No. 18-648) LEGAL DEPARTMENT - CLAIM SETTLEMENTS & BILLINGS"
2018-12-03,2,18-2000,,,,,,,,7-0,,tier2_screen_only;municipal housing,https://councildocs.dsm.city/agendas/ag20181203.pdf,"31. Authorizing Finance Director to draw checks on registers for the weeks of December 3 and 10, 2018; to draw checks for the bills of the Des Moines Municipal Housing Agency for the weeks of December 3 and 10, 2018; and to draw checks for biweekly payroll due December 7, 2018. ORDINANCES - FINAL CO"
2018-12-17,1,18-2090,resolution of intent,"Swaps Cash, LLC",Element Hotel project,304 E. Walnut Street,3200000.0,22700000.0,,,medium,,https://councildocs.dsm.city/communications/2018/18-681.pdf,
2018-12-17,2,18-2056,,,,,,,,7-0,,tier2_screen_only;tax abatement,https://councildocs.dsm.city/agendas/ag20181217.pdf,20. Approving tax abatement applications for the additional value added by improvements completed during 2018 (119 applications). (Council Communication No. 18-661)
2018-12-17,2,18-2096,,,,,,,,7-0,,tier2_screen_only;municipal housing,https://councildocs.dsm.city/agendas/ag20181217.pdf,"51. Authorizing Finance Director to draw checks on registers for the weeks of December 17, 24 and 31, 2018 and January 7, 2019; to draw checks for the bills of the Des Moines Municipal Housing Agency for the weeks of December 17, 24 and 31, 2018 and January 7, 2019; and to draw checks for biweekly p"
2019-01-14,1,19-0049,other,,,317 and 322 E. Court Avenue,,,,,low,not_incentive_related,https://councildocs.dsm.city/agendas/ag20190114.pdf,
2019-01-14,1,19-0073,amend agreement,"River Point West, LLC (and HRC NFS I, LLC)",Gray's Landing Project,south of Martin Luther King Jr. Parkway and west of SW 9th Street,2800000.0,215050000.0,approved,7-0,high,,https://councildocs.dsm.city/communications/2019/19-022.pdf,
2019-01-14,1,19-0074,approve development agreement,"Market District One, LLC",Connolly Lofts (57-unit senior housing),401 SE 6th Street and 400 SE 7th Street,228000.0,10700000.0,approved,7-0,high,,https://councildocs.dsm.city/communications/2019/19-005.pdf,
2019-01-14,1,19-0085,ordinance,,Drake Urban Renewal Plan / TIF District,University Avenue near Drake University (10.2 acres),,,approved,7-0,medium,,https://councildocs.dsm.city/communications/2019/19-006.pdf,
2019-01-14,2,19-0062,,,,,,,,,,tier2_screen_only;municipal housing,https://councildocs.dsm.city/agendas/ag20190114.pdf,"41. Authorizing Finance Director to draw checks on registers for the weeks of January 14 and January 21, 2019; to draw checks for the bills of the Des Moines Municipal Housing Agency for the weeks of January 14 and January 21, 2019; and to draw checks for biweekly payroll due January 18, 2019. * * *"
2019-01-28,1,19-0132,approve development agreement,"Nelson Development, LLC",Home2 Suites hotel/retail building,"University Avenue, between 26th and 27th Street, across from Drake University",3100000.0,27000000.0,approved,7-0,high,,https://councildocs.dsm.city/communications/2019/19-046.pdf,
2019-01-28,1,19-0135,resolution of intent,"PDM Precast, Inc.",PDM Precast steel fabrication plant expansion,3500 Vandalia Road,,,approved,7-0,medium,,https://councildocs.dsm.city/communications/2019/19-032.pdf,
2019-01-28,1,19-0151,resolution of intent,"Merle Hay Investors, LLC",Merle Hay Mall rehabilitation & Sears site redevelopment,"Merle Hay Mall, Merle Hay Road and Douglas Avenue",4800000.0,,approved,6-1,high,,https://councildocs.dsm.city/communications/2019/19-038.pdf,
2019-01-28,2,19-0123,,,,,,,,7-0,,tier2_screen_only;tax abatement,https://councildocs.dsm.city/agendas/ag20190128.pdf,15. Approving tax abatement applications for the additional value added by improvements completed during 2018 (74 applications). (Council Communication No. 19-028)
2019-01-28,2,19-0147,,,,,,,,,,tier2_screen_only;municipal housing,https://councildocs.dsm.city/agendas/ag20190128.pdf,"36. Authorizing Finance Director to draw checks on registers for the weeks of January 28 and February 4, 2019; to draw checks for the bills of the Des Moines Municipal Housing Agency for the weeks of January 28 and February 4, 2019; and to draw checks for biweekly payroll due February 1, 2019. ORDIN"
2019-02-11,1,19-0211,amend agreement,"Market District One, LLC",Connolly Lofts (57-unit senior housing),401 SE 6th Street and 400 SE 7th Street,,10700000.0,approved,7-0,high,,https://councildocs.dsm.city/communications/2019/19-062.pdf,
2019-02-11,2,19-0198,,,,,,,,6-0,,tier2_screen_only;tax abatement,https://councildocs.dsm.city/agendas/ag20190211.pdf,14. Approving applications for tax abatement on improvements made to the sites of the new parking garage at 215 5th Avenue and the new theater building at 475 Court Avenue. SETTING DATE OF HEARINGS
2019-02-11,2,19-0203,,,,,,,,7-0,,tier2_screen_only;urban renewal,https://councildocs.dsm.city/agendas/ag20190211.pdf,"19. On the proposed First Amendment to the Southwest Gateway Urban Renewal Plan, (3- 11-19). (Council Communication No. 19-063)"
2019-02-11,2,19-0204,,,,,,,,7-0,,tier2_screen_only;urban renewal,https://councildocs.dsm.city/agendas/ag20190211.pdf,"20. On proposed Second Amendment to the Urban Renewal Plan for the Merle Hay Commercial Area Urban Renewal Area, (3-11-19). (Council Communication No. 19-061)"
2019-02-25,2,19-0273,,,,,,,,7-0,,tier2_screen_only;tax abatement,https://councildocs.dsm.city/agendas/ag20190225.pdf,12. Approving tax abatement applications for the additional value added by improvements completed during 2018 (172 applications). (Council Communication No. 19-078) BOARDS/COMMISSIONS/NEIGHBORHOODS
2019-02-25,2,19-0299,,,,,,,,7-0,,tier2_screen_only;municipal housing,https://councildocs.dsm.city/agendas/ag20190225.pdf,"37. Authorizing Finance Director to draw checks on registers for the weeks of February 25 and March 4, 2019; to draw checks for the bills of the Des Moines Municipal Housing Agency for the weeks of February 25 and March 4, 2019; and to draw checks for biweekly payroll due March 1, 2019. * * * * * * "
2019-03-11,2,19-0354,,,,,,,,6-1,,tier2_screen_only;tax abatement,https://councildocs.dsm.city/agendas/ag20190311.pdf,16. Approving tax abatement application for 121 12th Street on the additional value added by improvements completed during 2018. (Council Communication No. 19-096) BOARDS/COMMISSIONS/NEIGHBORHOODS
2019-03-11,2,19-0384,,,,,,,,6-1,,tier2_screen_only;municipal housing,https://councildocs.dsm.city/agendas/ag20190311.pdf,"39. Authorizing Finance Director to draw checks on registers for the weeks of March 11 and March 18, 2019; to draw checks for the bills of the Des Moines Municipal Housing Agency for the weeks of March 11 and March 18, 2019; and to draw checks for biweekly payroll due March 15, 2019. * * * * * * * *"
2019-03-11,2,19-0413,,,,,,,,7-0,,tier2_screen_only;urban renewal,https://councildocs.dsm.city/agendas/ag20190311.pdf,59. On the proposed First Amendment to the Southwest Gateway Urban Renewal Plan. (Council Communication No. 19-109)
2019-03-11,2,19-0414,,,,,,,,7-0,,tier2_screen_only;urban renewal,https://councildocs.dsm.city/agendas/ag20190311.pdf,60. On proposed Second Amendment to the Urban Renewal Plan for the Merle Hay Commercial Area Urban Renewal Area. (Council Communication No. 19-107)
2019-03-25,1,19-0478,resolution of intent,"JR Partners, LLC (Tim Rypma, Jeremy Cotright, and Paul Cownie, Members)",,,,,,,low,figure_not_in_source,https://councildocs.dsm.city/agendas/ag20190325.pdf,
2019-03-25,1,19-0479,approve development agreement,"Merle Hay Investors, LLC",Merle Hay Mall rehabilitation & Sears site redevelopment,"Merle Hay Mall, Merle Hay Road and Douglas Avenue",4800000.0,,approved,7-0,high,,https://councildocs.dsm.city/communications/2019/19-140.pdf,
2019-03-25,1,19-0480,approve development agreement,"Bell Avenue Properties, Inc. (The Waldinger Corporation)",Waldinger Corporation Office Headquarters and Production Facility,4701 block of SW 63rd Street at McKinley Avenue and Veteran's Parkway,2300000.0,32000000.0,approved,7-0,high,figure_not_in_source,https://councildocs.dsm.city/communications/2019/19-119.pdf,
2019-03-25,1,19-0481,amend agreement,"Wells Fargo Properties, Inc.",Eighth and Mulberry Parking / Wells Fargo redevelopment,"Eighth and Mulberry, Des Moines",,,approved,7-0,low,figure_not_in_source,https://councildocs.dsm.city/agendas/ag20190325.pdf,
2019-03-25,2,19-0462,,,,,,,,7-0,,tier2_screen_only;tax abatement,https://councildocs.dsm.city/agendas/ag20190325.pdf,14. Approving tax abatement applications for the additional value added by improvements completed during 2018 (10 applications). (Council Communication No. 19-114) BOARDS/COMMISSIONS/NEIGHBORHOODS
2019-03-25,2,19-0488,,,,,,,,7-0,,tier2_screen_only;municipal housing,https://councildocs.dsm.city/agendas/ag20190325.pdf,"38. Authorizing Finance Director to draw checks on registers for the weeks of March 25 and April 1, 2019; to draw checks for the bills of the Des Moines Municipal Housing Agency for the weeks of March 25 and April 1, 2019; and to draw checks for biweekly payroll due March 29, 2019. ORDINANCES - SECO"
2019-04-08,1,19-0555,other,"Southridge Apartments, L.P. (affiliate of TWG Development, LLC; Samuel Rogers)",Southridge Apartments,7100 block of SE 5th Street,,42000000.0,approved,7-0,medium,,https://councildocs.dsm.city/communications/2019/19-164.pdf,
2019-04-08,1,19-0557,resolution of intent,"Swaps Cash, LLC",Element Hotel project,304 East Walnut Street,2000000.0,22700000.0,approved,6-1,high,,https://councildocs.dsm.city/communications/2019/19-166.pdf,
2019-04-08,2,19-0549,,,,,,,,7-0,,tier2_screen_only;urban renewal,https://councildocs.dsm.city/agendas/ag20190408.pdf,"19. On the proposed Fourth Amendment to the Urban Renewal Plan for the Ingersoll-Grand Commercial Urban Renewal Area, (5-6-19). (Council Communication No. 19-162)"
2019-04-08,2,19-0550,,,,,,,,7-0,,tier2_screen_only;urban renewal,https://councildocs.dsm.city/agendas/ag20190408.pdf,"20. On the proposed Twenty-Fourth Amendment to the Metro Center Urban Renewal Plan, (5-6-19). (Council Communication No. 19-163)"
2019-04-08,2,19-0573,,,,,,,,7-0,,tier2_screen_only;municipal housing,https://councildocs.dsm.city/agendas/ag20190408.pdf,"37. Authorizing Finance Director to draw checks on registers for the weeks of April 8 and April 15, 2019; to draw checks for the bills of the Des Moines Municipal Housing Agency for the weeks of April 8 and April 15, 2019; and to draw checks for biweekly payroll due April 12, 2019. ORDINANCES - FINA"
2019-04-22,1,19-0641,resolution of intent,"Jarcor, LLC (Benchmark Real Estate Group; Joe Cordaro)",Argonne Apartments Building historic renovation,1723 Grand Avenue,984000.0,7700000.0,approved,7-0,high,,https://councildocs.dsm.city/communications/2019/19-173.pdf,
2019-04-22,2,19-0658,,,,,,,,7-0,,tier2_screen_only;municipal housing,https://councildocs.dsm.city/agendas/ag20190422.pdf,"40. Authorizing Finance Director to draw checks on registers for the weeks of April 22 and April 29, 2019; to draw checks for the bills of the Des Moines Municipal Housing Agency for the weeks of April 22 and April 29, 2019; and to draw checks for biweekly payroll due April 26, 2019. ORDINANCES - SE"
2019-05-06,2,19-0731,,,,,,,,7-0,,tier2_screen_only;municipal housing,https://councildocs.dsm.city/agendas/ag20190506.pdf,"32. Authorizing Finance Director to draw checks on registers for the weeks of May 6 and 13, 2019; to draw checks for the bills of the Des Moines Municipal Housing Agency for the weeks of May 6 and 13, 2019; and to draw checks for biweekly payroll due May 10, 2019. ORDINANCES - SECOND CONSIDERATION"
2019-05-06,2,19-0752,,,,,,,,7-0,,tier2_screen_only;urban renewal,https://councildocs.dsm.city/agendas/ag20190506.pdf,45. On the proposed Twenty-Fourth Amendment to the Metro Center Urban Renewal Plan. (Council Communication No. 19-195)
2019-05-06,2,19-0753,,,,,,,,7-0,,tier2_screen_only;urban renewal,https://councildocs.dsm.city/agendas/ag20190506.pdf,46. On the proposed Fourth Amendment to the Urban Renewal Plan for the Ingersoll-Grand Commercial Urban Renewal Area. (Council Communication No. 19-193)
2019-05-20,1,19-0804,approve development agreement,"Jarcor, LLC (Benchmark Real Estate Group; Joe Cordaro)",Argonne Apartments Building historic renovation,1723 Grand Avenue,984000.0,7700000.0,approved,7-0,high,,https://councildocs.dsm.city/communications/2019/19-216.pdf,
2019-05-20,2,19-0816,,,,,,,,7-0,,tier2_screen_only;municipal housing,https://councildocs.dsm.city/agendas/ag20190520.pdf,"40. Authorizing Finance Director to draw checks on registers for the weeks of May 20 and 27, 2019; to draw checks for the bills of the Des Moines Municipal Housing Agency for the weeks of May 20 and 27, 2019; and to draw checks for biweekly payroll due May 24, 2019. * * * * * * * * * END CONSENT AGE"
2019-06-03,1,19-0897,other,"207 Crocker, LLC",,,,,approved,7-0,low,not_incentive_related,https://councildocs.dsm.city/agendas/ag20190603.pdf,
2019-06-03,2,19-0909,,,,,,,,7-0,,tier2_screen_only;municipal housing,https://councildocs.dsm.city/agendas/ag20190603.pdf,"46. Authorizing Finance Director to draw checks on registers for the weeks of June 3, 10 and 17, 2019; to draw checks for the bills of the Des Moines Municipal Housing Agency for the weeks of June 3, 10 and 17, 2019; and to draw checks for biweekly payroll due June 7 and 21, 2019. ORDINANCES - SECON"
2019-06-24,1,19-1005,other,"Bell Avenue Properties, Inc. (The Waldinger Corporation)",Waldinger Corporation office/production/warehouse facility,SW 63rd Street,,,approved,6-1,low,not_incentive_related,https://councildocs.dsm.city/agendas/ag20190624.pdf,
2019-06-24,2,34,,,,,,,,6-1,,tier2_screen_only;tax exemption,https://councildocs.dsm.city/agendas/ag20190624.pdf,"34. Resolutions to amend Roll Call 19-041, dated March 11, 2019: (A) Approving issuance of $84,815,000 General Obligation Bonds, Series 2019A levying a tax for payment, approving the Tax Exemption Certificate and the Continuing Disclosure Certificate. (B) Approving issuance of $2,405,000 Taxable Gen"
2019-06-24,2,19-1030,,,,,,,,6-1,,tier2_screen_only;municipal housing,https://councildocs.dsm.city/agendas/ag20190624.pdf,"46. Authorizing Finance Director to draw checks on registers for the weeks of June 24, July 1, and July 8, 2019; to draw checks for the bills of the Des Moines Municipal Housing Agency for the weeks of June 24, July 1 and July 8, 2019; and to draw checks for biweekly payroll due July 5, 2019. ORDINA"
2019-07-15,2,19-1123,,,,,,,,,,tier2_screen_only;urban renewal,https://councildocs.dsm.city/agendas/ag20190715.pdf,49. Advance of funds to the Metro Center Urban Renewal Project for the payment of the Phase
2019-07-15,2,19-1133,,,,,,,,7-0,,tier2_screen_only;municipal housing,https://councildocs.dsm.city/agendas/ag20190715.pdf,"53. Authorizing Finance Director to draw checks on registers for the weeks of July 15, July 22, and July 29, 2019; to draw checks for the bills of the Des Moines Municipal Housing Agency for the weeks of July 15, July 22 and July 29, 2019; and to draw checks for biweekly payroll due July 19 and Augu"
2019-08-05,1,19-1222,other,"Jarcor, LLC (Joe Cordaro)",Argonne Apartments Building historic renovation,1723 Grand Avenue,,,approved,7-0,low,not_incentive_related,https://councildocs.dsm.city/agendas/ag20190805.pdf,
2019-08-05,2,19-1193,,,,,,,,7-0,,tier2_screen_only;tax abatement,https://councildocs.dsm.city/agendas/ag20190805.pdf,11. Approving tax abatement application for the additional value added by improvements to the Soll Apartments at 2301 Ingersoll Avenue completed in 2018. (Council Communication No. 19-347) BOARDS/COMMISSIONS/NEIGHBORHOODS
2019-08-05,2,19-1242,,,,,,,,7-0,,tier2_screen_only;municipal housing,https://councildocs.dsm.city/agendas/ag20190805.pdf,"52. Authorizing Finance Director to draw checks on registers for the weeks of August 5 and 12, 2019; to draw checks for the bills of the Des Moines Municipal Housing Agency for the weeks of August 5 and 12, 2019; and to draw checks for biweekly payroll due August 16, 2019. ORDINANCES - SECOND CONSID"
2019-08-19,1,19-1347,approve development agreement,"Swaps Cash, LLC",Element Hotel project,333 East 3rd Street (formerly 304 E. Walnut Street),2000000.0,21500000.0,,,medium,,https://councildocs.dsm.city/communications/2019/19-377.pdf,
2019-08-19,2,19-1336,,,,,,,,7-0,,tier2_screen_only;municipal housing,https://councildocs.dsm.city/agendas/ag20190819.pdf,"37. Authorizing Finance Director to draw checks on registers for the weeks of August 19, 26 and September 3, 2019; to draw checks for the bills of the Des Moines Municipal Housing Agency for the weeks of August 19, 26 and September 3, 2019; and to draw checks for biweekly payroll due August 30, 2019"
2019-09-09,1,"19-1408, 19-1409",amend agreement,"River Point West LLC (George Sherman, President)",Gray's Landing,"Gray's Landing Development, south of Martin Luther King Jr. Parkway and west of SW 9th Street",2800000.0,215050000.0,approved,7-0,medium,disposition_ambiguous_withdrawn,https://councildocs.dsm.city/communications/2019/19-388.pdf,
2019-09-09,1,19-1411,other,Greater Des Moines Partnership,downtown year-around farmers market,,,,approved,7-0,low,figure_not_in_source,https://councildocs.dsm.city/agendas/ag20190909.pdf,
2019-09-09,2,19-1426,,,,,,,,7-0,,tier2_screen_only;municipal housing,https://councildocs.dsm.city/agendas/ag20190909.pdf,"56. Authorizing Finance Director to draw checks on registers for the weeks of September 9 and 16, 2019; to draw checks for the bills of the Des Moines Municipal Housing Agency for the weeks of September 9 and 16, 2019; and to draw checks for biweekly payroll due September 13, 2019. * * * * * * * * *"
2019-09-23,1,19-1502,resolution of intent,"BH 3750 Grand, LLC (Harry Bookey, Developer)",3750 Grand - 8-story residential with ~42 condominiums,3750 Grand Avenue,4313800.0,34700000.0,approved,7-0,high,,https://councildocs.dsm.city/communications/2019/19-417.pdf,
2019-09-23,1,19-1503,resolution of intent,"Terrace Hill 1, LLC (Jake Christensen, Developer)",Terrace Hill - 87-room hotel redevelopment,2525 Grand Avenue and 2515 Grand Avenue,2500000.0,18200000.0,approved,7-0,high,,https://councildocs.dsm.city/communications/2019/19-413.pdf,
2019-09-23,2,19-1491,,,,,,,,7-0,,tier2_screen_only;urban renewal,https://councildocs.dsm.city/agendas/ag20190923.pdf,"22. On the proposed Fifth Amendment to the Urban Renewal Plan for the Ingersoll-Grand Commercial Urban Renewal Area, (11-4-19). (Council Communication No. 19-418)"
2019-09-23,2,19-1492,,,,,,,,7-0,,tier2_screen_only;urban renewal,https://councildocs.dsm.city/agendas/ag20190923.pdf,"23. On the adoption of an Urban Renewal Plan for the 38th and Grand Urban Renewal Area, (11-4-19). (Council Communication No. 19-414)"
2019-09-23,2,19-1493,,,,,,,,7-0,,tier2_screen_only;urban renewal,https://councildocs.dsm.city/agendas/ag20190923.pdf,"24. On the proposed Twenty-Fifth Amendment to the Metro Center Urban Renewal Plan, (11- 4-19). (Council Communication No. 19-420)"
2019-09-23,2,19-1520,,,,,,,,7-0,,tier2_screen_only;municipal housing,https://councildocs.dsm.city/agendas/ag20190923.pdf,"45. Authorizing Finance Director to draw checks on registers for the weeks of September 23, 30 and October 7, 2019; to draw checks for the bills of the Des Moines Municipal Housing Agency for the weeks of September 23, 30 and October 7, 2019; and to draw checks for biweekly payroll due September 27 "
2019-10-14,1,"19-1642, 19-1643",set public hearing,"Connolly Lofts Associates, LP / Market District One, LLC (Frank Levy)",Connolly Lofts,401 SE 6th Street and 400 SE 7th Street,724859.0,,hearing set,7-0,medium,,https://councildocs.dsm.city/communications/2019/19-453.pdf,
2019-10-14,2,19-1624,,,,,,,,7-0,,tier2_screen_only;municipal housing,https://councildocs.dsm.city/agendas/ag20191014.pdf,"46. Authorizing Finance Director to draw checks on registers for the weeks of October 14, 21 and 28, 2019; to draw checks for the bills of the Des Moines Municipal Housing Agency for the weeks of October 14, 21 and 28, 2019; and to draw checks for biweekly payroll due October 25, 2019. ORDINANCES - "
2019-10-14,2,19-1645,,,,,,,,7-0,,tier2_screen_only;urban renewal,https://councildocs.dsm.city/agendas/ag20191014.pdf,"59. First amendment to Amended and Restated Urban Renewal Agreement for sale of land for private redevelopment with Grand 7 Partners, LLC. (Council Communication No. 19-452)"
2019-11-04,2,19-1751,,,,,,,,7-0,,tier2_screen_only;municipal housing,https://councildocs.dsm.city/agendas/ag20191104.pdf,"48. Authorizing Finance Director to draw checks on registers for the weeks of November 4 and 11, 2019; to draw checks for the bills of the Des Moines Municipal Housing Agency for the weeks of November 4 and 11, 2019; and to draw checks for biweekly payroll due November 8, 2019. ORDINANCES - FINAL CO"
2019-11-04,2,19-1763,,,,,,,,7-0,,tier2_screen_only;urban renewal,https://councildocs.dsm.city/agendas/ag20191104.pdf,58. On the proposed Fifth Amendment to the Urban Renewal Plan for the Ingersoll-Grand Commercial Urban Renewal Area. (Council Communication No. 19-459) (A) First consideration of ordinance above.
2019-11-04,2,59,,,,,,,,7-0,,tier2_screen_only;urban renewal,https://councildocs.dsm.city/agendas/ag20191104.pdf,59. Items regarding the Urban Renewal Plan for the 38th and Grand Urban Renewal Area (3750 Grand Avenue): (A) Amend the existing PlanDSM: Creating Our Tomorrow Plan future land use designation from High Density Residential within a Community Node to Neighborhood Mixed Use within a Community Node. (B
2019-11-04,2,19-1772,,,,,,,,6-1,,tier2_screen_only;urban renewal,https://councildocs.dsm.city/agendas/ag20191104.pdf,60. On the proposed Twenty-Fifth Amendment to the Metro Center Urban Renewal Plan. (Council Communication No. 19-458)
2019-11-18,1,19-1836,other,"7&Grand Ramp Developer, LLC",7th & Grand parking ramp,"block bounded by Grand Avenue, High Street, 7th and 8th Streets",,,approved,7-0,medium,,https://councildocs.dsm.city/communications/2019/19-504.pdf,
2019-11-18,1,19-1837,amend agreement,"TWG Development, LLC d/b/a District at 6th, LLC (Tony Knoble, President)",District at 6th,201 SE 6th Street,,,approved,7-0,medium,,https://councildocs.dsm.city/communications/2019/19-495.pdf,
2019-11-18,1,"19-1839, 19-1840",certificate of completion,Rowat Lofts LLC,Rowat Lofts,between SE 6th and SE 7th Streets,,,approved,7-0,medium,,https://councildocs.dsm.city/agendas/ag20191118.pdf,
2019-11-18,1,19-1841,resolution of intent,"611 Fifth Avenue, LLC (Knapp Properties; Chris Costa, Officer)",611 5th Avenue office renovation,611 5th Avenue,3800000.0,23300000.0,approved,7-0,high,,https://councildocs.dsm.city/communications/2019/19-501.pdf,
2019-11-18,1,"19-1871, 19-1872, 19-1873",other,,,,,,approved,7-0,medium,not_incentive_related,https://councildocs.dsm.city/communications/2019/19-502.pdf,
2019-11-18,1,19-1878,approve development agreement,"Connolly Lofts Associates, L.P. (Frank Levy, Managing Member)",Connolly Lofts,401 SE 6th Street and 400 SE 7th Street,724859.0,11800000.0,approved,7-0,medium,,https://councildocs.dsm.city/communications/2019/19-496.pdf,
2019-11-18,2,19-1854,,,,,,,,7-0,,tier2_screen_only;municipal housing,https://councildocs.dsm.city/agendas/ag20191118.pdf,"46. Authorizing Finance Director to draw checks on registers for the weeks of November 18 and 25, 2019; to draw checks for the bills of the Des Moines Municipal Housing Agency for the weeks of November 18 and 25, 2019; and to draw checks for biweekly payroll due November 22, 2019. ORDINANCES - FINAL"
2019-12-02,2,19-1913,,,,,,,,7-0,,tier2_screen_only;tax abatement,https://councildocs.dsm.city/agendas/ag20191202.pdf,17. Approving tax abatement applications for the additional value added by improvements completed during 2019 (181 applications). (Council Communication No. 19-506) BOARDS/COMMISSIONS/NEIGHBORHOODS
2019-12-02,2,19-1931,,,,,,,,7-0,,tier2_screen_only;municipal housing,https://councildocs.dsm.city/agendas/ag20191202.pdf,"32. Authorizing Finance Director to draw checks on registers for the weeks of December 2 and 9, 2019; to draw checks for the bills of the Des Moines Municipal Housing Agency for the weeks of December 2 and 9, 2019; and to draw checks for biweekly payroll due December 6, 2019. * * * * * * * * * END C"
2019-12-16,1,19-2015,amend agreement,"Gray's Landing Office, LLC (River Point West, LLC; George Sherman, Sherman Associates)",Gray's Landing Office building,Gray's Landing (3.75-acre parcel),984430.0,15000000.0,approved,7-0,medium,,https://councildocs.dsm.city/communications/2019/19-537.pdf,
2019-12-16,1,19-2016,approve development agreement,"Terrace Hill I, LLC (Jake Christensen)",Terrace Hill - 87-room hotel redevelopment,2525 Grand Avenue and 2515 Grand Avenue,2500000.0,18200000.0,approved,7-0,high,,https://councildocs.dsm.city/communications/2019/19-546.pdf,
2019-12-16,1,19-2018,resolution of intent,"Bridge District Level, LLC (Hubbell Realty Company; Joe Pietrusinski, Officer)",Level Apartments at the Bridge District,300 block of Maple Street,4800634.0,26900000.0,approved,7-0,high,,https://councildocs.dsm.city/communications/2019/19-556.pdf,
2019-12-16,1,19-2019,amend agreement,"Krause Group, LTD. f/k/a Krause Holdings, Inc. and Linden Street Investments, LLC (Kyle Krause)",Krause Group / Kum & Go corporate headquarters,1459 Grand Avenue,,,approved,7-0,medium,,https://councildocs.dsm.city/communications/2019/19-534.pdf,
2019-12-16,1,19-2020,amend agreement,"Jarcor, LLC (Joe Cordaro, Principal)",Argonne Apartment Building renovation,1723 Grand Avenue,,8000000.0,approved,7-0,medium,figure_not_in_source,https://councildocs.dsm.city/communications/2019/19-533.pdf,
2019-12-16,1,19-2021,resolution of intent,"Aust Real Estate, LLC",Ferrington Place,1201 Keosauqua Way,930609.0,4700000.0,approved,7-0,high,,https://councildocs.dsm.city/communications/2019/19-548.pdf,
2019-12-16,1,19-2022,other,,,,,,approved,7-0,low,not_incentive_related,https://councildocs.dsm.city/agendas/ag20191216.pdf,
2019-12-16,1,19-2062,approve development agreement,"Blackacre Development, LLC (subsidiary of Krause Group Real Estate) and River Point West, LLC",Gray's Landing,"SW 14th Street, south of Martin Luther King Jr. Parkway",,95000000.0,approved,7-0,medium,,https://councildocs.dsm.city/communications/2019/19-547.pdf,
2019-12-16,1,19-2068,approve development agreement,Des Moines Area Metropolitan Planning Organization (MPO),Des Moines Transloading facility,,,,approved,6-0,low,figure_not_in_source,https://councildocs.dsm.city/agendas/ag20191216.pdf,
2019-12-16,2,19-2043,,,,,,,,7-0,,tier2_screen_only;municipal housing,https://councildocs.dsm.city/agendas/ag20191216.pdf,"50. Authorizing Finance Director to draw checks on registers for the weeks of December 16, 23 and 30, 2019; to draw checks for the bills of the Des Moines Municipal Housing Agency for the weeks of December 16, 23 and 30, 2019; and to draw checks for biweekly payroll due December 20, 2019 and January"
2019-12-16,2,19-2067,,,,,,,,6-0,,tier2_screen_only;urban renewal,https://councildocs.dsm.city/agendas/ag20191216.pdf,"65. On conveyance of City-owned property at 200 SE 15th Street to Des Moines Industrial, LLC for development of a multi-modal transloading facility within the SE AgriBusiness Urban Renewal Area, $1,434,000."
2020-01-13,1,20-0071,amend agreement,"Jarcor, LLC",,,,,approved,7-0,low,figure_not_in_source,https://councildocs.dsm.city/agendas/ag20200113.pdf,
2020-01-13,2,20-0073,,,,,,,,7-0,,tier2_screen_only;urban renewal,https://councildocs.dsm.city/agendas/ag20200113.pdf,"43. First Amendment to Urban Renewal Agreement with Nelson Development 1, LLC to purchase and develop City-owned property at 418 E. Grand Avenue in the Metro Center Urban Renewal Area. (Council Communication No. 20-003)"
2020-01-13,2,20-0102,,,,,,,,7-0,,tier2_screen_only;municipal housing,https://councildocs.dsm.city/agendas/ag20200113.pdf,"53. Authorizing Finance Director to draw checks on registers for the weeks of January 13 and 20, 2020; to draw checks for the bills of the Des Moines Municipal Housing Agency for the weeks of January 13 and 20, 2020; and to draw checks for biweekly payroll due January 17, 2020. ORDINANCES - SECOND C"
2020-01-27,1,20-0145,amend agreement,Gray's Landing Office LLC,Gray's Landing Office,,,,approved,7-0,low,figure_not_in_source,https://councildocs.dsm.city/agendas/ag20200127.pdf,
2020-01-27,1,44,amend agreement,"HRC NFS I, LLC and Hubbell Realty Company",Gray's Station,"South of Martin Luther King, Jr. Parkway between SW 11th and SW 16th Streets",,,approved,7-0,medium,figure_not_in_source,https://councildocs.dsm.city/agendas/ag20200127.pdf,
2020-01-27,2,20-0166,,,,,,,,7-0,,tier2_screen_only;municipal housing,https://councildocs.dsm.city/agendas/ag20200127.pdf,"32. Authorizing Finance Director to draw checks on registers for the weeks of January 27 and February 3, 2020; to draw checks for the bills of the Des Moines Municipal Housing Agency for the weeks of January 27 and February 3, 2020; and to draw checks for biweekly payroll due January 31, 2020. ORDIN"
2020-02-10,2,20-0222,,,,,,,,7-0,,tier2_screen_only;tax abatement,https://councildocs.dsm.city/agendas/ag20200210.pdf,12. Approving tax abatement applications for the additional value added by improvements completed during 2019 (299 applications). (Council Communication No. 20-065)
2020-02-10,2,20-0255,,,,,,,,7-0,,tier2_screen_only;municipal housing,https://councildocs.dsm.city/agendas/ag20200210.pdf,"36. Authorizing Finance Director to draw checks on registers for the weeks of February 10 and 17, 2020; to draw checks for the bills of the Des Moines Municipal Housing Agency for the weeks of February 10 and 17, 2020; and to draw checks for biweekly payroll due February 14, 2020. ORDINANCES - SECON"
2020-02-24,1,20-0343,other,"Blank Park Zoo Foundation, Inc.",ZooPlex Multipurpose Event Center,,,,approved,7-0,high,,https://councildocs.dsm.city/communications/2020/20-070.pdf,
2020-02-24,1,20-0344,approve development agreement,"611 Fifth Avenue, LLC",611 Fifth Avenue office building renovation,611 5th Avenue,3800000.0,23300000.0,approved,7-0,high,,https://councildocs.dsm.city/communications/2020/20-073.pdf,
2020-02-24,1,20-0345,resolution of intent,Nelson Development,26th & University mixed-use building,SW corner of 26th Street and University Avenue,3389419.0,21000000.0,approved,7-0,high,,https://councildocs.dsm.city/communications/2020/20-098.pdf,
2020-02-24,1,20-0346,approve development agreement,"3750 Grand, LLC",3750 Grand condominiums,3750 Grand Avenue,4800000.0,37400000.0,approved,7-0,high,,https://councildocs.dsm.city/communications/2020/20-099.pdf,
2020-02-24,2,20-0326,,,,,,,,7-0,,tier2_screen_only;tax abatement,https://councildocs.dsm.city/agendas/ag20200224.pdf,10. Approving tax abatement applications for the additional value added by improvements completed during 2019 (99 applications). (Council Communication No. 20-076) BOARDS/COMMISSIONS/NEIGHBORHOODS
2020-02-24,2,20-0338,,,,,,,,7-0,,tier2_screen_only;urban renewal,https://councildocs.dsm.city/agendas/ag20200224.pdf,"21. On proposed Twelfth Amendment to the Urban Renewal Plan for the SE Agribusiness Urban Renewal Area, (4-6-20). (Council Communication No. 20-078)"
2020-02-24,2,20-0339,,,,,,,,7-0,,tier2_screen_only;urban renewal,https://councildocs.dsm.city/agendas/ag20200224.pdf,"22. On the Sixteenth Amendment to the Central Place Industrial Park Redevelopment Program Urban Renewal Plan, (4-6-20). (Council Communication No. 20-079)"
2020-02-24,2,20-0340,,,,,,,,7-0,,tier2_screen_only;urban renewal,https://councildocs.dsm.city/agendas/ag20200224.pdf,"23. On the proposed Twenty-Sixth Amendment to the Metro Center Urban Renewal Plan, (4- 6-20). (Council Communication No. 20-077)"
2020-02-24,2,20-0341,,,,,,,,7-0,,tier2_screen_only;urban renewal,https://councildocs.dsm.city/agendas/ag20200224.pdf,"24. On the proposed Sixth Amendment to the Urban Renewal Plan for Ingersoll Grand Commercial Urban Renewal Area, (4-6-20). (Council Communication No. 20-080) LEGAL DEPARTMENT - CLAIM SETTLEMENTS & BILLINGS"
2020-02-24,2,20-0347,,,,,,,,7-0,,tier2_screen_only;tax exemption,https://councildocs.dsm.city/agendas/ag20200224.pdf,"30. Issuance of $25,135,000 General Obligation Refunding Bonds, Series 2020A, and Levying a Tax to pay said bonds; approval of the Tax Exemption Certificate and Continuing Disclosure Certificate."
2020-02-24,2,20-0357,,,,,,,,7-0,,tier2_screen_only;municipal housing,https://councildocs.dsm.city/agendas/ag20200224.pdf,"40. Authorizing Finance Director to draw checks on registers for the weeks of February 24 and March 2, 2020; to draw checks for the bills of the Des Moines Municipal Housing Agency for the weeks of February 24 and March 2, 2020; and to draw checks for biweekly payroll due February 28, 2020. ORDINANC"
2020-03-09,1,20-0430,approve development agreement,"Bridge District Level, LLC",Level Apartments (Bridge District),300 block of Maple Street,4800634.0,26900000.0,,,medium,,https://councildocs.dsm.city/communications/2020/20-120.pdf,
2020-03-09,1,20-0431,other,"Jarcor, LLC",,,,,approved,7-0,low,,https://councildocs.dsm.city/minutes/as20200309.pdf,
2020-03-09,1,20-0432,amend agreement,Street Collective f/k/a Des Moines Bicycle Collective,B-Cycle Program,,,,approved,6-0,high,,https://councildocs.dsm.city/communications/2020/20-124.pdf,
2020-03-09,2,20-0454,,,,,,,,7-0,,tier2_screen_only;municipal housing,https://councildocs.dsm.city/agendas/ag20200309.pdf,"35. Authorizing Finance Director to draw checks on registers for the weeks of March 9 and 16, 2020; to draw checks for the bills of the Des Moines Municipal Housing Agency for the weeks of March 9 and 16, 2020; and to draw checks for biweekly payroll due March 13, 2020."
2020-03-23,1,20-0530,amend agreement,"Des Moines Cold Storage Co., Inc. and Crossroads Cold Storage, LLC",Des Moines Cold Storage warehouse addition,SE 43rd and Vandalia Road (3805 Vandalia Road),1687470.0,12000000.0,approved,7-0,high,,https://councildocs.dsm.city/communications/2020/20-139.pdf,
2020-03-23,1,20-0532,resolution of intent,"Reagan House, LLC",2801 Grand Avenue apartments,2801 Grand Avenue,1395000.0,7700000.0,approved,6-0,high,,https://councildocs.dsm.city/communications/2020/20-138.pdf,
2020-03-23,1,20-0533,approve development agreement,"Bridge District Level, LLC",Level Apartments (Bridge District),300 block of Maple Street,4800634.0,26900000.0,approved,7-0,high,,https://councildocs.dsm.city/communications/2020/20-143.pdf,
2020-03-23,1,20-0534,approve development agreement,"111 Jefferson Ave, LLC",111 Jefferson Avenue warehouse (Commonwealth Electric),"111 Jefferson Avenue, Central Place Industrial Park",,880000.0,approved,7-0,high,,https://councildocs.dsm.city/communications/2020/20-140.pdf,
2020-03-23,1,20-0554,resolution of intent,"Lawmark, LP",Financial Center hotel conversion,207 7th Street,7500000.0,59300000.0,approved,7-0,high,,https://councildocs.dsm.city/communications/2020/20-153.pdf,
2020-03-23,2,20-0511,,,,,,,,7-0,,tier2_screen_only;tax abatement,https://councildocs.dsm.city/agendas/ag20200323.pdf,12. Approving tax abatement applications for the additional value added by improvements completed during 2019 (six (6) applications). (Council Communication No. 20-126) BOARDS/COMMISSIONS/NEIGHBORHOODS
2020-03-23,2,20-0555,,,,,,,,7-0,,tier2_screen_only;municipal housing,https://councildocs.dsm.city/agendas/ag20200323.pdf,"53. Authorizing Finance Director to draw checks on registers for the weeks of March 23 and 30, April 6 and 13, 2020; to draw checks for the bills of the Des Moines Municipal Housing Agency for the weeks of March 23 and 30, April 6 and 13, 2020; and to draw checks for biweekly payroll due March 27 an"
2020-04-20,2,20-0613,,,,,,,,6-0,,tier2_screen_only;tax abatement,https://councildocs.dsm.city/agendas/ag20200420.pdf,12. Approving tax abatement application for improvements made to the new parking garage at 235 5th Avenue. BOARDS/COMMISSIONS/NEIGHBORHOODS
2020-04-20,2,20-0618,,,,,,,,7-0,,tier2_screen_only;urban renewal,https://councildocs.dsm.city/agendas/ag20200420.pdf,"17. On the proposed urban renewal plan for the Oak Park-Highland Park Urban Renewal Area, (6-8-20). (Council Communication No. 20-159)"
2020-04-20,2,20-0619,,,,,,,,7-0,,tier2_screen_only;urban renewal,https://councildocs.dsm.city/agendas/ag20200420.pdf,"18. On the proposed first amendment to the Drake Urban Renewal Plan, (6-8-20). (Council Communication No. 20-160) LEGAL DEPARTMENT - CLAIM SETTLEMENTS & BILLINGS"
2020-04-20,2,20-0643,,,,,,,,7-0,,tier2_screen_only;municipal housing,https://councildocs.dsm.city/agendas/ag20200420.pdf,"29. Authorizing Finance Director to draw checks on registers for the weeks of April 20 and 27, 2020; to draw checks for the bills of the Des Moines Municipal Housing Agency for the weeks of April 20 and 27, 2020; and to draw checks for biweekly payroll due April 24, 2020. ORDINANCES - FINAL CONSIDER"
2020-04-20,2,20-0654,,,,,,,,7-0,,tier2_screen_only;urban renewal,https://councildocs.dsm.city/agendas/ag20200420.pdf,35. On the proposed Sixth Amendment to the Urban Renewal Plan for Ingersoll Grand Commercial Urban Renewal Area. (Council Communication No. 20-163)
2020-04-20,2,20-0655,,,,,,,,7-0,,tier2_screen_only;urban renewal,https://councildocs.dsm.city/agendas/ag20200420.pdf,36. On the proposed Twenty-Sixth Amendment to the Metro Center Urban Renewal Plan. (Council Communication No. 20-162)
2020-04-20,2,20-0656,,,,,,,,7-0,,tier2_screen_only;urban renewal,https://councildocs.dsm.city/agendas/ag20200420.pdf,37. On the proposed Twelfth Amendment to the Urban Renewal Plan for the SE Agribusiness Urban Renewal Area. (Council Communication No. 20-161)
2020-04-20,2,20-0657,,,,,,,,7-0,,tier2_screen_only;urban renewal,https://councildocs.dsm.city/agendas/ag20200420.pdf,38. On the proposed Sixteenth Amendment to the Central Place Industrial Park Redevelopment Program Urban Renewal Plan. (Council Communication No. 20-164)
2020-05-04,1,20-0757,approve development agreement,Nelson Development,26th & University mixed-use building,SE corner of 26th Street and University Avenue,3389419.0,21000000.0,approved,7-0,high,,https://councildocs.dsm.city/communications/2020/20-199.pdf,
2020-05-04,2,20-0747,,,,,,,,7-0,,tier2_screen_only;tax abatement,https://councildocs.dsm.city/agendas/ag20200504.pdf,19. Approving tax abatement applications for the additional value added by improvements completed during 2019 (4 separate applications). (Council Communication No. 20-190) SETTING DATE OF HEARINGS
2020-05-04,2,20-0762,,,,,,,,7-0,,tier2_screen_only;tax exemption,https://councildocs.dsm.city/agendas/ag20200504.pdf,"36. Amending the original series resolution, approved on September 24, 2018, said resolution approving and authorizing a loan and disbursement agreement with the Iowa Finance Authority and authorizing and providing for the issuance of Sewer Revenue Capital Loan Notes, Series 2018D, in order to provi"
2020-05-04,2,20-0763,,,,,,,,7-0,,tier2_screen_only;tax exemption,https://councildocs.dsm.city/agendas/ag20200504.pdf,"37. Amending the original series resolution, approved on September 24, 2018, said resolution approving and authorizing a Loan and Disbursement Agreement with the Iowa Finance Authority and authorizing and providing for the issuance of Stormwater Management Utility Revenue Capital Loan Notes, Series "
2020-05-04,2,20-0764,,,,,,,,7-0,,tier2_screen_only;tax exemption,https://councildocs.dsm.city/agendas/ag20200504.pdf,"38. Authorizing a Form of Loan and Disbursement Agreement with the Iowa Finance Authority and the Iowa Department of Natural Resources and authorizing and providing for the issuance and securing the payment of $10,000,000 Sewer Revenue Capital Loan Notes, Series 2020B, and providing for a method of "
2020-05-04,2,20-0765,,,,,,,,7-0,,tier2_screen_only;tax exemption,https://councildocs.dsm.city/agendas/ag20200504.pdf,"39. Authorizing a Form of Loan and Disbursement Agreement with the Iowa Finance Authority and authorizing and providing for the issuance and securing the payment of $10,000,000 Stormwater Management Utility Revenue Capital Loan Notes, Series 2020C (Subordinate), and providing for a method of payment"
2020-05-04,2,20-0766,,,,,,,,7-0,,tier2_screen_only;tax exemption,https://councildocs.dsm.city/agendas/ag20200504.pdf,"40. Amending the original series resolution, approved on September 24, 2018, said resolution approving and authorizing a loan and disbursement agreement with the Iowa Finance Authority and authorizing and providing for the issuance of Sewer Revenue Capital Loan Notes, Series 2018E, in order to provi"
2020-05-04,2,20-0779,,,,,,,,7-0,,tier2_screen_only;municipal housing,https://councildocs.dsm.city/agendas/ag20200504.pdf,"48. Authorizing Finance Director to draw checks on registers for the weeks of May 4 and 11, 2020; to draw checks for the bills of the Des Moines Municipal Housing Agency for the weeks of May 4 and 11, 2020; and to draw checks for biweekly payroll due May 8, 2020. ORDINANCES - SECOND CONSIDERATION"
2020-05-18,2,20-0845,,,,,,,,7-0,,tier2_screen_only;municipal housing,https://councildocs.dsm.city/agendas/ag20200518.pdf,"38. Authorizing Finance Director to draw checks on registers for the weeks of May 18 and 25, and June 1, 2020; to draw checks for the bills of the Des Moines Municipal Housing Agency for the weeks of May 18 and 25, and June 1, 2020 and to draw checks for biweekly payroll due May 22 and June 5, 2020."
2020-06-08,1,20-0914,resolution of intent,"The District Developers, LLC",Market District master-planned redevelopment,11 blocks around East 4th and E. Market Streets,,,approved,7-0,medium,figure_not_in_source,https://councildocs.dsm.city/communications/2020/20-261.pdf,
2020-06-08,1,20-0915,approve development agreement,"Lawmark, LP",Financial Center hotel conversion,207 7th Street,7500000.0,59300000.0,approved,7-0,high,,https://councildocs.dsm.city/communications/2020/20-245.pdf,
2020-06-08,2,20-0933,,,,,,,,7-0,,tier2_screen_only;municipal housing,https://councildocs.dsm.city/agendas/ag20200608.pdf,"51. Authorizing Finance Director to draw checks on registers for the weeks of June 8 and 15, 2020; to draw checks for the bills of the Des Moines Municipal Housing Agency for the weeks of June 8 and 15, 2020 and to draw checks for biweekly payroll due June 19, 2020. ORDINANCES - FINAL CONSIDERATION"
2020-06-08,2,20-0949,,,,,,,,7-0,,tier2_screen_only;urban renewal,https://councildocs.dsm.city/agendas/ag20200608.pdf,62. On the proposed urban renewal plan for the Oak Park-Highland Park Urban Renewal Area. (Council Communication No. 20-246) (A) Recommendation of the Plan and Zoning Commission. (B) Resolution of necessity for the Oak Park-Highland Park Urban Renewal Area.
2020-06-08,2,20-0952,,,,,,,,7-0,,tier2_screen_only;urban renewal,https://councildocs.dsm.city/agendas/ag20200608.pdf,63. On the proposed first amendment to the Drake Urban Renewal Plan. (Council Communication No. 20-244)
2020-06-22,2,20-0984,,,,,,,,7-0,,tier2_screen_only;tax abatement,https://councildocs.dsm.city/agendas/ag20200622.pdf,15. Approving tax abatement applications for the additional value added by improvements completed during 2019 and 2020 (90 separate applications). (Council Communication No. 20-271) BOARDS/COMMISSIONS/NEIGHBORHOODS
2020-06-22,2,42,,,,,,,,7-0,,tier2_screen_only;urban renewal,https://councildocs.dsm.city/agendas/ag20200622.pdf,"42. Items regarding proposed General Obligation Bonds for the following, (8-3-20): (Council Communication No. 20-273) (A) Resolution electing classifications and procedures for proposed bond projects. (B) On issuance of not to exceed $45,500,000 (for Essential Corporate Purpose). (C) On issuance of "
2020-06-22,2,20-1059,,,,,,,,7-0,,tier2_screen_only;municipal housing,https://councildocs.dsm.city/agendas/ag20200622.pdf,"67. Authorizing Finance Director to draw checks on registers for the weeks of June 22, 29 and July 6, 2020; to draw checks for the bills of the Des Moines Municipal Housing Agency for the weeks of June 22, 29 and July 6, 2020 and to draw checks for biweekly payroll due July 2, 2020. ORDINANCES - FIN"
2020-07-13,1,20-1117,amend agreement,"3750 Grand, LLC",3750 Grand condominiums,3750 Grand Avenue,6800000.0,39800000.0,approved,6-1,high,,https://councildocs.dsm.city/communications/2020/20-310.pdf,
2020-07-13,2,20-1144,,,,,,,,6-1,,tier2_screen_only;municipal housing,https://councildocs.dsm.city/agendas/ag20200713.pdf,"53. Authorizing Finance Director to draw checks on registers for the weeks of July 13, 20 and 27, 2020; to draw checks for the bills of the Des Moines Municipal Housing Agency for the weeks of July 13, 20 and 27, 2020 and to draw checks for biweekly payroll due July 17 and 31, 2020. ORDINANCES - FIN"
2020-08-03,1,20-1248,approve development agreement,"Reagan Partners, LLC (Reagan House, LLC)",2801 Grand Avenue apartments,2801 Grand Avenue,1395000.0,8300000.0,,,medium,,https://councildocs.dsm.city/communications/2020/20-345.pdf,
2020-08-03,2,20-1227,,,,,,,,7-0,,tier2_screen_only;revenue bond,https://councildocs.dsm.city/agendas/ag20200803.pdf,"28. Directing the advertisement for sale of $95,910,000 General Obligation Bonds, Series 2020D, and approving Electronic Bidding Procedures and Official Statement (bonds will be sold at 10:00 AM on August 19, 2020 and a Special Council meeting will be held at 4:30 pm). (Council Communication No. 20-"
2020-08-03,2,20-1234,,,,,,,,7-0,,tier2_screen_only;municipal housing,https://councildocs.dsm.city/agendas/ag20200803.pdf,"32. Authorizing Finance Director to draw checks on registers for the weeks of August 3rd and August 10th; to draw checks for the bills of the Des Moines Municipal Housing Agency for the weeks of August 3rd and August 10th, and to draw checks for workers compensation impairment ratings as requested b"
2020-08-03,2,49,,,,,,,,,,tier2_screen_only;urban renewal,https://councildocs.dsm.city/agendas/ag20200803.pdf,"49. On the issuance of not to exceed $50,500,000 General Obligation Bonds for Essential Corporate Urban Renewal Purposes. (A) Authorization to take additional action. (Council Communication No. 20-327)"
2020-08-05,1,20-1248,approve development agreement,"Reagan Partners, LLC (Tim Rypma, Paul Cownie and Jeremy Cortright)",historic renovation of three multi-family apartment buildings,2801 Grand Avenue,,,approved,6-0,medium,figure_not_in_source,https://councildocs.dsm.city/minutes/as20200805.pdf,
2020-08-05,2,28,,,,,,,,,,tier2_screen_only;revenue bond,https://councildocs.dsm.city/minutes/as20200805.pdf,"28. Directing the advertisement for sale of $95,910,000 General Obligation Bonds, Series 2020D, and approving Electronic Bidding Procedures and Official Statement (bonds will be sold at 10:00 AM on August 19, 2020 and a Special Council meeting will be held at 4:30 pm). (Council Communication No. 20-"
2020-08-05,2,32,,,,,,,,,,tier2_screen_only;municipal housing,https://councildocs.dsm.city/minutes/as20200805.pdf,"32. Authorizing Finance Director to draw checks on registers for the weeks of August 3rd and August 10th; to draw checks for the bills of the Des Moines Municipal Housing Agency for the weeks of August 3rd and August 10th, and to draw checks for workers compensation impairment ratings as requested b"
2020-08-05,2,20-1261,,,,,,,,7-0,,tier2_screen_only;urban renewal,https://councildocs.dsm.city/minutes/as20200805.pdf,"20-1261 49. On the issuance of not to exceed $50,500,000 General Obligation Bonds for Essential Corporate Urban Renewal Purposes. (Council Communication No. 20-327) Moved by Gatto to adopt. Motion Carried 7-0. 20-1262 (A) Authorization to take additional action. Moved by Gatto to adopt. Motion Carri"
2020-08-17,1,20-1332,amend agreement,"Merle Hay Investors, LLC (Elizabeth Holland, CEO/General Counsel, Abbell Credit Corporation, LLC)",Merle Hay Mall Phase 3 rehabilitation and Sears site repurposing,"Merle Hay Mall, Merle Hay Road and Douglas Avenue",,,approved,7-0,high,,https://councildocs.dsm.city/communications/2020/20-354.pdf,
2020-08-17,1,20-1333,other,"611 Fifth Avenue, LLC",,,,,approved,7-0,low,,https://councildocs.dsm.city/minutes/as20200817.pdf,
2020-08-17,1,20-1334,amend agreement,"Macerich Southridge Mall, LLC and Southridge Adjacent, LLC; Genesis Health Clubs Sports Complex S.E. LLC (Rodney Steven II)",Southridge Mall Genesis Health Club and multi-sports facility,1111 E. Army Post Road,9600000.0,16500000.0,approved,7-0,high,,https://councildocs.dsm.city/communications/2020/20-353.pdf,
2020-08-17,2,20-1357,,,,,,,,7-0,,tier2_screen_only;municipal housing,https://councildocs.dsm.city/agendas/ag20200817.pdf,"47. Authorizing Finance Director to draw checks on registers for the weeks of August 17th, 24th, 31st and September 7th, 2020; to draw checks for the bills of the Des Moines Municipal Housing Agency for the weeks of August 17th 24th, 31st and September 7th, and to draw checks for workers compensatio"
2020-09-14,1,20-1452,amend agreement,"Janssen Lodging, Inc. (Raj Patel, Chief Development Officer, Hawkeye Hotels)",Hotel Fort Des Moines historic rehabilitation,1000 Walnut Street,,,approved,7-0,high,,https://councildocs.dsm.city/communications/2020/20-385.pdf,
2020-09-14,1,20-1453,amend agreement,"Swaps Cash, LLC (Lincoln and Lisa McIlravy, Members)","Element Hotel by Marriott (6-story, 112-room)",304 East Walnut Street,,,approved,7-0,high,,https://councildocs.dsm.city/communications/2020/20-409.pdf,
2020-09-14,1,20-1454,approve development agreement,"Aust Real Estate, LLC (Matt and Mindy Aust, Owners)",Ferrington Place Building historic renovation (mixed-use),1201 Keosauqua Way,990119.0,6100000.0,approved,7-0,high,,https://councildocs.dsm.city/communications/2020/20-388.pdf,
2020-09-14,1,20-1455,resolution of intent,"217 E Second LC (Jake Christensen, Christensen Development)",Globe Hoist Building renovation (commercial/office),217 East 2nd Street,1200000.0,6300000.0,approved,7-0,high,,https://councildocs.dsm.city/communications/2020/20-386.pdf,
2020-09-14,2,20-1469,,,,,,,,7-0,,tier2_screen_only;tax exemption,https://councildocs.dsm.city/agendas/ag20200914.pdf,"59. Issuance of $84,760,000 General Obligation Bonds, 2020D, and levying a tax to pay said Bonds, Approval of Tax Exemption Certificate and Continuing Disclosure Certificate."
2020-09-14,2,20-1471,,,,,,,,7-0,,"tier2_screen_only;revenue bond,tax exemption",https://councildocs.dsm.city/agendas/ag20200914.pdf,"61. Issuance and securing the payment of $22,485,000 Stormwater Management Utility Revenue Bonds, Series 2020F, of the City of Des Moines, State of Iowa, under provisions of the Code of Iowa, and providing for a method of payment of the Bonds; Approval of the Tax Exemption Certificate and Continuing"
2020-09-14,2,20-1481,,,,,,,,7-0,,tier2_screen_only;municipal housing,https://councildocs.dsm.city/agendas/ag20200914.pdf,"68. Authorizing Finance Director to draw checks registers for the weeks of September 14, 21 and 28, 2020; to draw checks for the bills of the Des Moines Municipal Housing Agency for the weeks of September 14, 21, and 28, 2020; and to draw checks for biweekly payroll due September 25, 2020. ORDINANCE"
2020-10-05,1,20-1574,resolution of intent,"Spot 515, LLC (Randy Reichardt, Owner)",Renovation of 515 28th Street commercial building (Iowa Lithographing Company building),515 28th Street,730000.0,2200000.0,approved,7-0,high,,https://councildocs.dsm.city/communications/2020/20-429.pdf,
2020-10-05,2,20-1565,,,,,,,,7-0,,tier2_screen_only;urban renewal,https://councildocs.dsm.city/agendas/ag20201005.pdf,"20. On the proposed 1st Amendment to the Urban Renewal Plan for the 38th and Grand Urban Renewal Area, (11-9-20). (Council Communication No. 20-433)"
2020-10-05,2,20-1566,,,,,,,,7-0,,tier2_screen_only;urban renewal,https://councildocs.dsm.city/agendas/ag20201005.pdf,"21. On the proposed Fifth Amendment to the Urban Renewal Plan for the Southside Economic Development District Urban Renewal Area, (11-9-20). (Council Communication No. 20-442)"
2020-10-05,2,20-1567,,,,,,,,7-0,,tier2_screen_only;urban renewal,https://councildocs.dsm.city/agendas/ag20201005.pdf,"22. On the proposed Seventh Amendment to the Urban Renewal Plan for the Ingersoll-Grand Commercial Urban Renewal Area, (11-9-20). (Council Communication No. 20-431)"
2020-10-05,2,20-1568,,,,,,,,7-0,,tier2_screen_only;urban renewal,https://councildocs.dsm.city/agendas/ag20201005.pdf,"23. On the proposed Seventeenth Amendment to the Central Place Industrial Park Redevelopment Urban Renewal Plan, (11-9-20). (Council Communication No. 20-432)"
2020-10-05,2,20-1590,,,,,,,,7-0,,tier2_screen_only;municipal housing,https://councildocs.dsm.city/agendas/ag20201005.pdf,"45. Authorizing Finance Director to draw checks on registers for the weeks of October 5 and 12, 2020; to draw checks for the bills of the Des Moines Municipal Housing Agency for the weeks of October 5 and 12, 2020; and to draw checks for biweekly payroll due October 9, 2020. ORDINANCES - FINAL CONSI"
2020-10-05,2,51,,,,,,,,7-0,,tier2_screen_only;tax abatement,https://councildocs.dsm.city/agendas/ag20201005.pdf,"51. Requests to speak: (A) Joshua Walton regarding mental health in the community. (B) Matthew Gilbert (Attorney for Larry Mason, Jr.) request to speak regarding minority business in East Village District. (C) Brenda McDonald request to speak regarding the Des Moines Police Department. (D) Debra How"
2020-10-19,1,20-1662,amend agreement,"Merle Hay Investors, LLC (Elizabeth Holland, CEO)",Merle Hay Mall Phase 3 redevelopment / Sears site repurposing,"Merle Hay Mall, Merle Hay Road and Douglas Avenue",4600000.0,,approved,7-0,medium,,https://councildocs.dsm.city/communications/2020/20-447.pdf,
2020-10-19,1,20-1663,resolution of intent,"3801 Grand Associates, L.P. (owner) and Newbury Management Company d/b/a Newbury Living (Frank Levy, President)",New 56-unit multi-residential apartment building,3705-3707 Grand Avenue,4700000.0,33500000.0,approved,7-0,high,,https://councildocs.dsm.city/communications/2020/20-463.pdf,
2020-10-19,1,20-1664,resolution of intent,"13th and Mulberry, LLC (Josh Aberson and Byron Schafersman, Green Acre Development/Lloyd Companies; Tim Rypma, Rypma Properties)",Historic renovation of 213 13th Street and new 5-story mixed-use building (two phases),213 13th Street and adjacent lot northwest of 13th and Mulberry,,22700000.0,approved,7-0,high,,https://councildocs.dsm.city/communications/2020/20-461.pdf,
2020-10-19,2,20-1652,,,,,,,,6-0,,tier2_screen_only;tax abatement,https://councildocs.dsm.city/agendas/ag20201019.pdf,16. Approval of 207 tax abatement applications for improvements to property completed in 2020. (Council Communication No. 20-460) BOARDS/COMMISSIONS/NEIGHBORHOODS
2020-10-19,2,20-1661,,,,,,,,7-0,,tier2_screen_only;urban renewal,https://councildocs.dsm.city/agendas/ag20201019.pdf,"24. Second Amendment to the Urban Renewal Agreement with Nelson Development 1, LLC, to purchase and develop city-owned property at 418 East Grand Avenue in the Metro Center Urban Renewal Area. (Council Communication No. 20-466)"
2020-10-19,2,20-1685,,,,,,,,7-0,,tier2_screen_only;municipal housing,https://councildocs.dsm.city/agendas/ag20201019.pdf,"42. Authorizing Finance Director to draw checks registers for the weeks of October 19, 26, and November 2, 2020; to draw checks for the bills of the Des Moines Municipal Housing Agency for the weeks of October 19, 26, and November 2, 2020; to draw checks for biweekly payroll due October 23 and Novem"
2020-11-09,1,20-1780,approve development agreement,"JR Partners, LLC (Tim Rypma, Jeremy Cortright, Paul Cownie)",Historic renovation of 401 East Court Avenue (former A&P Super Market),401 East Court Avenue,439000.0,3000000.0,approved,7-0,high,,https://councildocs.dsm.city/communications/2020/20-487.pdf,
2020-11-09,1,20-1839,other,,First Amendment to 38th and Grand Urban Renewal Plan,,,,approved,7-0,medium,not_incentive_related,https://councildocs.dsm.city/communications/2020/20-488.pdf,
2020-11-09,2,20-1773,,,,,,,,7-0,,tier2_screen_only;urban renewal,https://councildocs.dsm.city/agendas/ag20201109.pdf,"30. On the proposed Twenty-Seventh Amendment to the Metro Center Urban Renewal Plan, (12-21-20). (Council Communication No. 20-482) 30I. On the proposition to authorize and enter into a lease agreement in the principal amount not-to-exceed $130,000, for the purpose of acquiring certain items of equi"
2020-11-09,2,20-1798,,,,,,,,7-0,,tier2_screen_only;municipal housing,https://councildocs.dsm.city/agendas/ag20201109.pdf,"51. Authorizing Finance Director to draw checks registers for the weeks of November 9 and 16, 2020; to draw checks for the bills of the Des Moines Municipal Housing Agency for the weeks of November 9 and 16, 2020; to draw checks for biweekly payroll due November 20, 2020. * * * * * * * * * END CONSE"
2020-11-09,2,20-1840,,,,,,,,7-0,,tier2_screen_only;urban renewal,https://councildocs.dsm.city/agendas/ag20201109.pdf,62. On the proposed Seventh Amendment to the Urban Renewal Plan for the Ingersoll-Grand Commercial Urban Renewal Area. (Council Communication No. 20-492)
2020-11-09,2,63,,,,,,,,7-0,,tier2_screen_only;urban renewal,https://councildocs.dsm.city/agendas/ag20201109.pdf,63. On the proposed Fifth Amendment to the Urban Renewal Plan for the Southside Economic Development District Urban Renewal Area. (Council Communication No. 20-496)
2020-11-09,2,20-1842,,,,,,,,7-0,,tier2_screen_only;urban renewal,https://councildocs.dsm.city/agendas/ag20201109.pdf,64. On the proposed Seventeenth Amendment to the Central Place Industrial Park Redevelopment Urban Renewal Plan. (Council Communication No. 20-491) *** END OF HEARINGS AT _____________ PM *** MOTION TO ADJOURN. The City of Des Moines is pleased to provide accommodations to disabled individuals or gr
2020-11-23,1,20-1882,amend agreement,"Electro Management Corp. and Electrical Power Products, Inc. (d/b/a EP2, Britt Baker, CEO)","EP2 60,000 sq-ft warehouse addition to existing production facility",4240 Army Post Road,1016267.0,5900000.0,approved,7-0,high,,https://councildocs.dsm.city/communications/2020/20-506.pdf,
2020-11-23,1,20-1884,resolution of intent,"FW Rehab, LLC (Abbey Gilroy, Executive Director)",Renovation of 3610 6th Avenue into mixed-use residential and commercial (home to Chuck's Restaurant),3610 6th Avenue,166720.0,1240000.0,approved,7-0,high,figure_not_in_source,https://councildocs.dsm.city/communications/2020/20-515.pdf,
2020-11-23,1,20-1885,resolution of intent,"Percy's Landing Senior, LP (J.B. Conlin, Conlin Properties)",Percy's Landing - 21-unit senior housing (former Percy Hoak Elementary School),1801 McKinley Avenue,518278.0,4500000.0,approved,7-0,high,,https://councildocs.dsm.city/communications/2020/20-507.pdf,
2020-11-23,1,20-1889,amend agreement,"Kemin Industries, Inc. and Kemin Holdings, L.C.",,,,,approved,7-0,low,,https://councildocs.dsm.city/agendas/ag20201123.pdf,
2020-11-23,1,20-1921,other,,FY2021-2022 TIF needs certification and Annual Urban Renewal Report (AURR),,,,approved,7-0,medium,not_incentive_related,https://councildocs.dsm.city/communications/2020/20-512.pdf,
2020-11-23,2,20-1888,,,,,,,,7-0,,tier2_screen_only;tax abatement,https://councildocs.dsm.city/agendas/ag20201123.pdf,"33. Request by Des Moines Griffin Building, LLC, for City support for its application to Polk County to retroactively apply its application for tax abatement for construction of the residential portion of the mixed-use project in the Griffin Building at 319 7th Street. (Council Communication No. 20-"
2020-11-23,2,20-1890,,,,,,,,7-0,,tier2_screen_only;urban renewal,https://councildocs.dsm.city/agendas/ag20201123.pdf,"36. Issuance of certificate of completion to Macerich Southridge Mall LLC, Southridge Adjacent, LLC and Southridge Apartments Partners, LP for multi-household residential phase of the Southridge Redevelopment Project in the Southside Economic Development District Urban Renewal Area."
2020-11-23,2,20-1892,,,,,,,,6-0,,tier2_screen_only;urban renewal,https://councildocs.dsm.city/agendas/ag20201123.pdf,38. Revising the Proposed Twenty-Seventh Amendment to the Metro Center Urban Renewal Plan to incorporate potential alternative financial assistance for a redevelopment project and authorizing notice of public hearing.
2020-11-23,2,20-1916,,,,,,,,7-0,,tier2_screen_only;municipal housing,https://councildocs.dsm.city/agendas/ag20201123.pdf,"49. Authorizing Finance Director to draw checks registers for the weeks of November 23 and 30, 2020; to draw checks for the bills of the Des Moines Municipal Housing Agency for the weeks of November 23 and 30, 2020; to draw checks for biweekly payroll due December 4, 2020. * * * * * * * END CONSENT "
2020-12-07,1,20-2014,resolution of intent,"Tree House Partners, LLC (Tim Rypma, Paul Cownie, Jeremy Cortright)",Historic renovation of three multi-family apartment buildings,2315 Grand Avenue,2400000.0,16900000.0,,,low,,https://councildocs.dsm.city/communications/2020/20-531.pdf,
2020-12-07,1,20-2015,amend agreement,"Bridge District Level, LLC; Bridge District II Townhomes, LLC; Bridge District II, LLC (Hubbell Realty Co., Kris Saddoris)","Level Apartments (114 units) and 25 rowhomes, The Banks at the Bridge District",300 block of Maple Street,,26900000.0,approved,7-0,medium,figure_not_in_source,https://councildocs.dsm.city/communications/2020/20-539.pdf,
2020-12-21,1,20-2116,approve development agreement,"Spot 515, LLC (Randy Reichardt, Owner)",Renovation of 515 28th Street commercial building (Iowa Lithographing Company building),515 28th Street,887000.0,2300000.0,approved,7-0,high,,https://councildocs.dsm.city/communications/2020/20-565.pdf,
2020-12-21,1,20-2117,approve development agreement,"217 E Second LC (Jake Christensen, Christensen Development)",Renovation of 217 East 2nd Street (Globe Hoist building) for commercial and office uses,217 East 2nd Street,1500000.0,8600000.0,approved,7-0,high,,https://councildocs.dsm.city/communications/2020/20-563.pdf,
2020-12-21,1,20-2118,approve development agreement,"13th & Mulberry, LLC and 13th and Mulberry Multifamily, LLC (Josh Aberson, Byron Schafersman, Tim Rypma)",Historic renovation of 213 13th Street and new 5-story mixed-use building (two phases),213 13th Street and adjacent lot northwest of 13th and Mulberry,,22700000.0,approved,7-0,high,,https://councildocs.dsm.city/communications/2020/20-564.pdf,
2020-12-21,1,20-2120,amend agreement,"Des Moines Griffin Building, LLC (Tim Rypma, Jeremy Cortright, Paul Cownie; lead investors Ron Daniels, Abe Wolf)",Griffin Building (formerly Flynn Building) historic restoration - 35 apartments and commercial/office/retail,319 7th Street,,,approved,7-0,medium,figure_not_in_source,https://councildocs.dsm.city/communications/2020/20-566.pdf,
2020-12-21,1,20-2121,certificate of completion,"District at 6th, LLC",4-story apartment building,201 SE 6th Street,,,approved,7-0,medium,,https://councildocs.dsm.city/agendas/ag20201221.pdf,
2020-12-21,2,20-2119,,,,,,,,7-0,,tier2_screen_only;urban renewal,https://councildocs.dsm.city/agendas/ag20201221.pdf,"34. Second Amendment to Urban Renewal Agreement for Sale of Land for Private Redevelopment with 101 East Grand Parking, LLC (Paul Hayes), for the multi-phased redevelopment of the block east of City Hall. (Council Communication No. 20-557)"
2020-12-21,2,20-2129,,,,,,,,7-0,,tier2_screen_only;municipal housing,https://councildocs.dsm.city/agendas/ag20201221.pdf,"43. Authorizing Finance Director to draw check registers for the weeks of December 21 and 28, 2020; to draw checks for the bills of the Des Moines Municipal Housing Agency for the weeks of December 21 and 28, 2020; to draw checks for biweekly payroll due December 31, 2020. ORDINANCES - SECOND CONSID"
2020-12-21,2,20-2147,,,,,,,,6-0,,tier2_screen_only;urban renewal,https://councildocs.dsm.city/agendas/ag20201221.pdf,"54. On the proposed Twenty-Seventh Amendment to the Metro Center Urban Renewal Plan. (Council Communication No. 20-556) (A) On the authorization of a loan agreement and issuance of not to exceed $47,000,000 General Obligation Urban Renewal Capital Loan Notes 2021B, (1-11-21)."
2020-12-21,2,55,,,,,,,,6-0,,tier2_screen_only;urban renewal,https://councildocs.dsm.city/agendas/ag20201221.pdf,"55. Items regarding the Market District in the vicinity of Southeast 4th Street and East Market Street, generally from the Des Moines River on the west to Southeast 5th Street on the east, and from East Vine Street on the north to East Martin Luther King Jr. Parkway on the south (A, B. and C are hea"
2021-01-11,1,21-0023,resolution of intent,"Tree House Partners, LLC (Tim Rypma, Paul Cownie, Jeremy Cortright)",Historic renovation of three multi-family apartment buildings,2315 Grand Avenue,2400000.0,16900000.0,approved,6-0,high,,https://councildocs.dsm.city/communications/2021/21-011.pdf,
2021-01-11,2,21-0025,,,,,,,,7-0,,tier2_screen_only;urban renewal,https://councildocs.dsm.city/agendas/ag20210111.pdf,23. Authorization of advancement of costs for the former DICO Property Urban Renewal Project in the Metro Center Urban Renewal Area and certification of expenses incurred by the City for payment under Iowa Code Section 403.19.
2021-01-11,2,21-0035,,,,,,,,7-0,,tier2_screen_only;municipal housing,https://councildocs.dsm.city/agendas/ag20210111.pdf,"28. Authorizing Finance Director to draw checks registers for the weeks of January 11 and 18, 2021; to draw checks for the bills of the Des Moines Municipal Housing Agency for the weeks of January 11 and 18, 2021; to draw checks for biweekly payroll due January 15, 2021. ORDINANCES - SECOND CONSIDER"
2021-01-11,2,21-0050,,,,,,,,5-1-0,,tier2_screen_only;urban renewal,https://councildocs.dsm.city/agendas/ag20210111.pdf,"39. On the authorization of a loan agreement and issuance of not to exceed $47,000,000 General Obligation Urban Renewal Capital Loan Notes 2021B for an essential corporate purpose. (Council Communication No. 21-016) (A) Authorization for additional action."
2021-01-25,1,21-0106,resolution of intent,"3523 6th Avenue, LLC (Joe Cordaro, Benchmark Real Estate Group; Randy Reichardt, RWR Development, LLC)",Commercial renovation of 3523 6th Avenue (former Euclid Avenue State Bank),3523 6th Avenue,534012.0,1760000.0,approved,7-0,high,,https://councildocs.dsm.city/communications/2021/21-032.pdf,
2021-01-25,1,21-0107,resolution of intent,"3524 6th Avenue, LLC (Joe Cordaro, Benchmark Real Estate Group; Randy Reichardt, RWR Development, LLC)",Mixed-use renovation of 3524 6th Avenue (commercial + 14 residential units),3524 6th Avenue,1671037.0,2600000.0,approved,7-0,high,,https://councildocs.dsm.city/communications/2021/21-035.pdf,
2021-01-25,1,21-0109,approve development agreement,"FW Rehab, LLC (Abbey Gilroy, Executive Director)",Renovation of 3610 6th Avenue into mixed-use residential and commercial (home to Chuck's Restaurant),3610 6th Avenue,166720.0,1240000.0,approved,7-0,high,,https://councildocs.dsm.city/communications/2021/21-044.pdf,
2021-01-25,2,21-0108,,,,,,,,7-0,,tier2_screen_only;urban renewal,https://councildocs.dsm.city/agendas/ag20210125.pdf,"35. Second Amendment to Amended and Restated Urban Renewal Agreement, Assignment and Assumption Agreement, and Amended Declaration of Covenants with Miesblock Commercial, LLC, (Michael K. Nelson). (Council Communication No. 21-048)"
2021-01-25,2,21-0113,,,,,,,,7-0,,tier2_screen_only;municipal housing,https://councildocs.dsm.city/agendas/ag20210125.pdf,40. Letter of Support for Des Moines Municipal Housing Agency’s Disposition Application.
2021-01-25,2,21-0130,,,,,,,,7-0,,tier2_screen_only;municipal housing,https://councildocs.dsm.city/agendas/ag20210125.pdf,"52. Authorizing Finance Director to draw checks on registers for the weeks of January 25 and February 1, 2021; to draw checks for the bills of the Des Moines Municipal Housing Agency for the weeks of January 25 and February 1, 2021; to draw checks for biweekly payroll due January 29, 2021. ORDINANCE"
2021-01-25,2,21-0154,,,,,,,,6-0,,tier2_screen_only;urban renewal,https://councildocs.dsm.city/agendas/ag20210125.pdf,"63. On selecting the developer, approving Urban Renewal Agreement with The District Developer, LLC for the sale of the land for private redevelopment, and for development of land owned and to be owned by Developer in the Market District in the East Village and part of the Metro Center Urban Renewal "
2021-02-08,1,21-0202,resolution of intent,"Stapek Partners, LLC (Tim Rypma)",Historic renovation of 112 SE 4th Street (Central Oil Works / Garden Nightclub building),112 SE 4th Street,831473.0,6300000.0,approved,7-0,high,,https://councildocs.dsm.city/communications/2021/21-064.pdf,
2021-02-08,1,21-0203,approve development agreement,"3801 Grand Associates, L.P. (owner) and Newbury Management Company d/b/a Newbury Living (Frank Levy, President)",New 56-unit multi-residential apartment building,3705-3707 Grand Avenue,4700000.0,33500000.0,approved,7-0,high,,https://councildocs.dsm.city/communications/2021/21-059.pdf,
2021-02-08,1,21-0219,resolution of intent,"Krause+ (Gerard Haberman, President)",Capital City Reinvestment District / Krause+ Stadium and Western Gateway master planned redevelopment,"Approx. 60 acres south of Martin Luther King Jr. Parkway east of the Raccoon River; approx. 6 acres in Western Gateway between High St and Grand Ave, 15th-17th Streets",,550000000.0,approved,7-0,medium,figure_not_in_source,https://councildocs.dsm.city/communications/2021/21-062.pdf,
2021-02-08,2,21-0192,,,,,,,,7-0,,tier2_screen_only;urban renewal,https://councildocs.dsm.city/agendas/ag20210208.pdf,"24. On the proposed Urban Renewal Plan for the Hilltop Urban Renewal Area located in the 3500-3600 block of Hubbell Avenue, at the intersection of E. Douglas Avenue and Kennedy Drive, (3-22-21). (Council Communication No. 21-065)"
2021-02-08,2,21-0209,,,,,,,,7-0,,tier2_screen_only;municipal housing,https://councildocs.dsm.city/agendas/ag20210208.pdf,"44. Authorizing Finance Director to draw on checks registers for the weeks of February 8 and 15, 2021; to draw checks for the bills of the Des Moines Municipal Housing Agency for the weeks of February 8 and 15, 2021; to draw checks for biweekly payroll due February 12, 2021. ORDINANCES - SECOND CONS"
2021-02-22,1,21-0277,resolution of intent,"Hilltop Housing, LLC (J.B. Conlin, Conlin Properties)",Hilltop Apartments (42-unit family + 42-unit senior buildings),Vicinity of 3600 Hubbell Avenue,816315.0,17100000.0,approved,7-0,high,,https://councildocs.dsm.city/communications/2021/21-082.pdf,
2021-02-22,1,21-0278,approve development agreement,"Tree House Partners, LLC (Tim Rypma, Paul Cownie, Jeremy Cortright)",Historic renovation of three apartment buildings at 2315 Grand Avenue,2315 Grand Avenue,2400000.0,16900000.0,approved,7-0,high,,https://councildocs.dsm.city/communications/2021/21-086.pdf,
2021-02-22,2,21-0259,,,,,,,,7-0,,tier2_screen_only;tax abatement,https://councildocs.dsm.city/agendas/ag20210222.pdf,14. Approving tax abatement applications for the additional value added by improvements completed during 2020 (315 applications). (Council Communication No. 21-074) COMMUNICATIONS FROM PLANNING AND ZONING
2021-02-22,2,21-0268,,,,,,,,7-0,,tier2_screen_only;urban renewal,https://councildocs.dsm.city/agendas/ag20210222.pdf,"22. On the proposed First Amendment to the Urban Renewal Plan for the Oak Park-Highland Park Urban Renewal Area, (4-5-21). (Council Communication No. 21-087)"
2021-02-22,2,21-0269,,,,,,,,7-0,,tier2_screen_only;urban renewal,https://councildocs.dsm.city/agendas/ag20210222.pdf,"23. On the proposed Second Amendment to the Urban Renewal Plan for the 38th and Grand Urban Renewal Area, (4-5-21). (Council Communication No. 21-088)"
2021-02-22,2,21-0270,,,,,,,,7-0,,tier2_screen_only;urban renewal,https://councildocs.dsm.city/agendas/ag20210222.pdf,"24. On the proposed Eighth Amendment to the Urban Renewal Plan for the Ingersoll-Grand Commercial Urban Renewal Area, (4-5-21). (Council Communication No. 21-089)"
2021-02-22,2,21-0297,,,,,,,,7-0,,"tier2_screen_only;municipal housing,tax exemption,urban renewal",https://councildocs.dsm.city/agendas/ag20210222.pdf,"37. Authorizing Finance Director to draw check registers for the weeks of February 22 and March 1, 2021; to draw checks for the bills of the Des Moines Municipal Housing Agency for the weeks of February 22 and March 1, 2021; to draw checks for biweekly payroll due February 26, 2021. 37I. Issuance of"
2021-03-08,1,21-0380,approve development agreement,"3523 6th Avenue, LLC (Joe Cordaro, Randy Reichardt)",Commercial renovation of 3523 6th Avenue (former Euclid Avenue State Bank),3523 6th Avenue,534012.0,1760000.0,approved,6-1,high,,https://councildocs.dsm.city/communications/2021/21-119.pdf,
2021-03-08,1,21-0381,approve development agreement,"3524 6th Avenue, LLC (Joe Cordaro, Randy Reichardt)",Mixed-use renovation of 3524 6th Avenue,3524 6th Avenue,1671037.0,2600000.0,approved,6-1,high,,https://councildocs.dsm.city/communications/2021/21-120.pdf,
2021-03-08,1,21-0382,other,"Jarcor, LLC",Argonne Apartment Building,1723 Grand Avenue,,,approved,6-1,low,not_incentive_related,https://councildocs.dsm.city/agendas/ag20210308.pdf,
2021-03-08,2,21-0403,,,,,,,,6-1,,tier2_screen_only;municipal housing,https://councildocs.dsm.city/agendas/ag20210308.pdf,"48. Authorizing Finance Director to draw checks on registers for the weeks of March 8 and 15, 2021; to draw checks for the bills of the Des Moines Municipal Housing Agency for the weeks of March 8 and 15, 2021; to draw checks for biweekly payroll due March 12, 2021. ORDINANCES - FINAL CONSIDERATION"
2021-03-22,1,21-0496,ordinance,,Hilltop Urban Renewal Plan and TIF District,3500-3600 block of Hubbell Avenue at E. Douglas Avenue and Kennedy Drive,,,approved,7-0,medium,,https://councildocs.dsm.city/communications/2021/21-145.pdf,
2021-03-22,2,21-0478,,,,,,,,7-0,,tier2_screen_only;municipal housing,https://councildocs.dsm.city/agendas/ag20210322.pdf,"29. Authorizing Finance Director to draw checks on registers for the weeks of March 22 and 29, 2021; to draw checks for the bills of the Des Moines Municipal Housing Agency for the weeks of March 22 and 29, 2021; to draw checks for biweekly payroll due March 26, 2021. ORDINANCES - FINAL CONSIDERATIO"
2021-04-05,1,21-0542,approve development agreement,"McKinley Manor, LLC (d/b/a Percy's Landing Senior, LP; JB Conlin, Conlin Properties)",Percy's Landing (senior housing conversion of former Percy Hoak Elementary),1801 McKinley Avenue,507940.0,4500000.0,approved,7-0,high,,https://councildocs.dsm.city/communications/2021/21-167.pdf,
2021-04-05,1,21-0543,approve development agreement,"Stapek Partners, LLC (Tim Rypma)",Historic renovation of 112 SE 4th Street (Central Oil Works / Garden Nightclub),112 SE 4th Street,847487.0,6300000.0,approved,7-0,high,,https://councildocs.dsm.city/communications/2021/21-155.pdf,
2021-04-05,1,21-0544,resolution of intent,"ILEX Group, Inc. (Ben Schultes)","Two spec warehouse buildings (Buildings B and C, Northridge site)",Vicinity of 4600 NE 14th Street,4300997.0,29000000.0,approved,7-0,medium,,https://councildocs.dsm.city/communications/2021/21-166.pdf,
2021-04-05,1,21-0545,other,,,,,,approved,7-0,low,not_incentive_related,https://councildocs.dsm.city/communications/2021/21-157.pdf,
2021-04-05,1,21-0567,ordinance,,"First Amendment to Oak Park-Highland Park Urban Renewal Plan (TIF Districts 1, 2, 3)",Oak Park-Highland Park Urban Renewal Area,,,approved,7-0,medium,,https://councildocs.dsm.city/communications/2021/21-146.pdf,
2021-04-05,1,21-0574,ordinance,,Second Amendment to 38th and Grand Urban Renewal Plan (TIF District No. 2),38th and Grand Urban Renewal Area,,,approved,7-0,medium,,https://councildocs.dsm.city/communications/2021/21-147.pdf,
2021-04-05,2,21-0561,,,,,,,,7-0,,tier2_screen_only;municipal housing,https://councildocs.dsm.city/agendas/ag20210405.pdf,"26. Authorizing Finance Director to draw checks on registers for the weeks of April 5 and 12, 2021; to draw checks for the bills of the Des Moines Municipal Housing Agency for the weeks of April 5 and 12, 2021; to draw checks for biweekly payroll due April 9, 2021. ORDINANCES - SECOND CONSIDERATION "
2021-04-05,2,21-0577,,,,,,,,7-0,,tier2_screen_only;urban renewal,https://councildocs.dsm.city/agendas/ag20210405.pdf,32. On the proposed Eighth Amendment to the Urban Renewal Plan for the Ingersoll-Grand Commercial Urban Renewal Area. (Council Communication No. 21-148)
2021-04-19,1,21-0624,approve development agreement,"Hilltop Housing, LLC (J.B. Conlin, Conlin Properties)",Hilltop III Apartments (42-unit family) and Hilltop IV Senior Housing (42-unit senior),Vicinity of 3600 Hubbell Avenue,816315.0,17100000.0,approved,7-0,high,,https://councildocs.dsm.city/communications/2021/21-189.pdf,
2021-04-19,2,13,,,,,,,,7-0,,tier2_screen_only;tax abatement,https://councildocs.dsm.city/agendas/ag20210419.pdf,"13. Approving tax abatement applications for the additional value added by improvements completed during 2020 as follows: (Council Communication No. 21-188) (A) 631 40th Street, 913 SE 9th Street and 1430 Idaho Street. (B) 2650 E Payton Avenue and 4881 SW 63rd Street. (C) 2678 Hart Avenue. BOARDS/CO"
2021-04-19,2,21-0634,,,,,,,,7-0,,tier2_screen_only;municipal housing,https://councildocs.dsm.city/agendas/ag20210419.pdf,"31. Authorizing Finance Director to draw checks on registers for the weeks of April 19, 26 and May 3, 2021; to draw checks for the bills of the Des Moines Municipal Housing Agency for the weeks of April 19, 26 and May 3, 2021; to draw checks for biweekly payroll due April 23 and May 7, 2021. ORDINAN"
2021-05-10,1,21-0703,resolution of intent,"Urban Campus Apartments L.L.L.P. (Jack Hatch, Michael Kiernan)",Sixth Avenue Flats (42-unit multi-family),1230 6th Avenue,,9200000.0,approved,7-0,high,,https://councildocs.dsm.city/communications/2021/21-217.pdf,
2021-05-10,2,21-0696,,,,,,,,7-0,,tier2_screen_only;urban renewal,https://councildocs.dsm.city/agendas/ag20210510.pdf,"29. On the proposed Twenty-Eighth Amendment to the Urban Renewal Plan for the Metro Center Urban Renewal Area, (6-14-21). (Council Communication No. 21-218) LEGAL DEPARTMENT - CLAIM SETTLEMENTS & BILLINGS"
2021-05-10,2,21-0724,,,,,,,,7-0,,tier2_screen_only;municipal housing,https://councildocs.dsm.city/agendas/ag20210510.pdf,"45. Authorizing Finance Director to draw checks on registers for the weeks of May 10 and 17, 2021; to draw checks for the bills of the Des Moines Municipal Housing Agency for the weeks of May 10 and 17, 2021; to draw checks for biweekly payroll due May 21, 2021. ORDINANCES - SECOND CONSIDERATION"
2021-05-24,2,21-0799,,,,,,,,7-0,,tier2_screen_only;municipal housing,https://councildocs.dsm.city/agendas/ag20210524.pdf,"41. Authorizing Finance Director to draw checks on registers for the weeks of May 24 and 31 and June 7, 2021; to draw checks for the bills of the Des Moines Municipal Housing Agency for the weeks of May 24 and 31 and June 7, 2021; to draw checks for biweekly payroll due June 4, 2021. * * * * * * * E"
2021-06-14,1,21-0877,amend agreement,"3524 6th Avenue, LLC (Joe Cordaro, Randy Reichardt)","First Amendment to Urban Renewal Development Agreement, 3524 6th Avenue",3524 6th Avenue,,,approved,7-0,low,figure_not_in_source,https://councildocs.dsm.city/agendas/ag20210614.pdf,
2021-06-14,2,21-0887,,,,,,,,7-0,,tier2_screen_only;tax exemption,https://councildocs.dsm.city/agendas/ag20210614.pdf,"49. Authorizing a form of Loan and Disbursement Agreement with the Iowa Finance Authority, Iowa Department of Natural Resources and authorizing and providing for the issuance and securing payment of $3,624,000 Sewer Revenue Capital Loan Notes, Series 2021C and providing for a method of payment of sa"
2021-06-14,2,21-0888,,,,,,,,7-0,,tier2_screen_only;tax exemption,https://councildocs.dsm.city/agendas/ag20210614.pdf,"50. Authorizing a Form of Loan and Disbursement Agreement with the Iowa Finance Authority and the Iowa Department of Natural Resources and authorizing and providing for the issuance and securing the payment of $3,623,000 Stormwater Management Utility Revenue Capital Loan Notes, Series 2021E, and pro"
2021-06-14,2,21-0889,,,,,,,,7-0,,tier2_screen_only;tax exemption,https://councildocs.dsm.city/agendas/ag20210614.pdf,"51. Authorizing a Form of Loan and Disbursement Agreement with the Iowa Finance Authority and the Iowa Department of Natural Resources and authorizing and providing for the issuance and securing the payment of $15,000,000 Sewer Revenue Capital Loan Notes, Series 2021D, and providing for a method of "
2021-06-14,2,21-0890,,,,,,,,7-0,,tier2_screen_only;municipal housing,https://councildocs.dsm.city/agendas/ag20210614.pdf,"52. Authorizing Finance Director to draw checks on registers for the weeks of June 14 and 21, 2021; to draw checks for the bills of the Des Moines Municipal Housing Agency for the weeks of June 14 and 21, 2021; to draw checks for biweekly payroll due June 18, 2021. CITY MANAGER COMMUNICATION 52I Sub"
2021-06-14,2,21-0917,,,,,,,,7-0,,tier2_screen_only;urban renewal,https://councildocs.dsm.city/agendas/ag20210614.pdf,70. On the proposed Twenty-Eighth Amendment to the Urban Renewal Plan for the Metro Center Urban Renewal Area. (Council Communication No. 21-259)
2021-06-16,1,43,amend agreement,"3524 6th Avenue, LLC (Joe Cordaro, Randy Reichardt)","First Amendment to Urban Renewal Development Agreement, 3524 6th Avenue",3524 6th Avenue,,,,,low,figure_not_in_source,https://councildocs.dsm.city/agendas/ag20210616.pdf,
2021-06-16,2,49,,,,,,,,,,tier2_screen_only;tax exemption,https://councildocs.dsm.city/agendas/ag20210616.pdf,"49. Authorizing a form of Loan and Disbursement Agreement with the Iowa Finance Authority, Iowa Department of Natural Resources and authorizing and providing for the issuance and securing payment of $3,624,000 Sewer Revenue Capital Loan Notes, Series 2021C and providing for a method of payment of sa"
2021-06-16,2,50,,,,,,,,,,tier2_screen_only;tax exemption,https://councildocs.dsm.city/agendas/ag20210616.pdf,"50. Authorizing a Form of Loan and Disbursement Agreement with the Iowa Finance Authority and the Iowa Department of Natural Resources and authorizing and providing for the issuance and securing the payment of $3,623,000 Stormwater Management Utility Revenue Capital Loan Notes, Series 2021E, and pro"
2021-06-16,2,51,,,,,,,,,,tier2_screen_only;tax exemption,https://councildocs.dsm.city/agendas/ag20210616.pdf,"51. Authorizing a Form of Loan and Disbursement Agreement with the Iowa Finance Authority and the Iowa Department of Natural Resources and authorizing and providing for the issuance and securing the payment of $15,000,000 Sewer Revenue Capital Loan Notes, Series 2021D, and providing for a method of "
2021-06-16,2,52,,,,,,,,,,tier2_screen_only;municipal housing,https://councildocs.dsm.city/agendas/ag20210616.pdf,"52. Authorizing Finance Director to draw checks on registers for the weeks of June 14 and 21, 2021; to draw checks for the bills of the Des Moines Municipal Housing Agency for the weeks of June 14 and 21, 2021; to draw checks for biweekly payroll due June 18, 2021. CITY MANAGER COMMUNICATION 52I Sub"
2021-06-16,2,70,,,,,,,,,,tier2_screen_only;urban renewal,https://councildocs.dsm.city/agendas/ag20210616.pdf,70. On the proposed Twenty-Eighth Amendment to the Urban Renewal Plan for the Metro Center Urban Renewal Area. (Council Communication No. 21-259)
2021-06-28,1,21-0978,resolution of intent,"SW9 215, LLC (Kris Saddoris, Hubbell Realty Company)","215 SW 9th (5-story, 66-unit multi-family)",215 SW 9th Street,2014435.0,12960000.0,approved,7-0,medium,,https://councildocs.dsm.city/communications/2021/21-304.pdf,
2021-06-28,1,21-0980,resolution of intent,"Des Moines Climate Controlled Storage, LLC (Mark Bockenstedt)","4-story climate-controlled storage complex (153,600 sq ft)",503 SE 12th Street,1695738.0,15500000.0,approved,7-0,medium,,https://councildocs.dsm.city/communications/2021/21-305.pdf,
2021-06-28,1,21-0981,approve development agreement,"Urban Campus Apartments L.L.L.P. (Jack Hatch, Michael Kiernan)",Sixth Avenue Flats (42-unit multi-family),1230 6th Avenue,,9200000.0,approved,7-0,high,,https://councildocs.dsm.city/communications/2021/21-285.pdf,
2021-06-28,1,21-0983,approve development agreement,"ILEX Group, Inc. and JE Northridge 2021, LLC (Ben Schultes)","Two spec warehouse buildings (Buildings B and C, Northridge site)",Vicinity of 4600 NE 14th Street,4300997.0,29000000.0,approved,7-0,high,,https://councildocs.dsm.city/communications/2021/21-290.pdf,
2021-06-28,1,21-0984,amend agreement,"Merle Hay Investors, LLC and Merle Hay Anchors, LLC (Elizabeth Holland)",Merle Hay Mall Phase 2 redevelopment (Kohl's / Flix),"Merle Hay Mall, Merle Hay Road and Douglas Avenue",400000.0,,approved,7-0,high,,https://councildocs.dsm.city/communications/2021/21-284.pdf,
2021-06-28,1,21-0985,amend agreement,"Des Moines Cold Storage Co., Inc. and Crossroads Cold Storage, LLC (CJ Morton)",Des Moines Cold Storage Phase II property,SE 43rd and Vandalia Road,,,approved,7-0,medium,not_incentive_related,https://councildocs.dsm.city/communications/2021/21-295.pdf,
2021-06-28,1,21-0986,other,"Merge, LLC / Merge Urban Development Group (Brent Dahlstrom)",Dogtown Mixed Use Project (120-unit multi-family),25th Street and Carpenter Avenue,,20000000.0,approved,7-0,medium,,https://councildocs.dsm.city/communications/2021/21-282.pdf,
2021-06-28,1,21-0988,other,"DEV Partners c/o HOM Investments 6, LLC",Concord Project,732 and 740 18th Street,,1500000.0,approved,7-0,high,,https://councildocs.dsm.city/communications/2021/21-306.pdf,
2021-06-28,1,21-0989,other,"Tree House Partners, LLC",Grand Trees Project,2315 Grand Avenue,2400000.0,16859500.0,approved,6-0,high,,https://councildocs.dsm.city/communications/2021/21-306.pdf,
2021-06-28,1,21-0990,other,"Euclid Foresight, LLC",French Way Cleaners Project,413 Euclid Avenue,,3374238.0,approved,7-0,high,,https://councildocs.dsm.city/communications/2021/21-306.pdf,
2021-06-28,2,50,,,,,,,,7-0,,tier2_screen_only;municipal housing,https://councildocs.dsm.city/agendas/ag20210628.pdf,"50. Abatement of public nuisance as follows: (A) 1274 Stewart Street. (B) 3705 5th Avenue. (C) 3328 Dubuque Avenue. (D) 4330 Hubbell Avenue. (E) 1210 Army Post Road. (F) 1424 E. Virginia Avenue, Lot 28. (G) 2700 Logan Avenue. (H) 1335 McCormick St. 50I. Authorizing Finance Director to draw checks on"
2021-06-28,2,21-1029,,,,,,,,7-0,,tier2_screen_only;urban renewal,https://councildocs.dsm.city/agendas/ag20210628.pdf,58. Closing public hearing on the proposed Twenty-eighth Amendment to the Metro Center Urban Renewal Plan.
2021-07-19,1,21-1129,other,"TB, LC",Thomas Beck Brownstones Project,1328 Thomas Beck Road,,8800000.0,approved,7-0,high,,https://councildocs.dsm.city/communications/2021/21-338.pdf,
2021-07-19,1,21-1130,other,"3524 6th Avenue, LLC",Highland Apartments Project,3524 6th Avenue,1671037.0,2600000.0,approved,7-0,high,,https://councildocs.dsm.city/communications/2021/21-338.pdf,
2021-07-19,2,21-1107,,,,,,,,7-0,,tier2_screen_only;urban renewal,https://councildocs.dsm.city/agendas/ag20210719.pdf,"23. On issuance of not to exceed $40,000,000 General Obligation Urban Renewal Bonds for Essential Corporate Purposes, (8-9-21)."
2021-07-19,2,21-1127,,,,,,,,7-0,,tier2_screen_only;urban renewal,https://councildocs.dsm.city/agendas/ag20210719.pdf,"43. Certificate of completion to Connolly Lofts Associates, L.P. for the redevelopment of property at 401 SE 6th Street and 400 SE 7th Street in the Metro Center Urban Renewal Area."
2021-07-19,2,21-1149,,,,,,,,7-0,,tier2_screen_only;municipal housing,https://councildocs.dsm.city/agendas/ag20210719.pdf,"57. Authorizing Finance Director to draw checks on registers for the weeks of July 19 and 26 and August 2, 2021; to draw checks for the bills of the Des Moines Municipal Housing Agency for the weeks of June 19 and 26 and August 2, 2021; to draw checks for biweekly payroll due July 30, 2021. ORDINANC"
2021-08-09,2,21-1220,,,,,,,,7-0,,tier2_screen_only;urban renewal,https://councildocs.dsm.city/agendas/ag20210809.pdf,"27. On the competitive bid process for sale and redevelopment of 503 SE 12th Street in the Metro Center Urban Renewal Project Area, and receipt of redevelopment proposal from Des Moines Climate Controlled Self Storage, LLC (Mark Bockenstedt, Owner), (9-13- 21). (Council Communication No. 21-357) LEG"
2021-08-09,2,21-1241,,,,,,,,7-0,,tier2_screen_only;municipal housing,https://councildocs.dsm.city/agendas/ag20210809.pdf,"42. Authorizing Finance Director to draw checks on registers for the weeks of August 9 and 16; to draw checks for the bills of the Des Moines Municipal Housing Agency for the weeks of August 9 and 16; to draw checks for biweekly payroll due August 13, 2021. * * * * * * * END CONSENT AGENDA * * * * *"
2021-08-09,2,21-1244,,,,,,,,7-0,,tier2_screen_only;urban renewal,https://councildocs.dsm.city/agendas/ag20210809.pdf,"44. On the issuance of not to exceed $40,000,000 General Obligation Urban Renewal Bonds of the City of Des Moines, State of Iowa (For Essential Corporate Purposes). (Council Communication No. 21-348) (A) Authorization to take additional action."
2021-08-09,2,21-1272,,,,,,,,7-0,,tier2_screen_only;revenue bond,https://councildocs.dsm.city/agendas/ag20210809.pdf,"58. On the issuance of not to exceed $1,000,000 General Obligation Bonds of City of Des Moines, State of Iowa (for General Corporate Purposes, (GCP-13)). (Council Communication No. 21-348) (A) Authorization to take additional action. (B) Directing the advertisement for sale of $96,845,000 General Ob"
2021-08-23,1,21-1333,amend agreement,"Bell Avenue Properties, Inc. (Thomas Koehn, President)",Waldinger Corporation headquarters,6200 Scout Trail,,,approved,7-0,high,,https://councildocs.dsm.city/communications/2021/21-373.pdf,
2021-08-23,2,21-1349,,,,,,,,7-0,,tier2_screen_only;municipal housing,https://councildocs.dsm.city/agendas/ag20210823.pdf,"34. Authorizing Finance Director to draw checks on registers for the weeks of August 23, 30 and September 6, 2021; to draw checks for the bills of the Des Moines Municipal Housing Agency for the weeks of August 23, 30 and September 6, 2021; to draw checks for biweekly payroll due August 27 and Septe"
2021-09-13,1,21-1420,approve development agreement,Slate at Gray's Landing LLC (Sherman Associates),The Slate,southwest corner of SW 11th Street and Tuttle Street,,30000000.0,approved,6-1,medium,figure_not_in_source,https://councildocs.dsm.city/communications/2021/21-394.pdf,
2021-09-13,1,21-1422,other,Abbott Properties (buyer); Des Moines Social Club (seller),Old Central Fire Station No. 1,900 Mulberry Street,,6600000.0,approved,6-1,medium,not_incentive_related,https://councildocs.dsm.city/communications/2021/21-395.pdf,
2021-09-13,2,21-1412,,,,,,,,6-1,,tier2_screen_only;urban renewal,https://councildocs.dsm.city/agendas/ag20210913.pdf,"20. On the competitive process for sale of land and redevelopment of the Crescent Chevrolet Building in the Metro Center Urban Renewal Project Area and receipt of redevelopment proposal from the Krause+ Affiliate KG Store 543, LLC, (10-18-21)."
2021-09-13,2,21-1413,,,,,,,,6-1,,tier2_screen_only;urban renewal,https://councildocs.dsm.city/agendas/ag20210913.pdf,"21. On the proposed Twenty-Ninth Amendment to the Metro Center Urban Renewal Plan, (11-1-21). (Council Communication No. 21-393)"
2021-09-13,2,21-1414,,,,,,,,6-1,,tier2_screen_only;urban renewal,https://councildocs.dsm.city/agendas/ag20210913.pdf,"22. On the proposed Third Amendment to the Urban Renewal Plan for the Fleur Drive Commercial Urban Renewal Area, (11-1-21). (Council Communication No. 21-391)"
2021-09-13,2,21-1415,,,,,,,,,,tier2_screen_only;urban renewal,https://councildocs.dsm.city/agendas/ag20210913.pdf,"23. On the proposed Second Amendment to the Urban Renewal Plan for the Northeast Gateway 1 Urban Renewal Area, (11-1-21). (Council Communication No. 21-384)"
2021-09-13,2,21-1416,,,,,,,,6-1,,tier2_screen_only;urban renewal,https://councildocs.dsm.city/agendas/ag20210913.pdf,"24. On the proposed Third Amendment to the Urban Renewal Area Plan for the Merle Hay Commercial Area Urban Renewal Area, (11-1-21). (Council Communication No. 21-390)"
2021-09-13,2,21-1417,,,,,,,,6-1,,tier2_screen_only;urban renewal,https://councildocs.dsm.city/agendas/ag20210913.pdf,"25. On the proposed Ninth Amendment to the Urban Renewal Plan for the Ingersoll-Grand Commercial Urban Renewal Area, (11-1-21). (Council Communication No. 21-392)"
2021-09-13,2,21-1429,,,,,,,,6-1,,tier2_screen_only;tax exemption,https://councildocs.dsm.city/agendas/ag20210913.pdf,"38. Issuance of $89,125,000 General Obligation Bonds, Series 2021F, and levying a tax to pay said Bonds: Approval of the Tax Exemption Certificate and Continuing Disclosure Certificate."
2021-09-13,2,21-1430,,,,,,,,6-1,,tier2_screen_only;tax exemption,https://councildocs.dsm.city/agendas/ag20210913.pdf,"39. Issuance of Taxable $5,050,000 General Obligation Bonds, Series 2021G, and levying a tax to pay said Bonds: Approval of the Tax Exemption Certificate and Continuing Disclosure Certificate."
2021-09-13,2,21-1431,,,,,,,,6-1,,"tier2_screen_only;revenue bond,tax exemption",https://councildocs.dsm.city/agendas/ag20210913.pdf,"40. Issuance of $26,505,000 Stormwater Management Utility Revenue Bonds, Series 2021H, and levying a tax to pay said Bonds: Approval of the Tax Exemption Certificate and Continuing Disclosure Certificate."
2021-09-13,2,21-1434,,,,,,,,6-1,,tier2_screen_only;municipal housing,https://councildocs.dsm.city/agendas/ag20210913.pdf,"43. Authorizing Finance Director to draw checks on registers for the weeks of September 13, 20 and 27, 2021; to draw checks for the bills of the Des Moines Municipal Housing Agency for the weeks of September 13, 20 and 27, 2021; to draw checks for biweekly payroll due September 24, 2021. * * * * * *"
2021-09-13,2,21-1436,,,,,,,,6-1,,tier2_screen_only;urban renewal,https://councildocs.dsm.city/agendas/ag20210913.pdf,"45. Continuing hearing on the competitive bid process for sale and redevelopment of 503 SE 12th Street in the Metro Center Urban Renewal Project Area, and receipt of redevelopment proposal from Des Moines Climate Controlled Self Storage, LLC (Mark Bockenstedt, Owner). (Continue hearing to October 18"
2021-10-04,2,21-1498,,,,,,,,7-0,,tier2_screen_only;municipal housing,https://councildocs.dsm.city/agendas/ag20211004.pdf,"41. Authorizing Finance Director to draw checks on registers for the weeks of October 4 and 11, 2021; to draw checks for the bills of the Des Moines Municipal Housing Agency for the weeks of October 4 and 11, 2021; to draw checks for biweekly payroll due October 8, 2021. * * * * * * * * * END CONSEN"
2021-10-04,2,21-1517,,,,,,,,7-0,,tier2_screen_only;urban renewal,https://councildocs.dsm.city/agendas/ag20211004.pdf,50. On proposed Second Amendment to the Southwest Gateway Urban Renewal Plan. (Council Communication No. 21-422) **** END OF HEARINGS _____________ P.M. **** INFORMAL HEARINGS
2021-10-18,1,21-1564,resolution of intent,"PDM Precast, Inc. (Adam Petersen)",PDM Precast industrial production plant expansion,3312 E. Granger Avenue,275000.0,10000000.0,approved,7-0,high,,https://councildocs.dsm.city/communications/2021/21-459.pdf,
2021-10-18,2,21-1557,,,,,,,,7-0,,tier2_screen_only;urban renewal,https://councildocs.dsm.city/agendas/ag20211018.pdf,"20. On the proposed Douglas Avenue Urban Renewal Area, (12-6-21). (Council Communication No. 21-460) LEGAL DEPARTMENT - CLAIM SETTLEMENTS & BILLINGS"
2021-10-18,2,21-1568,,,,,,,,7-0,,tier2_screen_only;urban renewal,https://councildocs.dsm.city/agendas/ag20211018.pdf,31. Joint Agreement allowing Polk County to proceed with amending the Norwoodville Urban Renewal Plan for the Norwoodville Urban Renewal Area that is located within two (2) miles of the City of Des Moines. (Council Communication No. 21-442)
2021-10-18,2,21-1575,,,,,,,,7-0,,tier2_screen_only;municipal housing,https://councildocs.dsm.city/agendas/ag20211018.pdf,"38. Authorizing Finance Director to draw checks on registers for the weeks of October 18 and 25, 2021; to draw checks for the bills of the Des Moines Municipal Housing Agency for the weeks of October 18 and 25, 2021; to draw checks for biweekly payroll due October 22, 2021. ORDINANCES - SECOND CONSI"
2021-10-18,2,21-1589,,,,,,,,7-0,,tier2_screen_only;urban renewal,https://councildocs.dsm.city/agendas/ag20211018.pdf,"46. Dismissing hearing on the competitive bid process for sale and redevelopment of 503 SE 12th Street in the Metro Center Urban Renewal Project Area, and redevelopment proposal from Des Moines Climate Controlled Self Storage, LLC (Mark Bockenstedt, Owner). (Continued from September 13, 2021 Council"
2021-10-18,2,52,,,,,,,,7-0,,tier2_screen_only;urban renewal,https://councildocs.dsm.city/agendas/ag20211018.pdf,"52. Items related to the redevelopment of the Crescent Chevrolet Building as follows: (A) First consideration of ordinance vacating segments of 16th Street right-of-way and Linden Street right-of-way, generally bound by High Street and Ingersoll Ave and 15th Street and 17th Street. (B) Final conside"
2021-11-01,2,21-1663,,,,,,,,6-1,,tier2_screen_only;urban renewal,https://councildocs.dsm.city/agendas/ag20211101.pdf,"29. Accepting revised development proposal from Des Moines Climate Controlled Self Storage, LLC (Mark Bockenstedt, Owner) to develop City-owned property in the vicinity of 503 SE 12th Street in the Metro Center Urban Renewal Area and setting public hearing, (12-6-21). (Council Communication No. 21-4"
2021-11-01,2,21-1671,,,,,,,,6-1,,tier2_screen_only;municipal housing,https://councildocs.dsm.city/agendas/ag20211101.pdf,"36. Authorizing Finance Director to draw checks on registers for the weeks of November 1 and 8, 2021; to draw checks for the bills of the Des Moines Municipal Housing Agency for the weeks of November 1 and 8, 2021; to draw checks for biweekly payroll due November 5, 2021. ORDINANCES - FINAL CONSIDER"
2021-11-01,2,21-1676,,,,,,,,6-1,,tier2_screen_only;urban renewal,https://councildocs.dsm.city/agendas/ag20211101.pdf,41. On the proposed Twenty-Ninth Amendment to the Metro Center Urban Renewal Plan. (Council Communication No. 21-473)
2021-11-01,2,21-1677,,,,,,,,6-1,,tier2_screen_only;urban renewal,https://councildocs.dsm.city/agendas/ag20211101.pdf,42. On proposed Second Amendment to the Urban Renewal Plan for the Northeast Gateway
2021-11-01,2,21-1634,,,,,,,,,,tier2_screen_only;urban renewal,https://councildocs.dsm.city/agendas/ag20211101.pdf,1 Urban Renewal Area. (Council Communication No. 21-475)
2021-11-01,2,21-1678,,,,,,,,6-1,,tier2_screen_only;urban renewal,https://councildocs.dsm.city/agendas/ag20211101.pdf,43. On proposed Third Amendment to the Urban Renewal Plan for the Fleur Drive Commercial Urban Renewal Area. (Council Communication No. 21-476)
2021-11-01,2,21-1679,,,,,,,,6-1,,tier2_screen_only;urban renewal,https://councildocs.dsm.city/agendas/ag20211101.pdf,44. On the proposed Third Amendment to the Urban Renewal Area Plan for the Merle Hay Commercial Area Urban Renewal Area. (Council Communication No. 21-477)
2021-11-01,2,21-1680,,,,,,,,6-1,,tier2_screen_only;urban renewal,https://councildocs.dsm.city/agendas/ag20211101.pdf,"45. On the proposed Ninth Amendment to the Urban Renewal Plan for the Ingersoll-Grand Commercial Urban Renewal Area. (Council Communication No. 21-478) (A) First consideration of ordinance above. (B) Final consideration of ordinance above (waiver requested by Erin Olson-Douglas, Development Services"
2021-11-15,1,21-1730,resolution of intent,Landus Cooperative,Landus headquarters and innovation center relocation,220 SW 9th Street,,,approved,7-0,high,,https://councildocs.dsm.city/communications/2021/21-502.pdf,
2021-11-15,1,21-1737,other,,Annual Urban Renewal Report and TIF certification,,,,approved,7-0,medium,not_incentive_related,https://councildocs.dsm.city/communications/2021/21-497.pdf,
2021-11-15,1,21-1755,amend agreement,Greater Des Moines Botanical Garden (GDMBG),Botanical Center Master Plan Refresh,,,,approved,7-0,medium,,https://councildocs.dsm.city/communications/2021/21-494.pdf,
2021-11-15,2,21-1722,,,,,,,,7-0,,tier2_screen_only;urban renewal,https://councildocs.dsm.city/agendas/ag20211115.pdf,16. Regarding Douglas Avenue Urban Renewal Plan is in conformance with the PlanDSM: Creating Our Tomorrow Plan.
2021-11-15,2,21-1740,,,,,,,,7-0,,tier2_screen_only;municipal housing,https://councildocs.dsm.city/agendas/ag20211115.pdf,"30. Authorizing Finance Director to draw checks on registers for the weeks of November 15, 22 and 29, 2021; to draw checks for the bills of the Des Moines Municipal Housing Agency for the weeks of November 15, 22 and 29, 2021; to draw checks for biweekly payroll due November 19 and December 3, 2021."
2021-11-15,2,21-1763,,,,,,,,7-0,,tier2_screen_only;municipal housing,https://councildocs.dsm.city/agendas/ag20211115.pdf,"42. Amending Sections 90-1, 90-2, 90-35, Article III, 90-61, 90-62, and adding Section 90-4, relating to approval of procurement and emergency procurement for the municipal housing agency. (A) Final consideration of ordinance above (waiver requested by Chris Johansen, Neighborhood Services Departmen"
2021-12-06,1,21-1826,amend agreement,Greater Des Moines Botanical Garden (GDMBG),Botanical Center (corrected Third Amendment and Restated UR Development Agreement),,,,approved,7-0,low,figure_not_in_source,https://councildocs.dsm.city/minutes/as20211206.pdf,
2021-12-06,1,21-1827,amend agreement,"The District Developer, LLC (JSC Properties and MidAmerican Energy; Paul Hayes, Managing Member)",Market District master-planned mixed-use redevelopment,"vicinity of SE 4th and East Market Streets (10 blocks, ~39 acres)",,,approved,7-0,medium,,https://councildocs.dsm.city/communications/2021/21-528.pdf,
2021-12-06,2,21-1841,,,,,,,,7-0,,tier2_screen_only;municipal housing,https://councildocs.dsm.city/agendas/ag20211206.pdf,"50. Authorizing Finance Director to draw checks on registers for the weeks of December 6 and 13, 2021; to draw checks for the bills of the Des Moines Municipal Housing Agency for the weeks of December 6 and 13, 2021; to draw checks for biweekly payroll due December 17, 2021. * * * * * * * * END CONS"
2021-12-06,2,21-1844,,,,,,,,7-0,,tier2_screen_only;urban renewal,https://councildocs.dsm.city/agendas/ag20211206.pdf,"53. On the proposed Douglas Avenue Urban Renewal Area, receiving and filing the determination of the Des Moines Plan and Zoning Commission and adopting the Urban Renewal Plan. (Council Communication No. 21-531) (A) Resolution of Necessity for the Douglas Avenue Urban Renewal Area."
2021-12-06,2,21-1846,,,,,,,,7-0,,tier2_screen_only;urban renewal,https://councildocs.dsm.city/agendas/ag20211206.pdf,"54. Accepting revised development proposal from Des Moines Climate Controlled Self Storage, LLC (Mark Bockenstedt, Owner) to develop City-owned property in the vicinity of 503 SE 12th Street in the Metro Center Urban Renewal Area and accepting the conceptual development plan for the project. (Counci"
2021-12-20,1,21-1925,resolution of intent,"HOA EVMF, LLC (Heart of America Group; Chuck Ullrich, VP/CFO)","7-story, 110-unit mixed-use apartment building",317 East 6th Street,2300000.0,20060000.0,approved,7-0,high,,https://councildocs.dsm.city/communications/2021/21-550.pdf,
2021-12-20,1,21-1927,approve development agreement,Landus Cooperative,Landus headquarters and innovation center relocation,220 SW 9th Street,,,approved,7-0,high,,https://councildocs.dsm.city/communications/2021/21-575.pdf,
2021-12-20,1,21-1937,resolution of intent,"Merge Urban Development (Brent Dahlstrom, Partner/CEO, Merge Development Group)",Merge/Drake University mixed-use development (Phase 1),southeast corner of 25th Street and Carpenter Avenue,5069527.0,25000000.0,approved,7-0,high,,https://councildocs.dsm.city/communications/2021/21-563.pdf,
2021-12-20,1,21-1956,amend agreement,"Macerich Southridge Mall, LLC and The Macerich Partnership, LP; Genesis Health Clubs Sports Complex S.E. LLC (Rodney Steven II)",Southridge Mall Genesis Health Club and Multi-Sports Facility,1111 East Army Post Road,,,approved,7-0,medium,,https://councildocs.dsm.city/communications/2021/21-562.pdf,
2021-12-20,2,21-1896,,,,,,,,7-0,,tier2_screen_only;tax abatement,https://councildocs.dsm.city/agendas/ag20211220.pdf,"13. Tax abatement applications for the additional value added by improvements completed during 2021, (261 application). (Council Communication No. 21-546)"
2021-12-20,2,21-1915,,,,,,,,7-0,,tier2_screen_only;urban renewal,https://councildocs.dsm.city/agendas/ag20211220.pdf,"32. On the proposed Carpenter Urban Renewal Area Plan located between Forest Avenue, Martin Luther King Jr. Parkway, University Avenue, and 25th Street, with additional parcels north of Forest Avenue and south of University Avenue, (2-7-22). (Council Communication No. 21-557) LEGAL DEPARTMENT - CLAI"
2021-12-20,2,21-1924,,,,,,,,7-0,,tier2_screen_only;urban renewal,https://councildocs.dsm.city/agendas/ag20211220.pdf,"42. Third Amendment to Amended and Restated Urban Renewal Agreement for sale of land for Private Redevelopment and Amended Declaration of Covenants with Miesblock Commercial, LLC (Michael K. Nelson). (Council Communication No. 21-564)"
2022-01-10,2,22-0058,,,,,,,,7-0,,tier2_screen_only;municipal housing,https://councildocs.dsm.city/agendas/ag20220110.pdf,"41. Authorizing Finance Director to draw checks on registers for the weeks of January 10 and 17, 2022; to draw checks for the bills of the Des Moines Municipal Housing Agency for the weeks of January 10 and 17, 2022; to draw checks for biweekly payroll due January 14, 2022. ORDINANCES - FINAL CONSID"
2022-01-24,2,22-0093,,,,,,,,7-0,,tier2_screen_only;tax abatement,https://councildocs.dsm.city/agendas/ag20220124.pdf,"13. Approving tax abatement applications for the additional value added by improvements completed during 2021, (50 applications). (Council Communication No. 22-018) BOARDS/COMMISSIONS/NEIGHBORHOODS"
2022-01-24,2,22-0103,,,,,,,,7-0,,tier2_screen_only;municipal housing,https://councildocs.dsm.city/agendas/ag20220124.pdf,"23. Authorizing Finance Director to draw checks on registers for the weeks of January 24 and 31, 2022; to draw checks for the bills of the Des Moines Municipal Housing Agency for the weeks of January 24 and 31, 2022; to draw checks for biweekly payroll due January 28, 2022. ORDINANCES - FINAL CONSID"
2022-02-07,1,22-0194,ordinance,,Carpenter Urban Renewal Area Plan and TIF District,"east of Drake University, between Forest Ave, MLK Jr Pkwy, University Ave, and 25th Street (~77 acres)",,,approved,7-0,medium,not_incentive_related,https://councildocs.dsm.city/communications/2022/22-049.pdf,
2022-02-07,2,22-0182,,,,,,,,7-0,,tier2_screen_only;urban renewal,https://councildocs.dsm.city/agendas/ag20220207.pdf,"34. Authorizing the redemption of outstanding Taxable General Obligation Urban Renewal Bonds, Series 2014D, of the City of Des Moines, State of Iowa, dated July 30, 2014, and directing notice be given."
2022-02-07,2,22-0190,,,,,,,,7-0,,tier2_screen_only;municipal housing,https://councildocs.dsm.city/agendas/ag20220207.pdf,"39. Authorizing Finance Director to draw checks on registers for the weeks of February 7 and 14, 2022; to draw checks for the bills of the Des Moines Municipal Housing Agency for the weeks of February 7 and 14, 2022; to draw checks for biweekly payroll due February 11, 2022. ORDINANCES - SECOND CONS"
2022-02-21,2,22-0229,,,,,,,,7-0,,tier2_screen_only;tax abatement,https://councildocs.dsm.city/agendas/ag20220221.pdf,15. Approving 155 tax abatement applications for the additional value added by improvements completed during 2021. (Council Communication No. 22-064) BOARDS/COMMISSIONS/NEIGHBORHOODS
2022-02-21,2,22-0243,,,,,,,,7-0,,tier2_screen_only;urban renewal,https://councildocs.dsm.city/agendas/ag20220221.pdf,"28. Third Amendment to Urban Renewal Agreement for sale of land for private development with 101 East Grand Parking, LLC (Paul Hayes, President) for multi-phased redevelopment of the block east of City Hall. (Council Communication No. 22-056) 29. 28E Agreement between the City, Polk County and Inves"
2022-02-21,2,22-0255,,,,,,,,7-0,,tier2_screen_only;municipal housing,https://councildocs.dsm.city/agendas/ag20220221.pdf,"35. Authorizing Finance Director to draw checks on registers for the weeks of February 21 and 28, 2022; to draw checks for the bills of the Des Moines Municipal Housing Agency for the weeks of February 21 and 28, 2022; to draw checks for biweekly payroll due February 25, 2022. * * * * * * * * * END "
2022-03-07,1,22-0335,amend agreement,"Bronson Partners, LLC (Tim Rypma)",1417 Walnut Street mixed-use (renovation),1417 Walnut Street,,,approved,7-0,high,,https://councildocs.dsm.city/communications/2022/22-080.pdf,
2022-03-07,1,22-0336,amend agreement,"Terrace Hill I, LLC (Jake Christensen)",2525 Grand Avenue hotel restoration and 2515 Grand Avenue commercial,2515 and 2525 Grand Avenue,2500000.0,,approved,7-0,high,,https://councildocs.dsm.city/communications/2022/22-079.pdf,
2022-03-07,1,22-0337,approve development agreement,"Merge, LLC (Merge Urban Development; Brent Dahlstrom)",Merge/Drake University mixed-use development (Phase 1),southeast corner of 25th Street and Carpenter Avenue,5069527.0,22000000.0,approved,7-0,high,,https://councildocs.dsm.city/communications/2022/22-105.pdf,
2022-03-07,1,22-0338,approve development agreement,"NMDP Holdings, LLC (Adam Petersen, President)",Industrial precast production plant expansion,3312 East Granger Avenue,275000.0,4250000.0,approved,7-0,high,,https://councildocs.dsm.city/communications/2022/22-106.pdf,
2022-03-07,2,22-0312,,,,,,,,7-0,,tier2_screen_only;tax abatement,https://councildocs.dsm.city/agendas/ag20220307.pdf,23. Approval of 15 tax abatement applications for the additional value added by improvements completed during 2021. (Council Communication No. 22-076)
2022-03-07,2,22-0356,,,,,,,,7-0,,tier2_screen_only;municipal housing,https://councildocs.dsm.city/agendas/ag20220307.pdf,"54. Authorizing Finance Director to draw checks on registers for the weeks of March 7 and 14, 2022; to draw checks for the bills of the Des Moines Municipal Housing Agency for the weeks of March 7 and 14, 2022; to draw checks for biweekly payroll due March 11, 2022. * * * * * * * * * END CONSENT AGE"
2022-03-21,1,22-0425,amend agreement,"Bridge District Level, LLC; Bridge District II Townhomes, LLC; Bridge District II, LLC (Hubbell Realty Company; Rick Tollakson, Kris Saddoris)","Level Apartments (114-unit) and 25 rowhomes, Bridge District",300 block of Maple Street,,26900000.0,approved,7-0,high,,https://councildocs.dsm.city/communications/2022/22-138.pdf,
2022-03-21,2,22-0403,,,,,,,,7-0,,tier2_screen_only;tax abatement,https://councildocs.dsm.city/agendas/ag20220321.pdf,16. Approving 10 tax abatement applications for the additional value added by improvements completed during 2021. (Council Communication No. 22-136) BOARDS/COMMISSIONS/NEIGHBORHOODS
2022-03-21,2,22-0450,,,,,,,,7-0,,tier2_screen_only;municipal housing,https://councildocs.dsm.city/agendas/ag20220321.pdf,"57. Authorizing Finance Director to draw checks on registers for the weeks of March 21 and 28, 2022; to draw checks for the bills of the Des Moines Municipal Housing Agency for the weeks of March 21 and 28, 2022; to draw checks for biweekly payroll due March 25, 2022. ORDINANCES - SECOND CONSIDERATI"
2022-04-04,2,22-0547,,,,,,,,7-0,,tier2_screen_only;municipal housing,https://councildocs.dsm.city/agendas/ag20220404.pdf,"31. Authorizing Finance Director to draw checks on registers for the weeks of April 4 and 11, 2022; to draw checks for the bills of the Des Moines Municipal Housing Agency for the weeks of April 4 and 11, 2022; to draw checks for biweekly payroll due April 8, 2022. ORDINANCES - FINAL CONSIDERATION"
2022-04-18,1,22-0611,resolution of intent,"Indigo Dawn, LLC",North Des Moines Hall,1601 6th Avenue,160000.0,2800000.0,approved,7-0,high,,https://councildocs.dsm.city/communications/2022/22-192.pdf,
2022-04-18,1,22-0612,other,"201, LLC; MCP Subsidiary #1, LLC",,201 East 2nd Street,,,approved,7-0,low,,https://councildocs.dsm.city/agendas/ag20220418.pdf,
2022-04-18,1,22-0613,other,"Ballyard Lofts; MCP Subsidiary #2, LLC",Ballyard Lofts,350 SW 2nd Street,,,approved,7-0,low,,https://councildocs.dsm.city/agendas/ag20220418.pdf,
2022-04-18,1,22-0614,approve development agreement,Meridian at Gray's Landing LLC and River Point West LLC,The Meridian,northeast corner of SW 11th Street and Murphy Street,641456.0,,approved,7-0,medium,,https://councildocs.dsm.city/communications/2022/22-187.pdf,
2022-04-18,2,22-0602,,,,,,,,7-0,,tier2_screen_only;urban renewal,https://councildocs.dsm.city/agendas/ag20220418.pdf,"25. On the proposed Tenth Amendment to the Urban Renewal Plan for the Ingersoll-Grand Commercial Urban Renewal Area, (5-23-22). (Council Communication No. 22-184)"
2022-04-18,2,22-0603,,,,,,,,7-0,,tier2_screen_only;urban renewal,https://councildocs.dsm.city/agendas/ag20220418.pdf,"26. On the proposed Thirteenth Amendment to the Urban Renewal Plan for the SE AgriBusiness Urban Renewal Area, (5-23-22). (Council Communication No. 22-185)"
2022-04-18,2,22-0604,,,,,,,,7-0,,tier2_screen_only;urban renewal,https://councildocs.dsm.city/agendas/ag20220418.pdf,"27. On the proposed Eighteenth Amendment to the Urban Renewal Plan for the Central Place Industrial Park Redevelopment Program, (5-23-22). (Council Communication No. 22-183)"
2022-04-18,2,22-0605,,,,,,,,7-0,,tier2_screen_only;urban renewal,https://councildocs.dsm.city/agendas/ag20220418.pdf,"28. On the proposed Thirtieth Amendment to the Urban Renewal Plan for the Metro Center Urban Renewal Area, (5-23-22). (Council Communication No. 22-177) LEGAL DEPARTMENT - CLAIM SETTLEMENTS & BILLINGS"
2022-04-18,2,22-0627,,,,,,,,7-0,,tier2_screen_only;municipal housing,https://councildocs.dsm.city/agendas/ag20220418.pdf,"50. Authorizing Finance Director to draw checks on registers for the weeks of April 18, 25 and May 2, 2022; to draw checks for the bills of the Des Moines Municipal Housing Agency for the weeks of April 18, 25 and May 2, 2022; to draw checks for biweekly payroll due April 22, 2022. * * * * * * * * *"
2022-05-09,1,22-0700,resolution of intent,"106 SW 7th Street, LLC",106 SW 7th Street & 113 SW 8th Street warehouses,106 SW 7th Street; 113 SW 8th Street,4675000.0,24300000.0,approved,6-1,high,,https://councildocs.dsm.city/communications/2022/22-225.pdf,
2022-05-09,1,22-0701,resolution of intent,Euclid Foresight LLC,413 Euclid Avenue (French Way Cleaners building),413 Euclid Avenue,540000.0,4200000.0,approved,6-1,high,,https://councildocs.dsm.city/communications/2022/22-223.pdf,
2022-05-09,1,22-0702,resolution of intent,"ONESPEED DSM, L.L.C.",303 Scott Avenue craft brewery,303 Scott Avenue,949490.0,5400000.0,approved,6-1,high,,https://councildocs.dsm.city/communications/2022/22-227.pdf,
2022-05-09,1,22-0703,amend agreement,"207 Crocker, LLC and Jensen Oswald, LLC",207 Crocker Street Fairfield Inn & Suites,207 Crocker Street,1400000.0,,approved,6-1,high,,https://councildocs.dsm.city/communications/2022/22-215.pdf,
2022-05-09,1,22-0703,amend agreement,"207 Crocker, LLC and Jensen Oswald, LLC",207 Crocker Street Fairfield Inn & Suites,207 Crocker Street,1400000.0,,,,medium,,https://councildocs.dsm.city/communications/2022/22-215.pdf,
2022-05-09,1,22-0704,amend agreement,"Merle Hay Investors, LLC",Merle Hay Mall (Phase 3 / Sears site redevelopment),Merle Hay Mall,,,approved,6-1,medium,figure_not_in_source,https://councildocs.dsm.city/communications/2022/22-216.pdf,
2022-05-09,2,22-0681,,,,,,,,,,tier2_screen_only;tax abatement,https://councildocs.dsm.city/agendas/ag20220509.pdf,"18. Approving tax abatement applications for the additional value added by improvements completed in 2021 (1) and 2022, (32 applications). (Council Communication No. 22-214)"
2022-05-09,2,22-0722,,,,,,,,6-1,,tier2_screen_only;municipal housing,https://councildocs.dsm.city/agendas/ag20220509.pdf,"48. Authorizing Finance Director to draw checks on registers for the weeks of May 9 and 16, 2022; to draw checks for the bills of the Des Moines Municipal Housing Agency for the weeks of May 9 and 16, 2022; to draw checks for biweekly payroll due May 6 and May 20, 2022 * * * * * * * * END CONSENT AG"
2022-05-23,1,22-0786,amend agreement,"3750 Grand, LLC",3750 Grand,3750 Grand Avenue,6800000.0,,approved,6-1,high,,https://councildocs.dsm.city/communications/2022/22-254.pdf,
2022-05-23,2,22-0803,,,,,,,,6-1,,tier2_screen_only;municipal housing,https://councildocs.dsm.city/agendas/ag20220523.pdf,"31. Authorizing Finance Director to draw checks on registers for the weeks of May 23, 30 and June 6, 2022; to draw checks for the bills of the Des Moines Municipal Housing Agency for the weeks of May 23, 30 and June 6, 2022; to draw checks for biweekly payroll due June 3, 2022. ORDINANCES - SECOND C"
2022-05-23,2,22-0807,,,,,,,,6-1,,tier2_screen_only;urban renewal,https://councildocs.dsm.city/agendas/ag20220523.pdf,34. On the proposed 10th Amendment to the Urban Renewal Plan for the Ingersoll-Grand Urban Renewal area. (Council Communication No. 22-245)
2022-05-23,2,22-0808,,,,,,,,6-1,,tier2_screen_only;urban renewal,https://councildocs.dsm.city/agendas/ag20220523.pdf,35. On the proposed 13th Amendment to the Urban Renewal Plan for the SE AgriBusiness Urban Renewal Area. (Council Communication No. 22-247)
2022-05-23,2,22-0809,,,,,,,,6-1,,tier2_screen_only;urban renewal,https://councildocs.dsm.city/agendas/ag20220523.pdf,36. On the proposed 18th Amendment to the Urban Renewal Plan for the Central Place Industrial Park Redevelopment Urban Renewal Area. (Council Communication No. 22-246)
2022-05-23,2,22-0810,,,,,,,,6-1,,tier2_screen_only;urban renewal,https://councildocs.dsm.city/agendas/ag20220523.pdf,37. On the proposed 30th Amendment to the Urban Renewal Plan for the Metro Center Urban Renewal Area. (Council Communication No. 22-244)
2022-06-13,1,22-0902,approve development agreement,"HOA EVMF, LLC",317 East 6th Street mixed-use apartments,317 East 6th Street,2300000.0,21260000.0,approved,6-1,high,,https://councildocs.dsm.city/communications/2022/22-275.pdf,
2022-06-13,1,22-0903,other,"Swaps Cash, LLC",,,,,approved,6-1,low,,https://councildocs.dsm.city/agendas/ag20220613.pdf,
2022-06-13,1,22-0906 to 22-0920,other,,,,,,approved,6-1,medium,,https://councildocs.dsm.city/communications/2022/22-262.pdf,
2022-06-13,1,22-0963,approve development agreement,Euclid Foresight LLC,413 Euclid Avenue (French Way Cleaners building),413 Euclid Avenue,540000.0,4200000.0,,,medium,,https://councildocs.dsm.city/communications/2022/22-274.pdf,
2022-06-13,2,22-0879,,,,,,,,6-1,,tier2_screen_only;urban renewal,https://councildocs.dsm.city/agendas/ag20220613.pdf,"30-I On the proposed Urban Renewal Plan for the East Army Post Road Urban Renewal Area, (7-18-22). (Council Communication No. 22-277)"
2022-06-13,2,22-0887,,,,,,,,6-1,,tier2_screen_only;urban renewal,https://councildocs.dsm.city/agendas/ag20220613.pdf,"39. On issuance of not to exceed $27,500,000 General Obligation Urban Renewal Bonds for essential corporate urban renewal purposes, (6-27-22)."
2022-06-13,2,22-0938,,,,,,,,6-1,,tier2_screen_only;municipal housing,https://councildocs.dsm.city/agendas/ag20220613.pdf,"65. Authorizing Finance Director to draw checks on registers for the weeks of June 13 and 20, 2022; to draw checks for the bills of the Des Moines Municipal Housing Agency for the weeks of June 13 and 20, 2022; to draw checks for biweekly payroll due June 17, 2022. * * * * * * * * * END CONSENT AGEN"
2022-06-27,1,22-1006,other,"36 on 6th, LLC",Klein Building Project,3614 6th Avenue,,1080000.0,approved,6-1,high,,https://councildocs.dsm.city/communications/2022/22-316.pdf,
2022-06-27,2,22-1036,,,,,,,,6-1,,tier2_screen_only;municipal housing,https://councildocs.dsm.city/agendas/ag20220627.pdf,"47. Authorizing Finance Director to draw checks on registers for the weeks of June 27, July 4 and 11, 2022; to draw checks for the bills of the Des Moines Municipal Housing Agency for the weeks of June 27, July 4 and 11, 2022; to draw checks for biweekly payroll due July 1 and 15, 2022. * * * * * * "
2022-06-27,2,22-1085,,,,,,,,6-1,,tier2_screen_only;urban renewal,https://councildocs.dsm.city/agendas/ag20220627.pdf,"73. On issuance of not to exceed $27,500,000 General Obligation Urban Renewal Bonds for essential corporate urban renewal purposes. (Council Communication No. 22-314) (A) Authorization for additional action."
2022-06-27,2,22-1091,,,,,,,,6-1,,tier2_screen_only;revenue bond,https://councildocs.dsm.city/agendas/ag20220627.pdf,"77. Directing advertisement for sale and approving electronic bidding procedures and official statement for $19,160,000 Stormwater Management Utility Revenue Bonds Series 2022B. (Bonds will be sold at a special meeting on July 20th at 4:30 PM) (Council Communication No. 22-314)"
2022-06-27,2,22-1092,,,,,,,,6-1,,tier2_screen_only;tax exemption,https://councildocs.dsm.city/agendas/ag20220627.pdf,"78. Approving and authorizing a form of loan and disbursement agreement with the Iowa Finance Authority, Iowa Department of Natural Resources, and Authorizing and providing for the issuance and securing the payment of $7,035,000 Sewer Revenue Capital Loan Notes, Series 2022C and providing for a meth"
2022-07-18,1,22-1143,amend agreement,"The District Developer, LLC",Market District,vicinity of SE 4th and East Market Streets,,,approved,7-0,medium,figure_not_in_source,https://councildocs.dsm.city/communications/2022/22-348.pdf,
2022-07-18,1,22-1144,resolution of intent,"Ashworth Development LLC (Center at Sixth, Marquas Ashworth)",Center at Sixth,1714 6th Avenue,1800000.0,10000000.0,approved,7-0,high,,https://councildocs.dsm.city/communications/2022/22-346.pdf,
2022-07-18,1,22-1146,resolution of intent,"Exodus Group Investments, LLC",Exodus distribution & light assembly warehouse,1717 East Army Post Road,9016148.0,25989600.0,approved,6-1,high,,https://councildocs.dsm.city/communications/2022/22-350.pdf,
2022-07-18,1,22-1148,other,"McKinley Manor, LLC",,,,,approved,7-0,low,,https://councildocs.dsm.city/agendas/ag20220718.pdf,
2022-07-18,2,22-1166,,,,,,,,7-0,,tier2_screen_only;municipal housing,https://councildocs.dsm.city/agendas/ag20220718.pdf,"48. Authorizing Finance Director to draw checks on registers for the weeks of July 18, 25 and August 1, 2022; to draw checks for the bills of the Des Moines Municipal Housing Agency for the weeks of July 18, 25 and August 1, 2022; to draw checks for biweekly payroll due July 29, 2022. * * * * * * * "
2022-07-18,2,22-1193,,,,,,,,7-0,,tier2_screen_only;urban renewal,https://councildocs.dsm.city/agendas/ag20220718.pdf,61. On the proposed Urban Renewal Plan for the East Army Post Road Urban Renewal Area. (Council Communication No. 22-347) (A) Resolution of Necessity.
2022-08-08,1,22-1256,resolution of intent,"Union at River's Edge, LP (The Annex Group)",The Union at River's Edge,214 Jackson Avenue,5063720.0,56100000.0,approved,4-3,high,,https://councildocs.dsm.city/communications/2022/22-357.pdf,
2022-08-08,1,22-1297,ordinance,,,,,,approved,7-0,medium,not_incentive_related,https://councildocs.dsm.city/agendas/ag20220808.pdf,
2022-08-08,2,22-1261,,,,,,,,7-0,,tier2_screen_only;tax exemption,https://councildocs.dsm.city/agendas/ag20220808.pdf,"43. Authorizing issuance of $69,725,000 General Obligation Bonds, Series 2022A, levying a tax for payment, approving the Tax Exemption Certificate and the Continuing Disclosure Certificate."
2022-08-08,2,22-1262,,,,,,,,7-0,,"tier2_screen_only;revenue bond,tax exemption",https://councildocs.dsm.city/agendas/ag20220808.pdf,"44. Authorizing issuance and securing the payment of $18,660,000 Stormwater Management Utility Revenue Bonds, Series 2022B and providing for a method of payment, approving the Tax Exemption Certificate and the Continuing Disclosure Certificate."
2022-08-08,2,22-1279,,,,,,,,7-0,,tier2_screen_only;municipal housing,https://councildocs.dsm.city/agendas/ag20220808.pdf,"50. Authorizing Finance Director to draw checks on registers for the weeks of August 8 and 15, 2022; to draw checks for the bills of the Des Moines Municipal Housing Agency for the weeks of August 8 and 15, 2022; to draw checks for biweekly payroll due August 12, 2022. * * * * * * * * * END CONSENT "
2022-08-22,1,22-1332,amend agreement,"The District Developer, LLC",Market District,vicinity of East 4th and East Market Streets,,,approved,6-0,medium,figure_not_in_source,https://councildocs.dsm.city/communications/2022/22-389.pdf,
2022-08-22,2,22-1342,,,,,,,,7-0,,tier2_screen_only;municipal housing,https://councildocs.dsm.city/agendas/ag20220822.pdf,"35. Authorizing Finance Director to draw checks on registers for the weeks of August 22, 29 and September 5, 2022; to draw checks for the bills of the Des Moines Municipal Housing Agency for the weeks of August 22, 29 and September 5, 2022; to draw checks for biweekly payroll due August 26 and Septe"
2022-09-12,1,22-1431,approve development agreement,"ONESPEED DSM, L.L.C.",303 Scott Avenue craft brewery,303 Scott Avenue,949490.0,5400000.0,approved,7-0,high,,https://councildocs.dsm.city/communications/2022/22-405.pdf,
2022-09-12,1,22-1482,amend agreement,Nationwide Mutual Insurance Company,Nationwide/Allied Gateway Campus,1200 Locust Street; 1200 Mulberry Street,,,,,medium,,https://councildocs.dsm.city/communications/2022/22-434.pdf,
2022-09-12,1,22-1483,other,Nationwide Mutual Insurance Company,City purchase of 1200 Locust & 1200 Mulberry,1200 Locust Street; 1200 Mulberry Street; parking lot lease at 13th & Walnut,,,,,medium,not_incentive_related,https://councildocs.dsm.city/communications/2022/22-435.pdf,
2022-09-12,2,22-1396,,,,,,,,7-0,,tier2_screen_only;tax abatement,https://councildocs.dsm.city/agendas/ag20220912.pdf,16. Approving one (1) tax abatement application and eighty-three (83) tax abatement applications for the additional value added by improvements completed in 2021 and 2022. (Council Communication No. 22-406)
2022-09-12,2,22-1462,,,,,,,,7-0,,tier2_screen_only;municipal housing,https://councildocs.dsm.city/agendas/ag20220912.pdf,"65. Authorizing Finance Director to draw checks on registers for the weeks of September 12, 19 and 26, 2022; to draw checks for the bills of the Des Moines Municipal Housing Agency for the weeks of September 12, 19 and 26, 2022; to draw checks for biweekly payroll due September 23, 2022. * * * * * *"
2022-10-03,1,22-1526,resolution of intent,"Hoyt Investments, Incorporated",610 16th Street 47-unit apartments,610 16th Street,940000.0,10500000.0,approved,7-0,high,,https://councildocs.dsm.city/communications/2022/22-469.pdf,
2022-10-03,1,22-1590,ordinance,,"Oak Park-Highland Park TIF District No. 4 (Ordinance 16,166 clarification)",,,,approved,7-0,medium,not_incentive_related,https://councildocs.dsm.city/agendas/ag20221003.pdf,
2022-10-03,2,22-1515,,,,,,,,7-0,,tier2_screen_only;urban renewal,https://councildocs.dsm.city/agendas/ag20221003.pdf,"24. On the proposed Second Amendment to the Urban Renewal Plan for the Oak Park- Highland Park Urban Renewal Area, (11-7-22). (Council Communication No. 22-464)"
2022-10-03,2,22-1516,,,,,,,,7-0,,tier2_screen_only;urban renewal,https://councildocs.dsm.city/agendas/ag20221003.pdf,"25. On the proposed Third Amendment to the Urban Renewal Plan for the 38th and Grand Urban Renewal Area, (11-7-22). (Council Communication No. 22-471)"
2022-10-03,2,22-1517,,,,,,,,,,tier2_screen_only;urban renewal,https://councildocs.dsm.city/agendas/ag20221003.pdf,"26. On the proposed Thirty First Amendment to the Urban Renewal Plan for the Metro Center Urban Renewal Area, (11-7-22). (Council Communication No. 22-467)"
2022-10-03,2,22-1518,,,,,,,,7-0,,tier2_screen_only;urban renewal,https://councildocs.dsm.city/agendas/ag20221003.pdf,"27. On the proposed Urban Renewal Plan for the Southeast 14th Street Urban Renewal Area, (11-7-22). (Council Communication No. 22-470)"
2022-10-03,2,22-1547,,,,,,,,7-0,,tier2_screen_only;municipal housing,https://councildocs.dsm.city/agendas/ag20221003.pdf,"50. Authorizing Finance Director to draw checks on registers for the weeks of October 3, 10 and 17, 2022; to draw checks for the bills of the Des Moines Municipal Housing Agency for the weeks of October 3, 10 and 17, 2022; to draw checks for biweekly payroll due October 7 and 21, 2022. * * * * * * *"
2022-10-24,1,22-1646,amend agreement,"13th & Mulberry, LLC and 13th and Mulberry Multifamily, LLC",13th & Mulberry 5-story mixed-use (Phase 2),Northwest of 13th and Mulberry; 213 13th Street (Phase 1),3600000.0,22700000.0,approved,7-0,high,,https://councildocs.dsm.city/communications/2022/22-498.pdf,
2022-10-24,1,22-1687,approve development agreement,Employers Mutual Casualty (EMC) Company,Urban Park Stairway Nodal Area at 701 Walnut Street,701 Walnut Street,,,approved,7-0,high,,https://councildocs.dsm.city/communications/2022/22-496.pdf,
2022-10-24,1,22-1693,ordinance,,"Oak Park-Highland Park TIF District No. 4 (Ordinance 16,166 clarification)",,,,approved,7-0,medium,not_incentive_related,https://councildocs.dsm.city/agendas/ag20221024.pdf,
2022-10-24,2,22-1641,,,,,,,,7-0,,tier2_screen_only;urban renewal,https://councildocs.dsm.city/agendas/ag20221024.pdf,"29. On the proposed Thirty First Amendment to the Urban Renewal Plan for the Metro Center Urban Renewal Area, (11-21-22). (Council Communication No. 22-493)"
2022-10-24,2,22-1647,,,,,,,,7-0,,tier2_screen_only;urban renewal,https://councildocs.dsm.city/agendas/ag20221024.pdf,"35. Issuance of Certificate of Completion for KG Store 543, LLC, 555 17th Street, Metro Center Urban Renewal Project."
2022-10-24,2,22-1665,,,,,,,,7-0,,tier2_screen_only;municipal housing,https://councildocs.dsm.city/agendas/ag20221024.pdf,"46. Authorizing Finance Director to draw checks on registers for the weeks of October 24 and 31, 2022; to draw checks for the bills of the Des Moines Municipal Housing Agency for the weeks of October 24 and 31, 2022; to draw checks for biweekly payroll due November 4, 2022. * * * * * * * * * END CON"
2022-11-07,1,22-1754,ordinance,,38th and Grand TIF District No. 3 (3rd Amendment to Urban Renewal Plan),,,,approved,6-1,medium,not_incentive_related,https://councildocs.dsm.city/communications/2022/22-517.pdf,
2022-11-07,2,22-1741,,,,,,,,6-1,,tier2_screen_only;municipal housing,https://councildocs.dsm.city/agendas/ag20221107.pdf,"34. Authorizing Finance Director to draw checks on registers for the weeks of November 7 and 14, 2022; to draw checks for the bills of the Des Moines Municipal Housing Agency for the weeks of November 7 and 14, 2022; to draw checks for biweekly payroll due November 18, 2022. * * * * * * * * * END CO"
2022-11-07,2,22-1753,,,,,,,,6-1,,tier2_screen_only;urban renewal,https://councildocs.dsm.city/agendas/ag20221107.pdf,39. On the proposed Second Amendment to the Urban Renewal Plan for the Oak Park- Highland Park Urban Renewal Area. (Council Communication No. 22-515)
2022-11-07,2,22-1757,,,,,,,,6-1,,tier2_screen_only;urban renewal,https://councildocs.dsm.city/agendas/ag20221107.pdf,41. On the proposed Urban Renewal Plan for the Southeast 14th Street Urban Renewal Area. (Council Communication No. 22-516) (A) Resolution of necessity for the Southeast 14th Street Urban Renewal Area.
2022-11-21,1,22-1801,amend agreement,"The District Developer, LLC",Market District 10-block redevelopment,Vicinity of East 4th and East Market Streets,,,approved,6-1,medium,,https://councildocs.dsm.city/communications/2022/22-543.pdf,
2022-11-21,1,22-1802,resolution of intent,"Turrim, LLC",515 Walnut Street 33-story apartment tower,515 Walnut Street,5700000.0,133000000.0,approved,6-1,high,,https://councildocs.dsm.city/communications/2022/22-547.pdf,
2022-11-21,1,22-1814,other,,Annual Urban Renewal Report & FY23-24 TIF certification,,,,approved,6-1,medium,not_incentive_related,https://councildocs.dsm.city/communications/2022/22-541.pdf,
2022-11-21,2,22-1840,,,,,,,,6-1,,tier2_screen_only;urban renewal,https://councildocs.dsm.city/agendas/ag20221121.pdf,56. On the proposed Thirty First Amendment to the Urban Renewal Plan for the Metro Center Urban Renewal Area. (Council Communication No. 22-548)
2022-12-12,1,22-1888,approve development agreement,"North Des Moines Town Hall, LP (Chaden Halfhill and Kuuku Saah)","North Des Moines Hall renovation, 1601 6th Avenue",1601 6th Avenue,160000.0,3200000.0,approved,7-0,high,,https://councildocs.dsm.city/communications/2022/22-579.pdf,
2022-12-12,1,22-1894,amend agreement,"East Village Tower Partners, LLC",Rehabilitation of 600 E. 5th Street,600 E. 5th Street,,,approved,7-0,low,,https://councildocs.dsm.city/agendas/ag20221212.pdf,
2022-12-12,2,22-1889,,,,,,,,7-0,,tier2_screen_only;urban renewal,https://councildocs.dsm.city/agendas/ag20221212.pdf,"30. Issuance of Certificate of Completion for 3523 6th Avenue, LLC, Oak Park-Highland Park Urban Renewal Project, for the historic renovation of 3523 6th Avenue."
2022-12-12,2,22-1890,,,,,,,,7-0,,tier2_screen_only;urban renewal,https://councildocs.dsm.city/agendas/ag20221212.pdf,"31. Issuance of Certificate of Completion for 3750 Grand LLC, 38th and Grand Urban Renewal Project, for the construction of an 8-story building at 3750 Grand Avenue."
2022-12-12,2,22-1895,,,,,,,,7-0,,tier2_screen_only;urban renewal,https://councildocs.dsm.city/agendas/ag20221212.pdf,"36. Grant Agreement with Center at Sixth for construction of a new mixed-use project at 1714 6th Avenue in the Metro Center Urban Renewal Area, not to exceed $300,000. (Council Communication No. 22-578)"
2023-01-09,1,23-0042,amend agreement,Street Collective (f/k/a Des Moines Bicycle Collective),Des Moines B-Cycle bike-share maintenance and expansion,,,,approved,7-0,high,,https://councildocs.dsm.city/communications/2023/23-022.pdf,
2023-01-09,2,23-0021,,,,,,,,7-0,,tier2_screen_only;tax abatement,https://councildocs.dsm.city/agendas/ag20230109.pdf,"14. Approving tax abatement applications for the additional value added by improvements completed during 2022, (117 applications). (Council Communication No. 23-010) BOARDS/COMMISSIONS/NEIGHBORHOODS"
2023-01-09,2,23-0051,,,,,,,,7-0,,tier2_screen_only;municipal housing,https://councildocs.dsm.city/agendas/ag20230109.pdf,"39. Authorizing Finance Director to draw checks on registers for the weeks of January 9 and January 16, 2023; to draw checks for the bills of the Des Moines Municipal Housing Agency for the weeks of January 9 and January 16, 2023; to draw checks for biweekly payroll due January 13, 2023. * * * * * *"
2023-01-23,1,23-0103,approve development agreement,"Union at Rivers Edge, LP (The Annex Group)",Union at Rivers Edge 216-unit affordable apartments,1600 Indianola Avenue (formerly 214 Jackson Avenue),2900000.0,56100000.0,approved,6-1,high,,https://councildocs.dsm.city/communications/2023/23-046.pdf,
2023-01-23,1,23-0123,amend agreement,Greater Des Moines Botanical Garden Corporation,Des Moines Botanical Center lease/URDA amendment,,,,approved,7-0,high,,https://councildocs.dsm.city/communications/2023/23-039.pdf,
2023-01-23,2,23-0116,,,,,,,,7-0,,tier2_screen_only;municipal housing,https://councildocs.dsm.city/agendas/ag20230123.pdf,"25. Authorizing Finance Director to draw checks on registers for the weeks of January 23 and January 30, 2023; to draw checks for the bills of the Des Moines Municipal Housing Agency for the weeks of January 23 and January 30, 2023; to draw checks for biweekly payroll due January 27, 2023. * * * * *"
2023-02-06,1,23-0165,approve development agreement,"Hoyt, LLC",610 16th Street 47-unit apartments,610 16th Street,940000.0,10500000.0,approved,7-0,high,,https://councildocs.dsm.city/communications/2023/23-070.pdf,
2023-02-06,1,23-0166,amend agreement,"Blackacre Development, LLC and River Point West, LLC",Gray's Landing outdoor sports/entertainment venue mixed-use,"SW 14th Street, south of W. Martin Luther King Jr. Parkway",,,continued,,medium,,https://councildocs.dsm.city/communications/2023/23-068.pdf,
2023-02-06,1,23-0167,amend agreement,"ND22 Fleming, LLC (assigned to KMC Properties, LLC)","Fleming Building adaptive reuse, 604 Walnut Street",604 Walnut Street,,,approved,7-0,medium,figure_not_in_source,https://councildocs.dsm.city/communications/2023/23-065.pdf,
2023-02-06,2,23-0160,,,,,,,,7-0,,tier2_screen_only;urban renewal,https://councildocs.dsm.city/agendas/ag20230206.pdf,"22. On the proposed Urban Renewal Plan for the Upper East Village Urban Renewal Area, (3- 6-23). (Council Communication No. 23-069)"
2023-02-06,2,23-0161,,,,,,,,7-0,,tier2_screen_only;urban renewal,https://councildocs.dsm.city/agendas/ag20230206.pdf,"23. On the proposed Urban Renewal Plan for the Airport Development Urban Renewal Area, (3-6-23). (Council Communication No. 23-064) LEGAL DEPARTMENT - CLAIM SETTLEMENTS & BILLINGS"
2023-02-06,2,23-0180,,,,,,,,7-0,,tier2_screen_only;municipal housing,https://councildocs.dsm.city/agendas/ag20230206.pdf,"42. Authorizing Finance Director to draw checks on registers for the weeks of February 6 and February 13, 2023; to draw checks for the bills of the Des Moines Municipal Housing Agency for the weeks of February 6 and February 13, 2023; to draw checks for biweekly payroll due February 10, 2023. * * * "
2023-02-20,1,23-0230,amend agreement,"Blackacre Development, LLC and River Point West, LLC",Gray's Landing outdoor sports/entertainment venue mixed-use,"SW 14th Street, south of W. Martin Luther King Jr. Parkway",,,approved,7-0,medium,,https://councildocs.dsm.city/communications/2023/23-089.pdf,
2023-02-20,2,23-0211,,,,,,,,7-0,,tier2_screen_only;tax abatement,https://councildocs.dsm.city/agendas/ag20230220.pdf,14. Approving eighty-five (85) tax abatement applications for the additional value added by improvements completed in 2022. (Council Communication No. 23-099)
2023-02-20,2,23-0248,,,,,,,,7-0,,tier2_screen_only;municipal housing,https://councildocs.dsm.city/agendas/ag20230220.pdf,"44. Authorizing Finance Director to draw checks on registers for the weeks of February 20 and February 27, 2023; to draw checks for the bills of the Des Moines Municipal Housing Agency for the weeks of February 20 and February 27, 2023; to draw checks for biweekly payroll due February 24, 2023. * * "
2023-03-06,1,23-0304,resolution of intent,"HOA Development, LLC (Heart of America Group)",603 E. 6th Street 186-unit mixed-use,603 E. 6th Street,4500000.0,44000000.0,,,medium,,https://councildocs.dsm.city/communications/2023/23-124.pdf,
2023-03-06,1,23-0305,amend agreement,"Des Moines Climate Controlled Self Storage, LLC","Climate-controlled self-storage, 503 SE 12th Street",503 SE 12th Street,,15500000.0,approved,7-0,high,,https://councildocs.dsm.city/communications/2023/23-120.pdf,
2023-03-06,1,23-0306,amend agreement,"Terrace Hill I, LLC (Jake Christensen)","Terrace Hill hotel restoration, 2515 & 2525 Grand Avenue",2515 and 2525 Grand Avenue,2900000.0,21300000.0,approved,7-0,high,,https://councildocs.dsm.city/communications/2023/23-131.pdf,
2023-03-06,1,23-0307,amend agreement,"101 East Grand Parking, LLC (Paul Hayes, Tim Rypma, Jim Cownie)",148 East Locust Street mixed-use (Phase 3),148 East Locust Street,,,approved,7-0,medium,,https://councildocs.dsm.city/communications/2023/23-121.pdf,
2023-03-06,2,23-0290,,,,,,,,7-0,,tier2_screen_only;tax abatement,https://councildocs.dsm.city/agendas/ag20230306.pdf,13. Approving tax abatement applications for the additional value added by improvements completed in 2021 (1) and 2022 (70). (Council Communication No. 23-129) BOARDS/COMMISSIONS/NEIGHBORHOODS
2023-03-06,2,23-0322,,,,,,,,7-0,,tier2_screen_only;municipal housing,https://councildocs.dsm.city/agendas/ag20230306.pdf,"44. Authorizing Finance Director to draw checks on registers for the weeks of March 6, 13 and 20, 2023; to draw checks for the bills of the Des Moines Municipal Housing Agency for the weeks of March 6, 13 and 20, 2023; to draw checks for biweekly payroll due March 10 and 24, 2023. * * * * * * * * * "
2023-03-06,2,23-0335,,,,,,,,7-0,,tier2_screen_only;urban renewal,https://councildocs.dsm.city/agendas/ag20230306.pdf,55. On the proposed Urban Renewal Plan for the Airport Development Urban Renewal Area. (Council Communication No. 23-122) (A) Resolution of necessity.
2023-03-06,2,23-0337,,,,,,,,7-0,,tier2_screen_only;urban renewal,https://councildocs.dsm.city/agendas/ag20230306.pdf,"56. On the proposed Urban Renewal Plan for the Upper East Village Urban Renewal Area and to continue the hearing to March 27, 2023. (Council Communication No. 23-123) (A) Setting date of hearing on a proposed amendment to the PlanDSM: Creating Our Tomorrow Comprehensive Plan to revise the future lan"
2023-03-27,1,34,approve development agreement,"OpenLoop Health, Inc.",OpenLoop Health office renovation/expansion at 317 6th Avenue,"317 6th Avenue, Des Moines, IA 50309",,18900000.0,withdrawn,,medium,,https://councildocs.dsm.city/communications/2023/23-162.pdf,
2023-03-27,1,23-0403,other,"Native Business Services, LLC",Younkers building renovation at Southridge Mall (site plan sidewalk improvements),1111 E. Army Post Road,,2000000.0,approved,6-1,high,,https://councildocs.dsm.city/communications/2023/23-160.pdf,
2023-03-27,1,23-0404,resolution of intent,"HOA Development, LLC",186-unit mixed-use apartment building at 603 E. 6th Street,603 East 6th Street,4500000.0,44000000.0,approved,6-1,high,figure_not_in_source,https://councildocs.dsm.city/communications/2023/23-161.pdf,
2023-03-27,2,23-0382,,,,,,,,6-1,,tier2_screen_only;tax abatement,https://councildocs.dsm.city/agendas/ag20230327.pdf,17. Approving 14 tax abatement applications for the additional value added by improvements completed in 2022. (Council Communication No. 23-147) BOARDS/COMMISSIONS/NEIGHBORHOODS
2023-03-27,2,23-0424,,,,,,,,6-1,,tier2_screen_only;municipal housing,https://councildocs.dsm.city/agendas/ag20230327.pdf,"52. Authorizing Finance Director to draw checks on registers for the weeks of March 27 and April 3, 2023; to draw checks for the bills of the Des Moines Municipal Housing Agency for the weeks of March 27 and April 3, 2023; to draw checks for biweekly payroll due April 7, 2023. * * * * * * * END CONS"
2023-03-27,2,23-0440,,,,,,,,6-1,,tier2_screen_only;urban renewal,https://councildocs.dsm.city/agendas/ag20230327.pdf,"64. On a proposed amendment to the PlanDSM: Creating Our Tomorrow Comprehensive Plan to revise the future land use classification from Public/Semi-Public to Downtown Mixed Use for the area bound by Pennsylvania Avenue on the west, Des Moines Street on the south, E. 9th Street on the east, and the fr"
2023-03-27,2,23-0441,,,,,,,,6-1,,tier2_screen_only;urban renewal,https://councildocs.dsm.city/agendas/ag20230327.pdf,"65. On the proposed Urban Renewal Plan for the Upper East Village Urban Renewal Area, continued from March 6, 2023 Council Meeting. (Council Communication No. 23-159)"
2023-04-10,1,23-0492,approve development agreement,"OpenLoop Health, Inc.",OpenLoop Health office renovation/expansion at 317 6th Avenue,"317 6th Avenue, Des Moines, IA 50309",,18900000.0,approved,6-1,high,,https://councildocs.dsm.city/communications/2023/23-195.pdf,
2023-04-10,1,23-0494,amend agreement,"ONESPEED DSM, L.L.C.",Auto repair shop conversion to craft brewery at 303 Scott Avenue,303 Scott Avenue,,5400000.0,approved,6-1,medium,,https://councildocs.dsm.city/communications/2023/23-196.pdf,
2023-04-10,2,23-0485,,,,,,,,6-1,,tier2_screen_only;urban renewal,https://councildocs.dsm.city/agendas/ag20230410.pdf,"17. On the proposed Fourteenth Amendment to the Urban Renewal Plan for the SE Agribusiness Urban Renewal Area, (5-22-23). (Council Communication No. 23-190)"
2023-04-10,2,23-0486,,,,,,,,6-1,,tier2_screen_only;urban renewal,https://councildocs.dsm.city/agendas/ag20230410.pdf,"18. On the proposed Sixth Amendment to the Urban Renewal Plan for the Southside Economic Development District Urban Renewal Area, (5-22-23). (Council Communication No. 23-191)"
2023-04-10,2,23-0487,,,,,,,,6-1,,tier2_screen_only;urban renewal,https://councildocs.dsm.city/agendas/ag20230410.pdf,"19. On the proposed Eleventh Amendment to the Urban Renewal Plan for the Ingersoll-Grand Commercial Urban Renewal Area, (5-22-23). (Council Communication No. 23-188)"
2023-04-10,2,23-0488,,,,,,,,6-1,,tier2_screen_only;urban renewal,https://councildocs.dsm.city/agendas/ag20230410.pdf,"20. On the proposed Fourth Amendment to the Urban Renewal Plan for the Merle Hay Commercial Urban Renewal Area, (5-22-23). (Council Communication No. 23-189)"
2023-04-10,2,23-0489,,,,,,,,6-1,,tier2_screen_only;urban renewal,https://councildocs.dsm.city/agendas/ag20230410.pdf,"21. On the proposed Thirty-Second Amendment to the Urban Renewal Plan for the Metro Center Urban Renewal Area, (5-22-23). (Council Communication No. 23-187) LEGAL DEPARTMENT - CLAIM SETTLEMENTS & BILLINGS"
2023-04-10,2,23-0523,,,,,,,,6-1,,tier2_screen_only;municipal housing,https://councildocs.dsm.city/agendas/ag20230410.pdf,"53. Authorizing Finance Director to draw checks on registers for the weeks of April 10 and 17, 2023; to draw checks for the bills of the Des Moines Municipal Housing Agency for the weeks of April 10 and 17, 2023; to draw checks for biweekly payroll due April 21, 2023. ORDINANCES - SECOND CONSIDERATI"
2023-04-24,2,23-0592,,,,,,,,6-1,,tier2_screen_only;urban renewal,https://councildocs.dsm.city/agendas/ag20230424.pdf,"32. Fourth Amendment to Amended and Restated Urban Renewal Agreement for Sale of Land for Private Redevelopment with Miesblock Commercial, LLC in the Metro Center Urban Renewal Area. (Council Communication No. 23-206)"
2023-04-24,2,23-0593,,,,,,,,6-1,,tier2_screen_only;urban renewal,https://councildocs.dsm.city/agendas/ag20230424.pdf,"33. Issuance of Certificate of Completion to 3801 Grand Associates, LP and Newbury Management Company for the James, 38th and Grand Urban Renewal Project."
2023-04-24,2,23-0605,,,,,,,,6-1,,tier2_screen_only;municipal housing,https://councildocs.dsm.city/agendas/ag20230424.pdf,"45. Authorizing Finance Director to draw checks on registers for the weeks of April 24 and May 1, 2023; to draw checks for the bills of the Des Moines Municipal Housing Agency for the weeks of April 24 and May 1, 2023; to draw checks for biweekly payroll due May 5, 2023. ORDINANCES - FINAL CONSIDERA"
2023-05-08,2,23-0638,,,,,,,,6-1,,tier2_screen_only;tax abatement,https://councildocs.dsm.city/agendas/ag20230508.pdf,14. Approving one tax abatement application for work completed in 2022 and 56 tax abatement applications for work completed in 2023. (Council Communication No. 23-220)
2023-05-08,2,23-0661,,,,,,,,6-1,,tier2_screen_only;municipal housing,https://councildocs.dsm.city/agendas/ag20230508.pdf,"36. Authorizing Finance Director to draw checks on registers for the weeks of May 8 and 15, 2023; to draw checks for the bills of the Des Moines Municipal Housing Agency for the weeks of May 8 and 15, 2023; to draw checks for biweekly payroll due May 19, 2023. * * * * * * * * * END CONSENT AGENDA * "
2023-05-22,1,23-0729,amend agreement,"217 E Second, LC",Globe Hoist Building renovation at 217 E. 2nd Street,217 East 2nd Street,,,approved,6-1,medium,,https://councildocs.dsm.city/communications/2023/23-268.pdf,
2023-05-22,1,31,other,,,,,199000000.0,approved,6-1,medium,,https://councildocs.dsm.city/communications/2023/23-267.pdf,
2023-05-22,2,23-0764,,,,,,,,6-1,,tier2_screen_only;municipal housing,https://councildocs.dsm.city/agendas/ag20230522.pdf,"51. Authorizing Finance Director to draw checks on registers for the weeks of May 22, 29 and June 5, 2023; to draw checks for the bills of the Des Moines Municipal Housing Agency for the weeks of May 22, 29 and June 5, 2023; to draw checks for biweekly payroll due June 2, 2023. * * * * * * * * * END"
2023-05-22,2,23-0768,,,,,,,,6-1,,tier2_screen_only;urban renewal,https://councildocs.dsm.city/agendas/ag20230522.pdf,53. On the proposed Eleventh Amendment to the Urban Renewal Plan for the Ingersoll-Grand Commercial Urban Renewal Area. (Council Communication No. 23-240)
2023-05-22,2,23-0769,,,,,,,,6-1,,tier2_screen_only;urban renewal,https://councildocs.dsm.city/agendas/ag20230522.pdf,54. On the proposed Thirty-Second Amendment to the Urban Renewal Plan for the Metro Center Urban Renewal Area. (Council Communication No. 23-242)
2023-05-22,2,23-0770,,,,,,,,6-1,,tier2_screen_only;urban renewal,https://councildocs.dsm.city/agendas/ag20230522.pdf,55. On the proposed Fourth Amendment to the Urban Renewal Plan for the Merle Hay Commercial Urban Renewal Area. (Council Communication No. 23-241)
2023-05-22,2,23-0771,,,,,,,,6-1,,tier2_screen_only;urban renewal,https://councildocs.dsm.city/agendas/ag20230522.pdf,56. On the proposed Sixth Amendment to the Urban Renewal Plan for the Southside Economic Development District Urban Renewal Area. (Council Communication No. 23-244)
2023-05-22,2,23-0772,,,,,,,,6-1,,tier2_screen_only;urban renewal,https://councildocs.dsm.city/agendas/ag20230522.pdf,57. On the proposed Fourteenth Amendment to the Urban Renewal Plan for the SE Agribusiness Urban Renewal Area. (Council Communication No. 23-243)
2023-06-12,2,23-0830,,,,,,,,6-1,,tier2_screen_only;urban renewal,https://councildocs.dsm.city/agendas/ag20230612.pdf,"30. On proposed First Amendment to the Urban Renewal Plan for the East Army Post Road Urban Renewal Area, (8-7-23). (Council Communication No. 23-296) LEGAL DEPARTMENT - CLAIM SETTLEMENTS & BILLINGS"
2023-06-12,2,23-0853,,,,,,,,6-1,,tier2_screen_only;municipal housing,https://councildocs.dsm.city/agendas/ag20230612.pdf,"48. Authorizing Finance Director to draw checks on registers for the weeks of June 12 and June 19, 2023; to draw checks for the bills of the Des Moines Municipal Housing Agency for the weeks of June 12 and June 19, 2023; to draw checks for biweekly payroll due June 16, 2023. * * * * * * * * * END CO"
2023-06-26,1,23-0914,resolution of intent,"36 on 6th, LLC",Klein Building mixed-use renovation at 3614 6th Avenue,3614 6th Avenue,774000.0,3500000.0,approved,6-1,high,,https://councildocs.dsm.city/communications/2023/23-313.pdf,
2023-06-26,1,23-0952,approve development agreement,"HOA Development, LLC",Aston - 186-unit mixed-use apartment building at 603 E. 6th Street,603 East 6th Street,4500000.0,44000000.0,approved,6-1,high,figure_not_in_source,https://councildocs.dsm.city/communications/2023/23-311.pdf,
2023-06-26,2,23-0904,,,,,,,,6-1,,tier2_screen_only;revenue bond,https://councildocs.dsm.city/agendas/ag20230626.pdf,"25. On the proposition of the issuance of not to exceed $22,000,000 Stormwater Management Utility Revenue Bonds, (8-7-23). LEGAL DEPARTMENT - CLAIM SETTLEMENTS & BILLINGS"
2023-06-26,2,23-0930,,,,,,,,6-1,,tier2_screen_only;municipal housing,https://councildocs.dsm.city/agendas/ag20230626.pdf,"51. Authorizing Finance Director to draw checks on registers for the weeks of June 26, July 3 and July 10, 2023; to draw checks for the bills of the Des Moines Municipal Housing Agency for the weeks of June 26, July 3 and July 10, 2023; to draw checks for biweekly payroll due June 30 and July 14, 20"
2023-07-17,1,23-1011,amend agreement,"Bridge District Level, LLC, Bridge District II Townhomes, LLC and Bridge District II, LLC",Level Apartments and Bridge District rowhomes,300 block of Maple Street,,,approved,6-1,medium,,https://councildocs.dsm.city/communications/2023/23-347.pdf,
2023-07-17,2,23-0983,,,,,,,,6-1,,tier2_screen_only;tax abatement,https://councildocs.dsm.city/agendas/ag20230717.pdf,18. Approving 55 tax abatement applications for work completed in 2023. (Council Communication No. 23-342) BOARDS/COMMISSIONS/NEIGHBORHOODS
2023-07-17,2,23-0998,,,,,,,,6-1,,tier2_screen_only;urban renewal,https://councildocs.dsm.city/agendas/ag20230717.pdf,"33. On the issuance of not to exceed $28,000,000 General Obligation Urban Renewal Bonds for essential corporate urban renewal purposes, (8-7-23). (Council Communication No. 23-354)"
2023-07-17,2,23-1006,,,,,,,,6-1,,tier2_screen_only;urban renewal,https://councildocs.dsm.city/agendas/ag20230717.pdf,"41. On the issuance of not to exceed $5,000,000 General Obligation Urban Renewal Bonds or Capital Loan Notes for urban renewal purposes, (8-7-23). (Council Communication No. 23-354)"
2023-07-17,2,23-1028,,,,,,,,6-1,,tier2_screen_only;municipal housing,https://councildocs.dsm.city/agendas/ag20230717.pdf,"60. Authorizing Finance Director to draw checks on registers for the weeks of July 17, 24 and 31, 2023; to draw checks for the bills of the Des Moines Municipal Housing Agency for the weeks of July 17, 24 and 31, 2023; to draw checks for biweekly payroll due July 28, 2023. * * * * * * * * * END CONS"
2023-08-07,1,23-1087,approve development agreement,"106 SW 7th Street, LLC",Carpenter Paper Warehouse renovation (106 SW 7th Street),106 SW 7th Street,6429526.0,21900000.0,approved,6-1,high,,https://councildocs.dsm.city/communications/2023/23-360.pdf,
2023-08-07,1,23-1088,resolution of intent,"North Des Moines Town Hall, LP",North Des Moines Town Hall (1601 6th Avenue renovation),1601 6th Avenue,,3500000.0,approved,6-1,high,,https://councildocs.dsm.city/communications/2023/23-357.pdf,
2023-08-07,1,23-1094,other,Nationwide Mutual Insurance Company,,1200 Locust Street and 1200 Mulberry Street,,,approved,6-1,medium,not_incentive_related,https://councildocs.dsm.city/communications/2023/23-379.pdf,
2023-08-07,1,23-1145,approve development agreement,"36 on 6th, LLC",36 on 6th (3614 6th Avenue renovation),3614 6th Avenue,809530.0,3500000.0,approved,6-1,high,,https://councildocs.dsm.city/communications/2023/23-356.pdf,
2023-08-07,2,23-1091,,,,,,,,6-1,,tier2_screen_only;urban renewal,https://councildocs.dsm.city/agendas/ag20230807.pdf,34. Issuance of Certificate of Completion for Bridge District Level Phase 1 Metro Center Urban Renewal Project in the 300 block of Maple Street.
2023-08-07,2,23-1105,,,,,,,,6-1,,tier2_screen_only;municipal housing,https://councildocs.dsm.city/agendas/ag20230807.pdf,"46. Authorizing Finance Director to draw checks on registers for the weeks of August 7 and 14, 2023; to draw checks for the bills of the Des Moines Municipal Housing Agency for the weeks of August 7 and 14, 2023; to draw checks for biweekly payroll due August 11, 2023. * * * * * * * * * END CONSENT "
2023-08-07,2,23-1118,,,,,,,,6-1,,tier2_screen_only;urban renewal,https://councildocs.dsm.city/agendas/ag20230807.pdf,53. On proposed First Amendment to the Urban Renewal Plan for the East Army Post Road Urban Renewal Area. (Council Communication No. 23-358)
2023-08-07,2,23-1135,,,,,,,,6-1,,tier2_screen_only;urban renewal,https://councildocs.dsm.city/agendas/ag20230807.pdf,"62. On the issuance of not to exceed $28,000,000 General Obligation Urban Renewal Bonds for urban renewal purposes. (Council Communication No. 23-373) (A) Authorization for additional action."
2023-08-07,2,23-1137,,,,,,,,6-1,,tier2_screen_only;urban renewal,https://councildocs.dsm.city/agendas/ag20230807.pdf,"63. On the issuance of not to exceed $5,000,000 General Obligation Urban Renewal Bonds or Capital Loan Notes for urban renewal purposes. (Council Communication No. 23-373) (A) Authorization for additional action."
2023-08-07,2,23-1140,,,,,,,,6-1,,tier2_screen_only;revenue bond,https://councildocs.dsm.city/agendas/ag20230807.pdf,"65. On the proposition of the issuance of not to exceed $22,000,000 Stormwater Management Utility Revenue Bonds. (Council Communication No. 23-373) (A) Authorization for additional action. *****END HEARINGS AT _______________PM***** INFORMAL HEARING"
2023-08-21,2,23-1190,,,,,,,,6-1,,tier2_screen_only;municipal housing,https://councildocs.dsm.city/agendas/ag20230821.pdf,"30. Authorizing Finance Director to draw checks on registers for the weeks of August 21, 28, and September 4, 2023; to draw checks for the bills of the Des Moines Municipal Housing Agency for the weeks of August 21, 28 and September 4, 2023; to draw checks for biweekly payroll due August 25 and Sept"
2023-08-21,2,23-1202,,,,,,,,6-1,,tier2_screen_only;revenue bond,https://councildocs.dsm.city/agendas/ag20230821.pdf,"39. Directing advertisement for sale and approving electronic bidding procedures and official statement for $21,755,000 Stormwater Management Utility Revenue Bonds Series 2023B. (Bonds will be sold at a special meeting on Wednesday, October 4th at 4:30 PM)"
2023-09-11,1,23-1257,amend agreement,"North Des Moines Town Hall, LP",North Des Moines Town Hall (1601 6th Avenue renovation),1601 6th Avenue,,3500000.0,,,medium,,https://councildocs.dsm.city/communications/2023/23-406.pdf,
2023-09-11,1,23-1258,amend agreement,"Slate at Gray’s Landing, LLC and River Point West LLC",The Slate,northwest corner of SW 11th and Murphy Streets,,30000000.0,approved,6-0,medium,figure_not_in_source,https://councildocs.dsm.city/communications/2023/23-404.pdf,
2023-09-11,1,23-1259,other,"Merle Hay Anchors, LLC",Merle Hay Mall former Sears site redevelopment,,,,approved,6-0,medium,,https://councildocs.dsm.city/communications/2023/23-405.pdf,
2023-09-11,1,23-1260,resolution of intent,FJ Management Inc.,FJ Management (Maverik) regional headquarters office,1100 Locust Street,,1000000.0,approved,6-0,high,,https://councildocs.dsm.city/communications/2023/23-407.pdf,
2023-09-11,2,23-1271,,,,,,,,6-0,,tier2_screen_only;municipal housing,https://councildocs.dsm.city/agendas/ag20230911.pdf,"45. Authorizing Finance Director to draw checks on registers for the weeks of September 11, 18 and 25, 2023; to draw checks for the bills of the Des Moines Municipal Housing Agency for the weeks of September 11, 18 and 25, 2023; to draw checks for biweekly payroll due September 22, 2023. * * * * * *"
2023-10-02,1,23-1340,amend agreement,"North Des Moines Town Hall, LP",North Des Moines Town Hall (1601 6th Avenue renovation),1601 6th Avenue,,3500000.0,approved,6-0,high,,https://councildocs.dsm.city/communications/2023/23-445.pdf,
2023-10-02,1,23-1341,amend agreement,"The District Developer, LLC",Market District redevelopment,vicinity of E. 4th and E. Market Streets,,,approved,6-0,medium,,https://councildocs.dsm.city/communications/2023/23-429.pdf,
2023-10-02,2,23-1331,,,,,,,,6-0,,tier2_screen_only;urban renewal,https://councildocs.dsm.city/agendas/ag20231002.pdf,"41. On proposed Third amendment to the Urban Renewal Plan for the Oak Park-Highland Park Urban Renewal Area, (11-6-23). (Council Communication No. 23-446)"
2023-10-02,2,23-1332,,,,,,,,6-0,,tier2_screen_only;urban renewal,https://councildocs.dsm.city/agendas/ag20231002.pdf,"42. On proposed Thirty-Third amendment to the Urban Renewal Plan for the Metro Center Urban Renewal Area, (11-6-23). (Council Communication No. 23-428)"
2023-10-02,2,23-1363,,,,,,,,6-0,,tier2_screen_only;municipal housing,https://councildocs.dsm.city/agendas/ag20231002.pdf,"63. Authorizing Finance Director to draw checks on registers for the weeks of October 2, 9 and 16, 2023; to draw checks for the bills of the Des Moines Municipal Housing Agency for the weeks of October 2, 9 and 16, 2023; to draw checks for biweekly payroll due October 6 and 20, 2023. * * * * * * * *"
2023-10-23,1,23-1436,other,,Market Place Lofts,,,,approved,6-0,low,,https://councildocs.dsm.city/agendas/ag20231023.pdf,
2023-10-23,1,23-1437,other,,Court Avenue Lofts,,,,approved,6-0,low,,https://councildocs.dsm.city/agendas/ag20231023.pdf,
2023-10-23,2,23-1435,,,,,,,,6-0,,tier2_screen_only;urban renewal,https://councildocs.dsm.city/agendas/ag20231023.pdf,37. Issuance of Certificate of Completion for Slate Apartments at the northwest corner of SW 11th Street and Murphy Street in the Metro Center Urban Renewal Area.
2023-10-23,2,23-1459,,,,,,,,6-0,,tier2_screen_only;tax exemption,https://councildocs.dsm.city/agendas/ag20231023.pdf,"55. Issuance of $69,665,000 General Obligation Bonds, Series 2023A, levying a tax for payment, and approving the Tax Exemption Certificate and the Continuing Disclosure Certificate."
2023-10-23,2,23-1460,,,,,,,,6-0,,tier2_screen_only;tax exemption,https://councildocs.dsm.city/agendas/ag20231023.pdf,"56. Issuance and securing payment of $21,755,000 Stormwater Management Utility Revenue Bonds, Series 2023B, and providing for a method of payment of the bonds; Approving the Tax Exemption Certificate and Continuing Disclosure Certificate."
2023-10-23,2,23-1464,,,,,,,,6-0,,tier2_screen_only;municipal housing,https://councildocs.dsm.city/agendas/ag20231023.pdf,"60. Authorizing Finance Director to draw checks on registers for the weeks of October 23 and 30, 2023; to draw checks for the bills of the Des Moines Municipal Housing Agency for the weeks of October 23 and 30, 2023; to draw checks for biweekly payroll due November 3, 2023. * * * * * * * * * END CON"
2023-11-06,1,23-1544,approve development agreement,"Mav KG, LLC",Maverik/Kum & Go (FJ Management) regional headquarters office,1100 Locust Street,,1000000.0,approved,6-0,high,,https://councildocs.dsm.city/communications/2023/23-504.pdf,
2023-11-06,1,23-1545,amend agreement,"Market One, L.L.C.",Market One building,130 East 3rd Street,,,approved,6-0,medium,,https://councildocs.dsm.city/communications/2023/23-502.pdf,
2023-11-06,1,23-1578,ordinance,,,,,,withdrawn,,medium,,https://councildocs.dsm.city/communications/2023/23-505.pdf,
2023-11-06,2,23-1532,,,,,,,,6-0,,tier2_screen_only;tax abatement,https://councildocs.dsm.city/agendas/ag20231106.pdf,17. Approving 309 tax abatement applications for work completed in 2023. (Council Communication No. 23-501) BOARDS/COMMISSIONS/NEIGHBORHOODS
2023-11-06,2,23-1540,,,,,,,,6-0,,tier2_screen_only;municipal housing,https://councildocs.dsm.city/agendas/ag20231106.pdf,"25. On a request from City of Des Moines Municipal Housing Agency to amend the PlanDSM: Creating Our Tomorrow Comprehensive Plan to revise the future land use classification from Low Density Residential to High Density Residential, and to rezone two (2) parcels located at 3312 8th Street and 3400 8t"
2023-11-06,2,23-1554,,,,,,,,6-0,,tier2_screen_only;municipal housing,https://councildocs.dsm.city/agendas/ag20231106.pdf,"36. Authorizing Finance Director to draw checks on registers for the weeks of November 6 and 13, 2023; to draw checks for the bills of the Des Moines Municipal Housing Agency for the weeks of November 6 and 13, 2023; to draw checks for biweekly payroll due November 17, 2023. * * * * * * * * * END CO"
2023-11-06,2,23-1581,,,,,,,,6-0,,tier2_screen_only;urban renewal,https://councildocs.dsm.city/agendas/ag20231106.pdf,51. On proposed Thirty-third Amendment to the Urban Renewal Plan for the Metro Center Urban Renewal Area. (Council Communication No. 23-503) *** END HEARINGS AT ______________ P.M. *** ORDINANCES - FIRST CONSIDERATION
2023-11-20,1,23-1618,amend agreement,"Hoyt, LLC",High Street Lofts Phase 2 (44-unit apartment building),1619 High Street; item also references 610 16th Street and 1613 High Street,2200000.0,11700000.0,approved,6-1,high,,https://councildocs.dsm.city/communications/2023/23-512.pdf,
2023-11-20,1,23-1620,resolution of intent,"1435 Mulberry, LLC",1435 Mulberry 202-unit mixed-use apartment project,1435 Mulberry Street,5300000.0,62000000.0,approved,7-0,high,,https://councildocs.dsm.city/communications/2023/23-513.pdf,
2023-11-20,1,23-1633,other,,FY 2024/2025 TIF needs certification and Annual Urban Renewal Report,,,,approved,7-0,medium,not_incentive_related,https://councildocs.dsm.city/communications/2023/23-525.pdf,
2023-11-20,2,23-1613,,,,,,,,7-0,,tier2_screen_only;urban renewal,https://councildocs.dsm.city/agendas/ag20231120.pdf,"17. Setting date of public hearing on the proposed Third Amendment to the Urban Renewal Plan for the Oak Park-Highland Park Urban Renewal Area, (12-4-23). (Council Communication No. 23-514) LEGAL DEPARTMENT - CLAIM SETTLEMENTS & BILLINGS"
2023-11-20,2,23-1619,,,,,,,,7-0,,tier2_screen_only;urban renewal,https://councildocs.dsm.city/agendas/ag20231120.pdf,23. Issuance of Certificate of Completion for the Kohl’s site within the Merle Hay Mall Phase 3 – Merle Hay Commercial Area Urban Renewal Project.
2023-11-20,2,23-1636,,,,,,,,7-0,,tier2_screen_only;tax exemption,https://councildocs.dsm.city/agendas/ag20231120.pdf,"37. Authorizing a form of loan agreement and providing for the issuance of $50,000,000 Limited Levy General Obligation Capital Loan Notes, Series 2023C secured by general fund and approval of the Tax Exemption Certificate."
2023-11-20,2,23-1637,,,,,,,,7-0,,tier2_screen_only;municipal housing,https://councildocs.dsm.city/agendas/ag20231120.pdf,"38. Authorizing Finance Director to draw checks on registers for the weeks of November 20 and 27, 2023; to draw checks for the bills of the Des Moines Municipal Housing Agency for the weeks of November 20 and 27, 2023; to draw checks for biweekly payroll due December 1, 2023. * * * * * * * * * END C"
2023-11-20,2,23-1641,,,,,,,,7-0,,tier2_screen_only;municipal housing,https://councildocs.dsm.city/agendas/ag20231120.pdf,"42. On a request from City of Des Moines Municipal Housing Agency to amend the PlanDSM: Creating Our Tomorrow Comprehensive Plan to revise the future land use classification from Low Density Residential to High Density Residential, and to rezone two (2) parcels located at 3312 8th Street and 3400 8t"
2023-12-04,1,23-1691,approve development agreement,Center at Sixth,Center at Sixth mixed-use / retail incubator,1760 6th Avenue,850000.0,8650000.0,approved,7-0,high,,https://councildocs.dsm.city/communications/2023/23-545.pdf,
2023-12-04,1,23-1717,ordinance,,Third Amendment to Oak Park-Highland Park Urban Renewal Plan,,,,approved,7-0,medium,,https://councildocs.dsm.city/communications/2023/23-543.pdf,
2023-12-04,2,23-1689,,,,,,,,7-0,,tier2_screen_only;municipal housing,https://councildocs.dsm.city/agendas/ag20231204.pdf,"15. Submitting travel and training request for Connie Boesen. (Council Communication No. 23-547) APPROVING 16. 28E Agreement between the City of West Des Moines, Polk County, Des Moines Municipal Housing Agency (DMMHA), and City of Des Moines for the Analysis of Impediments (AI) to Fair Housing. (Co"
2023-12-04,2,23-1692,,,,,,,,6-1,,tier2_screen_only;urban renewal,https://councildocs.dsm.city/agendas/ag20231204.pdf,"18. Fourth Amendment to the Urban Renewal Agreement with Nelson Development 1, LLC, to purchase and develop City-owned property at 418 E. Grand Avenue in the Metro Center Urban Renewal Area. (Council Communication No. 23-548)"
2023-12-04,2,23-1701,,,,,,,,7-0,,tier2_screen_only;municipal housing,https://councildocs.dsm.city/agendas/ag20231204.pdf,"26. Authorizing Finance Director to draw checks on registers for the weeks of December 4 and 11, 2023; to draw checks for the bills of the Des Moines Municipal Housing Agency for the weeks of December 4 and 11, 2023; to draw checks for biweekly payroll due December 15, 2023. * * * * * * * * * END CO"
2023-12-18,2,23-1766,,,,,,,,7-0,,tier2_screen_only;urban renewal,https://councildocs.dsm.city/agendas/ag20231218.pdf,34. Approving Second Amendment to Urban Renewal Agreement with East Village Tower Partners LLC for continued redevelopment of The Lyon Apartments at 600 E. 5th Street. (Council Communication No. 23-555)
2024-01-08,2,24-0054,,,,,,,,6-0,,tier2_screen_only;municipal housing,https://councildocs.dsm.city/agendas/ag20240108.pdf,"29. Authorizing Finance Director to draw checks on registers for the weeks of January 8 and 15, 2024; to draw checks for the bills of the Des Moines Municipal Housing Agency for the weeks of January 8 and 15, 2024; to draw checks for biweekly payroll due January 12, 2024. * * * * * * * * * END CONSE"
2024-01-22,1,24-0114,approve development agreement,"1435 Mulberry, LLC",1435 Mulberry 202-unit mixed-use apartment building,1435 Mulberry Street,5300000.0,62000000.0,approved,6-0,high,,https://councildocs.dsm.city/communications/2024/24-024.pdf,
2024-01-22,2,24-0127,,,,,,,,6-0,,tier2_screen_only;municipal housing,https://councildocs.dsm.city/agendas/ag20240122.pdf,"41. Authorizing Finance Director to draw checks on registers for the weeks of January 22 and January 29, 2024; to draw checks for the bills of the Des Moines Municipal Housing Agency for the weeks of January 22 and 29, 2024; to draw checks for biweekly payroll due January 26, 2024. SECOND CONSIDERAT"
2024-02-05,1,24-0187,amend agreement,"Hilltop Housing, LLC",Hilltop III and Hilltop IV apartments,vicinity of 3600 Hubbell Avenue,,17100000.0,approved,6-0,medium,,https://councildocs.dsm.city/communications/2024/24-055.pdf,
2024-02-05,2,24-0175,,,,,,,,6-0,,tier2_screen_only;tax abatement,https://councildocs.dsm.city/agendas/ag20240205.pdf,16. Approving 285 tax abatement applications for work completed in 2023. (Council Communication No. 24-056) BOARDS/COMMISSIONS/NEIGHBORHOODS
2024-02-05,2,24-0198,,,,,,,,6-0,,tier2_screen_only;municipal housing,https://councildocs.dsm.city/agendas/ag20240205.pdf,"33. Authorizing Finance Director to draw checks on registers for the weeks of February 5 and 12, 2024; to draw checks for the bills of the Des Moines Municipal Housing Agency for the weeks of February 5 and 12, 2024; to draw checks for biweekly payroll due February 9, 2024. ORDINANCES - FINAL CONSID"
2024-02-19,1,24-0256,other,"Gold Cap Development, Sidekick Development and Wade Investments",401 Robert D. Ray Drive mixed-use development (City-owned site),401 Robert D. Ray Drive,,,approved,6-0,medium,,https://councildocs.dsm.city/communications/2024/24-081.pdf,
2024-02-19,1,24-0257,resolution of intent,"Kemin Industries, Inc.","Kemin 320,000 sq ft warehouse",606 SE 23rd Street,2372066.0,28000000.0,approved,6-0,high,figure_not_in_source,https://councildocs.dsm.city/communications/2024/24-063.pdf,
2024-02-19,1,24-0258,resolution of intent,Townhall Associates LP,North Des Moines Hall renovation and 6th Avenue food hall mixed-use,"1601, 1605, 1609 and 1619 6th Avenue",,12500000.0,approved,6-0,high,,https://councildocs.dsm.city/communications/2024/24-064.pdf,
2024-02-19,2,24-0242,,,,,,,,6-0,,tier2_screen_only;tax abatement,https://councildocs.dsm.city/agendas/ag20240219.pdf,19. Approving 65 tax abatement applications for work completed in 2023. (Council Communication No. 24-080) BOARDS/COMMISSIONS/NEIGHBORHOODS
2024-02-19,2,24-0248,,,,,,,,6-0,,tier2_screen_only;municipal housing,https://councildocs.dsm.city/agendas/ag20240219.pdf,"23. On vacation and conveyance of City-owned property located at 3312 8th Street to City of Des Moines Municipal Housing Agency, (3-4-24)."
2024-02-19,2,24-0267,,,,,,,,6-0,,tier2_screen_only;municipal housing,https://councildocs.dsm.city/agendas/ag20240219.pdf,"40. Authorizing Finance Director to draw checks on registers for the weeks of February 19 and 26, 2024; to draw checks for the bills of the Des Moines Municipal Housing Agency for the weeks of February 19 and 26, 2024; to draw checks for biweekly payroll due February 23, 2024. ORDINANCES - FINAL CON"
2024-03-04,1,24-0343,amend agreement,"Lawmark, LP",Financial Center building office-to-housing conversion,606 Walnut Street,,,approved,6-0,medium,,https://councildocs.dsm.city/communications/2024/24-101.pdf,
2024-03-04,2,24-0324,,,,,,,,6-0,,tier2_screen_only;tax abatement,https://councildocs.dsm.city/agendas/ag20240304.pdf,18. Approval of 25 tax abatement applications for work completed in 2023. (Council Communication No. 24-088) BOARDS/COMMISSIONS/NEIGHBORHOODS
2024-03-04,2,24-0351,,,,,,,,6-0,,tier2_screen_only;municipal housing,https://councildocs.dsm.city/agendas/ag20240304.pdf,"43. Authorizing Finance Director to draw checks on registers for the weeks of March 4 and 11, 2024; to draw checks for the bills of the Des Moines Municipal Housing Agency for the weeks of March 4 and 11, 2024; to draw checks for biweekly payroll due March 8, 2024. ORDINANCES - SECOND CONSIDERATION"
2024-03-04,2,24-0356,,,,,,,,6-0,,tier2_screen_only;municipal housing,https://councildocs.dsm.city/agendas/ag20240304.pdf,46. On conveyance of City-owned property located at 3312 8th Street to City of Des Moines Municipal Housing Agency.
2024-03-18,2,24-0409,,,,,,,,6-0,,tier2_screen_only;tax abatement,https://councildocs.dsm.city/agendas/ag20240318.pdf,16. Approval of four (4) tax abatement applications for work completed in 2023. (Council Communication No. 24-122)
2024-03-18,2,24-0435,,,,,,,,6-0,,tier2_screen_only;municipal housing,https://councildocs.dsm.city/agendas/ag20240318.pdf,"38. Authorizing Finance Director to draw checks on registers for the weeks of March 18 and 25, 2024; to draw checks for the bills of the Des Moines Municipal Housing Agency for the weeks of March 18 and 25, 2024; to draw checks for biweekly payroll due March 22, 2024. ORDINANCES - FINAL CONSIDERATIO"
2024-04-01,1,24-0501,approve development agreement,"Kemin Industries, Inc. and Kemin Holdings, LC","Kemin 340,500 sq ft warehouse",606 SE 23rd Street,2513007.0,28000000.0,approved,7-0,high,figure_not_in_source,https://councildocs.dsm.city/communications/2024/24-138.pdf,
2024-04-01,2,24-0512,,,,,,,,7-0,,tier2_screen_only;municipal housing,https://councildocs.dsm.city/agendas/ag20240401.pdf,"37. Authorizing Finance Director to draw checks on registers for the weeks of April 1 and 8, 2024; to draw checks for the bills of the Des Moines Municipal Housing Agency for the weeks of April 1 and 8, 2024; to draw checks for biweekly payroll due April 5, 2024. ORDINANCES - SECOND CONSIDERATION"
2024-04-15,1,24-0584,other,,Tax sale certificate acquisition for housing development/rehabilitation,1168 22nd Street; 1552 23rd Street; 1706 23rd Street,,,approved,7-0,medium,not_incentive_related,https://councildocs.dsm.city/communications/2024/24-160.pdf,
2024-04-15,2,24-0570,,,,,,,,7-0,,tier2_screen_only;tax abatement,https://councildocs.dsm.city/agendas/ag20240415.pdf,15. Approval of one tax abatement application for work completed in 2021. (Council Communication No. 24-149) BOARDS/COMMISSIONS/NEIGHBORHOODS
2024-04-15,2,24-0607,,,,,,,,7-0,,tier2_screen_only;municipal housing,https://councildocs.dsm.city/agendas/ag20240415.pdf,"49. Authorizing Finance Director to draw checks on registers for the weeks of April 15, 22 and 29, 2024; to draw checks for the bills of the Des Moines Municipal Housing Agency for the weeks of April 15, 22 and 29, 2024; to draw checks for biweekly payroll due April 19 and May 3, 2024. ORDINANCES - "
2024-05-06,1,24-0666,amend agreement,"420 Court Avenue, LLC",Court Avenue grocery store (Hy-Vee project),420 Court Avenue,,,approved,7-0,medium,,https://councildocs.dsm.city/communications/2024/24-183.pdf,
2024-05-06,2,24-0657,,,,,,,,7-0,,tier2_screen_only;urban renewal,https://councildocs.dsm.city/agendas/ag20240506.pdf,"23. On the proposed Fifteenth Amendment to the Urban Renewal Plan for the SE AgriBusiness Urban Renewal Area, (6-17-24). (Council Communication No. 24-186)"
2024-05-06,2,24-0658,,,,,,,,7-0,,tier2_screen_only;urban renewal,https://councildocs.dsm.city/agendas/ag20240506.pdf,"24. On the proposed Nineteenth Amendment to the Urban Renewal Plan for the Central Place Industrial Park Redevelopment Urban Renewal Plan, (6-17-24). (Council Communication No. 24-187)"
2024-05-06,2,24-0659,,,,,,,,7-0,,tier2_screen_only;urban renewal,https://councildocs.dsm.city/agendas/ag20240506.pdf,"25. On the proposed Thirty-Fourth Amendment to the Urban Renewal Plan for the Metro Center Urban Renewal Area, (6-17-24). (Council Communication No. 24-205)"
2024-05-06,2,24-0660,,,,,,,,7-0,,tier2_screen_only;urban renewal,https://councildocs.dsm.city/agendas/ag20240506.pdf,"26. On the proposed SE Industrial Urban Renewal Plan for the SE Industrial Urban Renewal Area, (6-17-24). (Council Communication No. 24-206) LEGAL DEPARTMENT - CLAIM SETTLEMENTS & BILLINGS"
2024-05-06,2,24-0667,,,,,,,,7-0,,tier2_screen_only;urban renewal,https://councildocs.dsm.city/agendas/ag20240506.pdf,"33. Issuance of Certificate of Completion for Euclid Foresight, LLC for Oak Park – Highland Park Urban Renewal Project at 413 Euclid Avenue."
2024-05-06,2,24-0683,,,,,,,,7-0,,tier2_screen_only;municipal housing,https://councildocs.dsm.city/agendas/ag20240506.pdf,"46. Authorizing Finance Director to draw checks on registers for the weeks of May 6 and 13, 2024; to draw checks for the bills of the Des Moines Municipal Housing Agency for the weeks of May 6 and 13, 2024; to draw checks for biweekly payroll due May 17, 2024. * * * * * * * * * END CONSENT AGENDA * "
2024-05-20,1,24-0744,other,,Workforce Housing Tax Credit benefit applications (7 projects),,,,approved,7-0,medium,,https://councildocs.dsm.city/communications/2024/24-222.pdf,
2024-05-20,1,24-0751,resolution of intent,"Ruan Redevelopment Partners, LLC",601 Locust office-to-residential conversion (Two Ruan building),601 Locust Street,5570000.0,81200000.0,approved,7-0,high,,https://councildocs.dsm.city/communications/2024/24-220.pdf,
2024-05-20,1,24-0753,amend agreement,"The District Developer, LLC",Market District redevelopment,vicinity of East 4th and East Market Streets (Market District),,,approved,7-0,high,,https://councildocs.dsm.city/communications/2024/24-223.pdf,
2024-05-20,2,24-0764,,,,,,,,7-0,,tier2_screen_only;municipal housing,https://councildocs.dsm.city/agendas/ag20240520.pdf,"39. Authorizing Finance Director to draw checks on registers for the weeks of May 20 and 27, 2024; to draw checks for the bills of the Des Moines Municipal Housing Agency for the weeks of May 20 and 27, 2024; to draw checks for biweekly payroll due May 31, 2024. * * * * * * * * * END CONSENT AGENDA "
2024-06-03,1,24-0803,other,"Scott Avenue Landing, LLC",Scott Avenue Landing townhomes,417 Scott Avenue,,12856000.0,approved,7-0,high,,https://councildocs.dsm.city/communications/2024/24-240.pdf,
2024-06-03,1,24-0804,approve development agreement,Joppa Experience LLC,Joppa Experience restaurant,1829 6th Avenue,,,approved,7-0,medium,figure_not_in_source,https://councildocs.dsm.city/communications/2024/24-241.pdf,
2024-06-03,1,24-0833,approve development agreement,American Equity Investment Life Insurance Company,American Equity downtown office relocation (1100 Locust Street),1100 Locust Street,,9100000.0,approved,7-0,high,,https://councildocs.dsm.city/communications/2024/24-242.pdf,
2024-06-03,2,24-0794,,,,,,,,7-0,,tier2_screen_only;tax abatement,https://councildocs.dsm.city/agendas/ag20240603.pdf,12. Approving 16 tax abatement applications for work completed in 2024. (Council Communication No. 24-239) BOARDS/COMMISSIONS/NEIGHBORHOODS
2024-06-03,2,24-0814,,,,,,,,7-0,,tier2_screen_only;municipal housing,https://councildocs.dsm.city/agendas/ag20240603.pdf,"31. Authorizing Finance Director to draw checks on registers for the weeks of June 3 and 10, 2024; to draw checks for the bills of the Des Moines Municipal Housing Agency for the weeks of June 3 and 10, 2024; to draw checks for biweekly payroll due June 14, 2024. * * * * * * * * * END CONSENT AGENDA"
2024-06-17,1,24-0871,approve development agreement,"Ruan Redevelopment Partners, LLC",601 Locust conversion (Two Ruan building),601 Locust Street,5570000.0,81200000.0,approved,7-0,medium,ambiguous_disposition,https://councildocs.dsm.city/communications/2024/24-274.pdf,
2024-06-17,2,24-0868,,,,,,,,7-0,,tier2_screen_only;urban renewal,https://councildocs.dsm.city/agendas/ag20240617.pdf,"27. On the proposed 35th Amendment to the Urban Renewal Plan for the Metro Center Urban Renewal Area, (8-5-24). (Council Communication No. 24-271) LEGAL DEPARTMENT – CLAIM SETTLEMENTS & BILLINGS"
2024-06-17,2,24-0898,,,,,,,,7-0,,tier2_screen_only;municipal housing,https://councildocs.dsm.city/agendas/ag20240617.pdf,"46. Authorizing Finance Director to draw checks on registers for the weeks of June 17, 24, July 1 and 8 2024; to draw checks for the bills of the Des Moines Municipal Housing Agency for the weeks of June 17, 24, July 1 and 8, 2024; to draw checks for biweekly payroll due June 28 and July 12, 2024. *"
2024-06-17,2,24-0902,,,,,,,,7-0,,tier2_screen_only;urban renewal,https://councildocs.dsm.city/agendas/ag20240617.pdf,48. On the proposed Fifteenth Amendment to the Urban Renewal Plan for the SE AgriBusiness Urban Renewal Area. (Council Communication No. 24-277)
2024-06-17,2,24-0903,,,,,,,,7-0,,tier2_screen_only;urban renewal,https://councildocs.dsm.city/agendas/ag20240617.pdf,49. On the proposed Nineteenth Amendment to the Urban Renewal Plan for the Central Place Industrial Park Redevelopment Program Urban Renewal Area. (Council Communication No. 24-275)
2024-06-17,2,24-0904,,,,,,,,7-0,,tier2_screen_only;urban renewal,https://councildocs.dsm.city/agendas/ag20240617.pdf,50. On the proposed Thirty-Fourth Amendment to the Urban Renewal Plan for the Metro Center Urban Renewal Area. (Council Communication No. 24-273)
2024-06-17,2,51,,,,,,,,7-0,,tier2_screen_only;urban renewal,https://councildocs.dsm.city/agendas/ag20240617.pdf,51. On items regarding the proposed SE Industrial Urban Renewal Plan and Area: (Council Communication No. 24-272) (A) On the proposed amendment to PlanDSM Creating Our Tomorrow Comprehensive Plan to revise the future land use classification of property within the proposed SE Industrial Urban Renewal
2024-07-15,2,24-0963,,,,,,,,7-0,,tier2_screen_only;tax abatement,https://councildocs.dsm.city/agendas/ag20240715.pdf,"36. On the First Amendment to the Fourth Restated City-Wide Urban Revitalization Plan to update the definition of missing middle residential and to add certain building material requirements to be eligible for tax abatement, (8-5-24). LEGAL DEPARTMENT - CLAIM SETTLEMENTS & BILLINGS"
2024-07-15,2,24-0967,,,,,,,,7-0,,tier2_screen_only;urban renewal,https://councildocs.dsm.city/agendas/ag20240715.pdf,"40. Issuance of a Certificate of Completion to HOA EVMF LLC for construction of a new 7- story mixed use building containing approximately 110 residential units and at least 4,000 square feet of commercial space at 317 E. 6th Street in the Metro Center Urban Renewal Area."
2024-07-15,2,24-0992,,,,,,,,7-0,,tier2_screen_only;municipal housing,https://councildocs.dsm.city/agendas/ag20240715.pdf,"58. Authorizing Finance Director to draw checks on registers for the weeks of July 15, 22 and 29, 2024; to draw checks for the bills of the Des Moines Municipal Housing Agency for the weeks of July 15, 22 and 29, 2024; to draw checks for biweekly payroll due on July 26, 2024. * * * * * * * * * END C"
2024-07-22,2,36,,,,,,,,,,tier2_screen_only;tax abatement,https://councildocs.dsm.city/agendas/ag20240722.pdf,"36. On the First Amendment to the Fourth Restated City-Wide Urban Revitalization Plan to update the definition of missing middle residential and to add certain building material requirements to be eligible for tax abatement, (8-5-24). LEGAL DEPARTMENT - CLAIM SETTLEMENTS & BILLINGS"
2024-07-22,2,40,,,,,,,,,,tier2_screen_only;urban renewal,https://councildocs.dsm.city/agendas/ag20240722.pdf,"40. Issuance of a Certificate of Completion to HOA EVMF LLC for construction of a new 7- story mixed use building containing approximately 110 residential units and at least 4,000 square feet of commercial space at 317 E. 6th Street in the Metro Center Urban Renewal Area."
2024-07-22,2,58,,,,,,,,,,tier2_screen_only;municipal housing,https://councildocs.dsm.city/agendas/ag20240722.pdf,"58. Authorizing Finance Director to draw checks on registers for the weeks of July 15, 22 and 29, 2024; to draw checks for the bills of the Des Moines Municipal Housing Agency for the weeks of July 15, 22 and 29, 2024; to draw checks for biweekly payroll due on July 26, 2024. * * * * * * * * * END C"
2024-08-05,2,24-1056,,,,,,,,6-0,,tier2_screen_only;tax abatement,https://councildocs.dsm.city/agendas/ag20240805.pdf,17. Approving 50 tax abatement applications for work completed in 2024. (Council Communication No. 24-322)
2024-08-05,2,24-1058,,,,,,,,6-0,,tier2_screen_only;urban renewal,https://councildocs.dsm.city/agendas/ag20240805.pdf,"19. City initiated rezoning of three parcels in the SE Industrial Urban Renewal Plan located along East Army Post Road, west of SE 45th Street and east of SE 36th Street, bounded on the north by East Army Post Road and East Pine Avenue to the south. BOARDS/COMMISSIONS/NEIGHBORHOODS"
2024-08-05,2,24-1096,,,,,,,,6-0,,tier2_screen_only;municipal housing,https://councildocs.dsm.city/agendas/ag20240805.pdf,"34. Authorizing Finance Director to draw checks on registers for the weeks of August 5 and 12, 2024; to draw checks for the bills of the Des Moines Municipal Housing Agency for the weeks of August 5 and 12, 2024; to draw checks for biweekly payroll due on August 9, 2024. * * * * * * * * * END CONSEN"
2024-08-05,2,24-1113,,,,,,,,6-0,,tier2_screen_only;tax abatement,https://councildocs.dsm.city/agendas/ag20240805.pdf,45. On the First Amendment to the Fourth Restated City-Wide Urban Revitalization Plan to update the definition of missing middle residential and to add certain building material requirements to be eligible for tax abatement.
2024-08-05,2,24-1114,,,,,,,,6-0,,tier2_screen_only;urban renewal,https://councildocs.dsm.city/agendas/ag20240805.pdf,46. On the proposed 35th Amendment to the Urban Renewal Plan for the Metro Center Urban Renewal Area. (Council Communication No. 24-324) ****END HEARINGS AT ______________**** SETTING DATE OF HEARING II
2024-08-05,2,24-1115,,,,,,,,6-0,,tier2_screen_only;urban renewal,https://councildocs.dsm.city/agendas/ag20240805.pdf,"48. On the issuance of not to exceed $20,100,000 General Obligation Urban Renewal Bonds for essential corporate urban renewal purposes, (8-19-24)."
2024-08-19,2,24-1180,,,,,,,,7-0,,tier2_screen_only;urban renewal,https://councildocs.dsm.city/agendas/ag20240819.pdf,"45. On the issuance of not to exceed $20,100,000 General Obligation Urban Renewal Bonds for essential corporate urban renewal purposes. (Council Communication No. 24-342) (A) Authorization for additional action."
2024-09-16,1,24-1259,resolution of intent,Riverview DSM LLC and Riverview Parking LLC,East Court Avenue parking structure and 218 East 2nd Street office renovation,"200, 210, and 216 East Court Avenue; 218 East 2nd Street",5570000.0,28900000.0,approved,6-0,high,,https://councildocs.dsm.city/communications/2024/24-378.pdf,
2024-09-16,2,24-1227,,,,,,,,7-0,,tier2_screen_only;tax abatement,https://councildocs.dsm.city/agendas/ag20240916.pdf,19. Approving six tax abatement applications for work completed in 2022. (Council Communication No. 24-352) BOARDS/COMMISSIONS/NEIGHBORHOODS
2024-09-16,2,24-1275,,,,,,,,7-0,,tier2_screen_only;municipal housing,https://councildocs.dsm.city/agendas/ag20240916.pdf,"67. Authorizing Finance Director to draw checks on registers for the weeks of September 16, 23 and 30, 2024; to draw checks for the bills of the Des Moines Municipal Housing Agency for the weeks of September 16, 23 and 30, 2024; to draw checks for biweekly payroll due on September 20 and October 4, "
2024-10-07,2,24-1369,,,,,,,,7-0,,tier2_screen_only;municipal housing,https://councildocs.dsm.city/agendas/ag20241007.pdf,"40. Authorizing Finance Director to draw checks on registers for the weeks of October 7 and 14, 2024; to draw checks for the bills of the Des Moines Municipal Housing Agency for the weeks of October 7 and 14, 2024; to draw checks for biweekly payroll due on October 18, 2024. ORDINANCES - SECOND CONS"
2024-10-21,1,24-1449,other,"13th and Mulberry, LLC",213 13th Street Phase 1 (Iowa Ford Tractor Company building),213 13th Street,,22700000.0,approved,7-0,medium,,https://councildocs.dsm.city/communications/2024/24-430.pdf,
2024-10-21,2,24-1433,,,,,,,,7-0,,tier2_screen_only;tax abatement,https://councildocs.dsm.city/agendas/ag20241021.pdf,13. Approving 34 tax abatement applications for work completed in 2024. (Council Communication No. 24-429)
2024-10-21,2,24-1459,,,,,,,,7-0,,tier2_screen_only;tax exemption,https://councildocs.dsm.city/agendas/ag20241021.pdf,"38. Issuance of $54,055,000 General Obligation Bonds, Series 2024A, levying a tax for payment, and approving the Tax Exemption Certificate and the Continuing Disclosure Certificate."
2024-10-21,2,24-1461,,,,,,,,7-0,,tier2_screen_only;municipal housing,https://councildocs.dsm.city/agendas/ag20241021.pdf,"40. Authorizing Finance Director to draw checks on registers for the weeks of October 21 and 28, 2024; to draw checks for the bills of the Des Moines Municipal Housing Agency for the weeks of October 21 and 28, 2024; to draw checks for biweekly payroll due on November 1, 2024. ORDINANCES - FINAL CON"
2024-11-04,2,24-1523,,,,,,,,6-0,,tier2_screen_only;municipal housing,https://councildocs.dsm.city/agendas/ag20241104.pdf,"34. Authorizing Finance Director to draw checks on registers for the weeks of November 4 and 11, 2024; to draw checks for the bills of the Des Moines Municipal Housing Agency for the weeks of November 4 and 11, 2024; to draw checks for biweekly payroll due on November 15, 2024. * * * * * * * * * END"
2024-11-18,1,24-1574,resolution of intent,Des Moines Industrial LLC and Des Moines Industrial Land LLC,Rail-connected silo transloading infrastructure (Phase 2),adjacent to 357 SE 15th Street,,16000000.0,approved,7-0,high,,https://councildocs.dsm.city/communications/2024/24-467.pdf,
2024-11-18,1,24-1575,resolution of intent,Highland Park Flats LLC,Highland Park Flats,3608-3610 5th Avenue,252608.0,2635000.0,approved,7-0,high,,https://councildocs.dsm.city/communications/2024/24-468.pdf,
2024-11-18,1,35-I,other,,,,,,approved,7-0,high,not_incentive_related,https://councildocs.dsm.city/communications/2024/24-475.pdf,
2024-12-09,1,24-1642,amend agreement,"Valo Apartments, LLC",Valo Apartments mixed-use development (25th Street and Carpenter Avenue),southeast corner of 25th Street and Carpenter Avenue,,22000000.0,approved,7-0,high,,https://councildocs.dsm.city/communications/2024/24-494.pdf,
2024-12-09,2,24-1632,,,,,,,,7-0,,tier2_screen_only;tax abatement,https://councildocs.dsm.city/agendas/ag20241209.pdf,15. Approving 42 tax abatement applications for work completed in 2024. (Council Communication No. 24-507) BOARDS/COMMISSIONS/NEIGHBORHOODS
2024-12-09,2,24-1655,,,,,,,,7-0,,tier2_screen_only;municipal housing,https://councildocs.dsm.city/agendas/ag20241209.pdf,"39. Authorizing Finance Director to draw checks on registers for the weeks of December 9 and 16, 2024; to draw checks for the bills of the Des Moines Municipal Housing Agency for the weeks of December 9 and 16, 2024; to draw checks for biweekly payroll due on December 13, 2024. * * * * * * * * * END"
2024-12-23,1,33-I,approve development agreement,515 Walnut LLC,515 Walnut apartment tower,515 Walnut Street,3800000.0,148000000.0,,,medium,duplicate_of_item_50-I,https://councildocs.dsm.city/communications/2024/24-536.pdf,
2024-12-23,1,24-1730,amend agreement,"Stapek Partners, LLC",112 SE 4th Street commercial/residential mixed-use renovation,112 SE 4th Street,,,approved,6-0,high,,https://councildocs.dsm.city/communications/2024/24-532.pdf,
2024-12-23,1,24-1752,approve development agreement,515 Walnut LLC,515 Walnut apartment tower,515 Walnut Street,3800000.0,148000000.0,approved,7-0,high,,https://councildocs.dsm.city/communications/2024/24-536.pdf,
2024-12-23,2,24-1731,,,,,,,,6-0,,tier2_screen_only;urban renewal,https://councildocs.dsm.city/agendas/ag20241223.pdf,"35. First Amendment to Urban Renewal Agreement for sale of land for private redevelopment with Des Moines Industrial, LLC. (Council Communication No. 24-533)"
2025-01-13,2,25-0043,,,,,,,,7-0,,tier2_screen_only;municipal housing,https://councildocs.dsm.city/agendas/ag20250113.pdf,"32. Authorizing Finance Director to draw checks on registers for the weeks of January 13 and 20, 2025; to draw checks for the bills of the Des Moines Municipal Housing Agency for the weeks of January 13 and 20, 2025; to draw checks for biweekly payroll due on January 24, 2025. * * * * * * * * * END "
2025-01-27,1,25-0123,resolution of intent,"509 SE 6TH, LLC",Foundry Lofts,509 SE 6th Street,625000.0,15000000.0,approved,7-0,high,,https://councildocs.dsm.city/communications/2025/25-031.pdf,
2025-01-27,1,25-0124,resolution of intent,"Goldfinch Apartments, LP",Goldfinch Apartments (3404-3422 Ingersoll mixed-use),3404-3422 Ingersoll Avenue,,12355000.0,approved,7-0,high,,https://councildocs.dsm.city/communications/2025/25-033.pdf,
2025-01-27,1,25-0125,resolution of intent,Housing For All,Rehabilitation and redevelopment of 200 Euclid Avenue,200 Euclid Avenue,,,approved,7-0,medium,,https://councildocs.dsm.city/communications/2025/25-036.pdf,
2025-01-27,1,25-0126,amend agreement,"Lawmark, LP",Financial Center building renovation (office-to-housing conversion),606 and 666 Walnut Street,10000000.0,,approved,7-0,high,,https://councildocs.dsm.city/communications/2025/25-030.pdf,
2025-01-27,2,25-0108,,,,,,,,7-0,,tier2_screen_only;tax abatement,https://councildocs.dsm.city/agendas/ag20250127.pdf,17. Approving 272 tax abatement applications for work completed in 2024. (Council Communication No. 25-029) BOARDS/COMMISSIONS/NEIGHBORHOODS
2025-01-27,2,25-0137,,,,,,,,7-0,,tier2_screen_only;municipal housing,https://councildocs.dsm.city/agendas/ag20250127.pdf,"44. Authorizing Finance Director to draw checks on registers for the weeks of January 27 and February 3, 2025; to draw checks for the bills of the Des Moines Municipal Housing Agency for the weeks of January 27 and February 3, 2025; to draw checks for biweekly payroll due on February 7, 2025. * * * "
2025-02-10,1,25-0189,resolution of intent,"Newbury Management Company and Newbury Commons Associates, L.P.",Newbury Commons,401 SE 7th Street,560000.0,13830000.0,approved,7-0,high,,https://councildocs.dsm.city/communications/2025/25-061.pdf,
2025-02-10,1,25-0190,amend agreement,"Hilltop Housing, LLC",Hilltop III and Hilltop IV Housing,vicinity of 3600 Hubbell Avenue,,17100000.0,approved,,medium,,https://councildocs.dsm.city/communications/2025/25-060.pdf,
2025-02-10,2,25-0203,,,,,,,,7-0,,tier2_screen_only;municipal housing,https://councildocs.dsm.city/agendas/ag20250210.pdf,"37. Authorizing Finance Director to draw checks on registers for the weeks of February 10 and 17, 2025; to draw checks for the bills of the Des Moines Municipal Housing Agency for the weeks of February 10 and 17, 2025; to draw checks for biweekly payroll due on February 21, 2025. * * * * * * * * * E"
2025-02-24,2,25-0257,,,,,,,,7-0,,tier2_screen_only;tax abatement,https://councildocs.dsm.city/agendas/ag20250224.pdf,16. Approving 155 tax abatement applications for work completed in 2024. (Council Communication No. 25-068) BOARDS/COMMISSIONS/NEIGHBORHOODS
2025-02-24,2,25-0294,,,,,,,,7-0,,tier2_screen_only;municipal housing,https://councildocs.dsm.city/agendas/ag20250224.pdf,"46. Authorizing Finance Director to draw checks on registers for the weeks of February 24 and March 3, 2025; to draw checks for the bills of the Des Moines Municipal Housing Agency for the weeks of February 24 and March 3, 2025; to draw checks for biweekly payroll due on March 7, 2025. ORDINANCES - "
2025-03-10,2,25-0346,,,,,,,,7-0,,tier2_screen_only;tax abatement,https://councildocs.dsm.city/agendas/ag20250310.pdf,15. Approval of six (6) tax abatement applications for work completed in 2024. (Council Communication No. 25-104) BOARDS/COMMISSIONS/NEIGHBORHOODS
2025-03-10,2,25-0363,,,,,,,,7-0,,tier2_screen_only;municipal housing,https://councildocs.dsm.city/agendas/ag20250310.pdf,"31. Authorizing Finance Director to draw checks on registers for the weeks of March 10 and 17, 2025; to draw checks for the bills of the Des Moines Municipal Housing Agency for the weeks of March 10 and 17, 2025; to draw checks for biweekly payroll due on March 21, 2025. ORDINANCES - FINAL CONSIDERA"
2025-03-24,2,25-0439,,,,,,,,7-0,,tier2_screen_only;urban renewal,https://councildocs.dsm.city/agendas/ag20250324.pdf,"27. On the proposed Fourth Amendment to the Urban Renewal Plan for the Oak Park- Highland Park Urban Renewal Area, (4-21-25). (Council Communication No. 25-132)"
2025-03-24,2,25-0440,,,,,,,,7-0,,tier2_screen_only;urban renewal,https://councildocs.dsm.city/agendas/ag20250324.pdf,"28. On the proposed Seventh Amendment to the Urban Renewal Plan for the Southside Economic Development District Urban Renewal Area, (4-21-25). (Council Communication No. 25-131)"
2025-03-24,2,25-0441,,,,,,,,7-0,,tier2_screen_only;urban renewal,https://councildocs.dsm.city/agendas/ag20250324.pdf,"29. On the proposed Sixteenth Amendment to the Urban Renewal Plan for the SE AgriBusiness Urban Renewal Area, (4-21-25). (Council Communication No. 25-130)"
2025-03-24,2,25-0442,,,,,,,,7-0,,tier2_screen_only;urban renewal,https://councildocs.dsm.city/agendas/ag20250324.pdf,"30. On the proposed 36th Amendment to the Urban Renewal Plan for the Metro Center Urban Renewal Area, (4-21-25). (Council Communication No. 25-129) LEGAL DEPARTMENT - CLAIM SETTLEMENTS & BILLINGS"
2025-03-24,2,25-0452,,,,,,,,7-0,,tier2_screen_only;municipal housing,https://councildocs.dsm.city/agendas/ag20250324.pdf,"39. Authorizing Finance Director to draw checks on registers for the weeks of March 24 and 31, 2025; to draw checks for the bills of the Des Moines Municipal Housing Agency for the weeks of March 24 and 31, 2025; to draw checks for biweekly payroll due on April 4, 2025. * * * * * * * * * END CONSENT"
2025-04-07,2,25-0522,,,,,,,,7-0,,tier2_screen_only;municipal housing,https://councildocs.dsm.city/agendas/ag20250407.pdf,"43. Authorizing Finance Director to draw checks on registers for the weeks of April 7 and 14, 2025; to draw checks for the bills of the Des Moines Municipal Housing Agency for the weeks of April 7 and 14, 2025; to draw checks for biweekly payroll due on April 18, 2025. * * * * * * * * * END CONSENT "
2025-04-21,1,25-0588,approve development agreement,Townhall Associates LP,1601 6th Avenue historic renovation and mixed-use/food hall new construction,1601 6th Avenue and 1605/1609/1619 6th Avenue,460000.0,13100000.0,approved,7-0,high,,https://councildocs.dsm.city/communications/2025/25-163.pdf,
2025-04-21,1,25-0607,ordinance,,Fourth Amendment to Oak Park-Highland Park Urban Renewal Plan; TIF District No. 6,,,,approved,7-0,medium,,https://councildocs.dsm.city/communications/2025/25-167.pdf,
2025-04-21,2,25-0595,,,,,,,,7-0,,tier2_screen_only;municipal housing,https://councildocs.dsm.city/agendas/ag20250421.pdf,"42. Authorizing Finance Director to draw checks on registers for the weeks of April 21 and 28, 2025; to draw checks for the bills of the Des Moines Municipal Housing Agency for the weeks of April 21 and 28, 2025; to draw checks for biweekly payroll due on May 2, 2025. * * * * * * * * * END CONSENT A"
2025-04-21,2,25-0610,,,,,,,,7-0,,tier2_screen_only;urban renewal,https://councildocs.dsm.city/agendas/ag20250421.pdf,49. On the proposed Seventh Amendment to the Urban Renewal Plan for the Southside Economic Development District Urban Renewal Area. (Council Communication No. 25-166)
2025-04-21,2,25-0611,,,,,,,,7-0,,tier2_screen_only;urban renewal,https://councildocs.dsm.city/agendas/ag20250421.pdf,50. On the proposed Sixteenth Amendment to the Urban Renewal Plan for the SE AgriBusiness Urban Renewal Area. (Council Communication No. 25-165)
2025-04-21,2,25-0612,,,,,,,,7-0,,tier2_screen_only;urban renewal,https://councildocs.dsm.city/agendas/ag20250421.pdf,51. On the proposed 36th Amendment to the Urban Renewal Plan for the Metro Center Urban Renewal Area. (Council Communication No. 25-164)
2025-05-05,1,25-0662,approve development agreement,"Goldfinch Apartments, LP",Goldfinch Apartments mixed-use redevelopment,3404-3422 Ingersoll Avenue,,12355000.0,approved,7-0,high,,https://councildocs.dsm.city/communications/2025/25-186.pdf,
2025-05-05,1,25-0664,amend agreement,"United Properties Investment Company, LC and Echo Valley Investment Company, LC",Echo Valley development area (south of County Line Road and Echo Valley Drive),8050 Golf House Drive (Parcel Development Agreement); development area south of County Line Road and Echo Valley Drive,600000.0,,withdrawn,,medium,,https://councildocs.dsm.city/communications/2025/25-189.pdf,
2025-05-05,1,25-0666,approve development agreement,"United Properties Investment Company, LC and Raccoon Valley Investment Company, LC",Echo Valley development area north of County Line Road and Echo Valley Drive (Master Urban Renewal Development Agreement),"55-acre area bounded by Echo Valley Drive/County Line Road (south), SW 42nd Street (west), Highway 5 (north and east)",,,,,low,,https://councildocs.dsm.city/communications/2025/25-188.pdf,
2025-05-05,2,25-0644,,,,,,,,7-0,,tier2_screen_only;tax abatement,https://councildocs.dsm.city/agendas/ag20250505.pdf,15. Approving two (2) tax abatement applications for work completed in 2023 and 2024. (Council Communication No. 25-183) BOARDS/COMMISSIONS/NEIGHBORHOODS
2025-05-05,2,25-0667,,,,,,,,7-0,,tier2_screen_only;urban renewal,https://councildocs.dsm.city/agendas/ag20250505.pdf,37. Issuance of Certificate of Completion for Center at Sixth at 1760 6th Avenue for construction of a mixed use residential and commercial development in the Metro Center Urban Renewal Area.
2025-05-05,2,25-0680,,,,,,,,7-0,,tier2_screen_only;municipal housing,https://councildocs.dsm.city/agendas/ag20250505.pdf,"47. Authorizing Finance Director to draw checks on registers for the weeks of May 5 and 12, 2025; to draw checks for the bills of the Des Moines Municipal Housing Agency for the weeks of May 5 and 12, 2025; to draw checks for biweekly payroll due on May 16, 2025. * * * * * * * * * END CONSENT AGENDA"
2025-05-19,1,25-0741,other,,Workforce Housing Tax Credit (WHTC) benefit applications - nine projects,,,193000000.0,approved,7-0,high,,https://councildocs.dsm.city/communications/2025/25-197.pdf,
2025-05-19,1,25-0751,approve development agreement,Riverview Parking LLC,Riverview multilevel parking structure and 218 E. 2nd Street office renovation,"200, 210, and 216 E. Court Avenue (parking structure); 218 E. 2nd Street (office building)",6020000.0,36300000.0,approved,6-0,high,,https://councildocs.dsm.city/communications/2025/25-196.pdf,
2025-05-19,1,25-0752,approve development agreement,Highland Park Flats LLC,Highland Park Flats,3608-3610 5th Avenue,252608.0,2635000.0,approved,7-0,high,,https://councildocs.dsm.city/communications/2025/25-194.pdf,
2025-05-19,1,25-0753,amend agreement,"36 on 6th, LLC",Klein Department Store building renovation (3614 6th Avenue),3614 6th Avenue,,,approved,7-0,medium,,https://councildocs.dsm.city/communications/2025/25-195.pdf,
2025-05-19,1,25-0754,amend agreement,"United Properties Investment Company, LC and Echo Valley Investment Company, LC",Echo Valley development area (south of County Line Road and Echo Valley Drive),8050 Golf House Drive (Parcel Development Agreement); development area south of County Line Road and Echo Valley Drive,600000.0,,approved,7-0,high,,https://councildocs.dsm.city/communications/2025/25-192.pdf,
2025-05-19,1,25-0756,approve development agreement,"United Properties Investment Company, LC and Raccoon Valley Investment Company, LC",Echo Valley development area north of County Line Road and Echo Valley Drive (Master Urban Renewal Development Agreement),"55-acre area bounded by Echo Valley Drive/County Line Road (south), SW 42nd Street (west), Highway 5 (north and east)",,,approved,7-0,medium,,https://councildocs.dsm.city/communications/2025/25-193.pdf,
2025-05-19,2,25-0757,,,,,,,,,,tier2_screen_only;urban renewal,https://councildocs.dsm.city/agendas/ag20250519.pdf,"31. Termination Agreement with Des Moines Climate Controlled Self Storage, LLC regarding the Urban Renewal Agreement for sale of land for private redevelopment for the property at 504 E. 12th Street."
2025-05-19,2,25-0772,,,,,,,,7-0,,tier2_screen_only;municipal housing,https://councildocs.dsm.city/agendas/ag20250519.pdf,"46. Authorizing Finance Director to draw checks on registers for the weeks of May 19, May 26, and June 2, 2025; to draw checks for the bills of the Des Moines Municipal Housing Agency for the weeks of May 19, May 26, and June 2, 2025; to draw checks for biweekly payroll due on May 30, 2025. ORDINANC"
2025-06-09,1,25-0834,other,61st Street Construction LLC (VareCo),1603 Walker Street housing project (WHTC application),1603 Walker Street,,1980000.0,approved,7-0,high,,https://councildocs.dsm.city/communications/2025/25-231.pdf,
2025-06-09,1,25-0835,other,Urban Dreams,Urban Dreams WHTC housing project at 1411 7th Street,1411 7th Street,,1750000.0,approved,7-0,high,,https://councildocs.dsm.city/communications/2025/25-231.pdf,
2025-06-09,1,25-0836,amend agreement,"Townhall Associates, LP",Townhall 6th Avenue mixed-use (historic renovation of 1601 6th Avenue and new construction at 1605/1609/1619 6th Avenue),"1601, 1605, 1609 and 1619 6th Avenue",,13100000.0,approved,7-0,high,,https://councildocs.dsm.city/communications/2025/25-216.pdf,
2025-06-09,1,35,other,,Minimum Assessment Agreements - 4205 and 4241 Merle Hay Road,4205 Merle Hay Road; 4241 Merle Hay Road,,,approved,7-0,medium,figure_not_in_source,https://councildocs.dsm.city/communications/2025/25-217.pdf,
2025-06-09,1,25-0839,other,"Wells Fargo Financial, LLC",Termination Agreement - Wells Fargo downtown office campus,800 and 801 Walnut Street and 800 Mulberry Street,,,approved,7-0,high,not_incentive_related,https://councildocs.dsm.city/communications/2025/25-215.pdf,
2025-06-09,2,25-0853,,,,,,,,7-0,,tier2_screen_only;municipal housing,https://councildocs.dsm.city/agendas/ag20250609.pdf,"50. Authorizing Finance Director to draw checks on registers for the weeks of June 9 and 23, 2025; to draw checks for the bills of the Des Moines Municipal Housing Agency for the weeks of June 9 and 23, 2025; to draw checks for biweekly payroll due on June 13 and 27, 2025. ORDINANCES - FINAL CONSIDE"
2025-06-30,2,25-0921,,,,,,,,7-0,,tier2_screen_only;urban renewal,https://councildocs.dsm.city/agendas/ag20250630.pdf,"39. Second Amendment to Urban Renewal Agreement for sale of land for private redevelopment with Des Moines Industrial, LLC. (Council Communication No. 25-262)"
2025-06-30,2,25-0932,,,,,,,,7-0,,tier2_screen_only;municipal housing,https://councildocs.dsm.city/agendas/ag20250630.pdf,"50. Authorizing Finance Director to draw checks on registers for the weeks of June 30 and July 7, 2025; to draw checks for the bills of the Des Moines Municipal Housing Agency for the weeks of June 30 and July 7, 2025; to draw checks for biweekly payroll due on July 11, 2025. * * * * * * * * * END C"
2025-07-14,1,25-0978,amend agreement,"HOA Aston, LLC",The Aston - mixed-use apartment building at 603 East 6th Street,603 East 6th Street,,49875000.0,approved,7-0,medium,figure_not_in_source,https://councildocs.dsm.city/communications/2025/25-268.pdf,
2025-07-14,1,25-0979,other,,Minimum Assessment Agreement - 4347 Merle Hay Road,4347 Merle Hay Road,,,approved,7-0,medium,figure_not_in_source,https://councildocs.dsm.city/communications/2025/25-267.pdf,
2025-07-14,2,25-0980,,,,,,,,7-0,,tier2_screen_only;urban renewal,https://councildocs.dsm.city/agendas/ag20250714.pdf,"29. Issuance of Certificate of Completion to 106 SW 7th Street, LLC for Carpenter Paper Warehouse historic renovation at 106 SW 7th Street, a Metro Center Urban Renewal Project."
2025-07-14,2,25-0990,,,,,,,,7-0,,tier2_screen_only;municipal housing,https://councildocs.dsm.city/agendas/ag20250714.pdf,"37. Authorizing Finance Director to draw checks on registers for the weeks of July 14, 21 and 28, 2025; to draw checks for the bills of the Des Moines Municipal Housing Agency for the weeks of July 14, 21 and 28, 2025; to draw checks for biweekly payroll due on July 25, 2025. * * * * * * * * END CON"
2025-08-04,2,25-1037,,,,,,,,7-0,,tier2_screen_only;tax abatement,https://councildocs.dsm.city/agendas/ag20250804.pdf,17. Approving 197 tax abatement applications for work completed in 2025. (Council Communication No. 25-296)
2025-08-04,2,25-1050,,,,,,,,7-0,,tier2_screen_only;urban renewal,https://councildocs.dsm.city/agendas/ag20250804.pdf,"30. On the issuance of not to exceed $33,000,000 General Obligation Urban Renewal Bonds or Capital Loan Notes for essential corporate urban renewal purposes, (8-18-25)."
2025-08-04,2,25-1057,,,,,,,,7-0,,tier2_screen_only;urban renewal,https://councildocs.dsm.city/agendas/ag20250804.pdf,"32. On the proposed Urban Renewal Plan for the Riverview Urban Renewal Area, (9-8-25). (Council Communication No. 25-299)"
2025-08-04,2,25-1058,,,,,,,,7-0,,tier2_screen_only;urban renewal,https://councildocs.dsm.city/agendas/ag20250804.pdf,"33. On the proposed First Amendment to the Urban Renewal Plan for the SE Industrial Urban Renewal Area, (9-8-25). (Council Communication No. 25-298) LEGAL DEPARTMENT - CLAIM SETTLEMENTS & BILLINGS"
2025-08-04,2,25-1076,,,,,,,,7-0,,tier2_screen_only;municipal housing,https://councildocs.dsm.city/agendas/ag20250804.pdf,"52. Authorizing Finance Director to draw checks on registers for the weeks of August 4 and 11, 2025; to draw checks for the bills of the Des Moines Municipal Housing Agency for the weeks of August 4 and 11, 2025; to draw checks for biweekly payroll due on August 8, 2025. ORDINANCES SECOND CONSIDERAT"
2025-08-18,2,25-1136,,,,,,,,6-0,,tier2_screen_only;municipal housing,https://councildocs.dsm.city/agendas/ag20250818.pdf,"35. Authorizing Finance Director to draw checks on registers for the weeks of August 18, 25 and September 1, 2025; to draw checks for the bills of the Des Moines Municipal Housing Agency for the weeks of August 18, 25 and September 1, 2025; to draw checks for biweekly payroll due on August 22 and Se"
2025-08-18,2,25-1156,,,,,,,,6-0,,tier2_screen_only;urban renewal,https://councildocs.dsm.city/agendas/ag20250818.pdf,"45. On the issuance of not to exceed $33,000,000 General Obligation Urban Renewal Bonds or Capital Loan Notes for essential corporate urban renewal purposes. (Council Communication No. 25-319) (A) Authorization for additional action."
2025-09-08,1,25-1220,resolution of intent,JDS Real Estate Investments LLC,Davidson Warehouse rehabilitation - 108 3rd Street,108 3rd Street,1300000.0,7400000.0,approved,7-0,medium,ambiguous_disposition,https://councildocs.dsm.city/communications/2025/25-331.pdf,
2025-09-08,1,25-1221,resolution of intent,"ECG Southridge, LP",ECG Southridge 160-unit apartment building at 7210 SE 14th Street,7210 SE 14th Street,1380798.0,61733000.0,,,medium,disposition_not_in_minutes,https://councildocs.dsm.city/communications/2025/25-330.pdf,
2025-09-08,2,25-1197,,,,,,,,7-0,,tier2_screen_only;tax abatement,https://councildocs.dsm.city/agendas/ag20250908.pdf,17. Approval of two (2) tax abatement applications for work completed in 2023. (Council Communication No. 25-328)
2025-09-08,2,25-1233,,,,,,,,7-0,,tier2_screen_only;municipal housing,https://councildocs.dsm.city/agendas/ag20250908.pdf,"52. Authorizing Finance Director to draw checks on registers for the weeks of September 8, 15 and 22, 2025; to draw checks for the bills of the Des Moines Municipal Housing Agency for the weeks of September 8, 15 and 22, 2025; to draw checks for biweekly payroll due September 19, 2025. * * * * * * *"
2025-09-08,2,25-1241,,,,,,,,7-0,,tier2_screen_only;urban renewal,https://councildocs.dsm.city/agendas/ag20250908.pdf,56. On the proposed Urban Renewal Plan for the Riverview Urban Renewal Area. (Council Communication No. 25-332)
2025-09-08,2,25-1242,,,,,,,,7-0,,tier2_screen_only;urban renewal,https://councildocs.dsm.city/agendas/ag20250908.pdf,57. On the proposed First Amendment to the Urban Renewal Plan for the SE Industrial Urban Renewal Area. (Council Communication No. 25-333)
2025-09-29,2,25-1278,,,,,,,,7-0,,tier2_screen_only;tax abatement,https://councildocs.dsm.city/agendas/ag20250929.pdf,17. Approving one (1) tax abatement application for work completed in 2023. (Council Communication No. 25-370)
2025-09-29,2,25-1315,,,,,,,,7-0,,tier2_screen_only;municipal housing,https://councildocs.dsm.city/agendas/ag20250929.pdf,"58. Authorizing Finance Director to draw checks on registers for the weeks of September 29, October 6 and 13, 2025; to draw checks for the bills of the Des Moines Municipal Housing Agency for the weeks of September 29, October 6 and 13, 2025; to draw checks for biweekly payroll due October 3 and 17,"
2025-10-20,1,25-1411,amend agreement,"FW Rehab, LLC",3610 6th Avenue mixed-use renovation (Chuck's Restaurant building),3610 6th Avenue,,,approved,7-0,medium,figure_not_in_source,https://councildocs.dsm.city/communications/2025/25-382.pdf,
2025-10-20,2,25-1402,,,,,,,,7-0,,tier2_screen_only;urban renewal,https://councildocs.dsm.city/agendas/ag20251020.pdf,"23. On the proposed Second Amendment to the Urban Renewal Plan for the Drake Urban Renewal Area, (11-17-25). (Council Communication No. 25-387)"
2025-10-20,2,25-1403,,,,,,,,7-0,,tier2_screen_only;urban renewal,https://councildocs.dsm.city/agendas/ag20251020.pdf,"24. On the proposed Fifth Amendment to the Urban Renewal Plan for the Oak Park – Highland Park Urban Renewal Area, (11-17-25). (Council Communication No. 25-386)"
2025-10-20,2,25-1404,,,,,,,,7-0,,tier2_screen_only;urban renewal,https://councildocs.dsm.city/agendas/ag20251020.pdf,"25. On the proposed Twelfth Amendment to the Urban Renewal Plan for the Ingersoll-Grand Commercial Urban Renewal Area, (11-17-25). (Council Communication No. 25-384)"
2025-10-20,2,25-1405,,,,,,,,7-0,,tier2_screen_only;urban renewal,https://councildocs.dsm.city/agendas/ag20251020.pdf,"26. On the proposed Thirty-Seventh Amendment to the Urban Renewal Plan for the Metro Center Urban Renewal Area, (11-17-25). (Council Communication No. 25-385) LEGAL DEPARTMENT - CLAIM SETTLEMENTS & BILLINGS"
2025-10-20,2,25-1419,,,,,,,,7-0,,tier2_screen_only;municipal housing,https://councildocs.dsm.city/agendas/ag20251020.pdf,"40. Authorizing Finance Director to draw checks on registers for the weeks of October 20 and 27, 2025; to draw checks for the bills of the Des Moines Municipal Housing Agency for the weeks of October 20 and 27, 2025; to draw checks for biweekly payroll due October 31, 2025. * * * * * * * * * END CON"
2025-10-20,2,25-1445,,,,,,,,7-0,,tier2_screen_only;tax exemption,https://councildocs.dsm.city/agendas/ag20251020.pdf,"54. Issuance of $66,880,000 General Obligation Bonds, Series 2025A, levying a tax for payment, and approving the Tax Exemption Certificate and the Continuing Disclosure Certificate."
2025-11-03,2,25-1493,,,,,,,,7-0,,tier2_screen_only;municipal housing,https://councildocs.dsm.city/agendas/ag20251103.pdf,"31. Authorizing Finance Director to draw checks on registers for the weeks of November 3 and 10, 2025; to draw checks for the bills of the Des Moines Municipal Housing Agency for the weeks of November 3 and 10, 2025; to draw checks for biweekly payroll due November 14, 2025. * * * * * * * * * END CO"
2025-11-17,1,33,other,,FY 2026-2027 tax increment needs certification and Annual Urban Renewal Report,,,,approved,7-0,high,not_incentive_related,https://councildocs.dsm.city/communications/2025/25-438.pdf,
2025-11-17,2,25-1525,,,,,,,,7-0,,tier2_screen_only;tax abatement,https://councildocs.dsm.city/agendas/ag20251117.pdf,12. Approving 150 tax abatement applications for work completed in 2025. (Council Communication No. 25-434) BOARDS/COMMISSIONS/NEIGHBORHOODS
2025-11-17,2,25-1543,,,,,,,,7-0,,tier2_screen_only;urban renewal,https://councildocs.dsm.city/agendas/ag20251117.pdf,"27. Collateral Assignment of Escrow Agreement, Grant Agreement, Parking License Agreement and Urban Renewal Agreement with 515 Tower LLC and HS Des Moines, LLC."
2025-11-17,2,25-1561,,,,,,,,7-0,,tier2_screen_only;urban renewal,https://councildocs.dsm.city/agendas/ag20251117.pdf,43. On the proposed Second Amendment to the Urban Renewal Plan for the Drake Urban Renewal Area. (Council Communication No. 25-431)
2025-11-17,2,25-1562,,,,,,,,7-0,,tier2_screen_only;urban renewal,https://councildocs.dsm.city/agendas/ag20251117.pdf,44. On the proposed Fifth Amendment to the Urban Renewal Plan for the Oak Park – Highland Park Urban Renewal Area. (Council Communication No. 25-432)
2025-11-17,2,25-1563,,,,,,,,7-0,,tier2_screen_only;urban renewal,https://councildocs.dsm.city/agendas/ag20251117.pdf,45. On the proposed Twelfth Amendment to the Urban Renewal Plan for the Ingersoll-Grand Commercial Urban Renewal Area. (Council Communication No. 25-429)
2025-11-17,2,25-1564,,,,,,,,7-0,,tier2_screen_only;urban renewal,https://councildocs.dsm.city/agendas/ag20251117.pdf,46. On the proposed Thirty-Seventh Amendment to the Urban Renewal Plan for the Metro Center Urban Renewal Area. (Council Communication No. 25-430) *** END OF HEARINGS AT ____________ PM *** ORDINANCES - FIRST CONSIDERATION
2025-12-08,1,25-1602,amend agreement,"Goldfinch Apartments, LP, Goldfinch Commercial, LLC and VisionBank of Iowa",Goldfinch mixed-use redevelopment of 3404-3422 Ingersoll Avenue,3404-3422 Ingersoll Avenue,,12355000.0,approved,7-0,high,,https://councildocs.dsm.city/communications/2025/25-443.pdf,
2025-12-08,1,25-1604,other,,Four minimum assessment agreements for commercial tax abatement (Iowa Code 404),4814 SW 9th Street; 515 Euclid Avenue; 2001 E Grand Avenue; 3115 Douglas Avenue,,,approved,7-0,medium,figure_not_in_source,https://councildocs.dsm.city/communications/2025/25-447.pdf,
2025-12-08,2,25-1591,,,,,,,,7-0,,tier2_screen_only;tax abatement,https://councildocs.dsm.city/agendas/ag20251208.pdf,15. Approving four (4) tax abatement applications for work completed in 2025. (Council Communication No. 25-442) BOARDS/COMMISSIONS/NEIGHBORHOODS
2025-12-08,2,25-1620,,,,,,,,7-0,,tier2_screen_only;municipal housing,https://councildocs.dsm.city/agendas/ag20251208.pdf,"43. Authorizing Finance Director to draw checks on registers for the weeks of December 8 and 15, 2025; to draw checks for the bills of the Des Moines Municipal Housing Agency for the weeks of December 8 and 15, 2025; to draw checks for biweekly payroll due December 12, 2025. * * * * * * * * END CONS"
2025-12-22,1,25-1683,resolution of intent,The Annex Group,Cherry Street Parking Lot six-story mixed-use development at 100 SW 5th Street,100 SW 5th Street,5140000.0,75950000.0,approved,7-0,high,,https://councildocs.dsm.city/communications/2025/25-474.pdf,
2025-12-22,1,25-1684,amend agreement,"HRC NFS 1, L.L.C. and Hubbell Realty Company",Gray's Station,"Gray's Station area, south of Martin Luther King Jr. Parkway and north of the Raccoon River",14100000.0,,approved,7-0,high,amendment_number_discrepancy,https://councildocs.dsm.city/communications/2025/25-472.pdf,
2026-01-12,1,26-0070,other,Riverview Parking LLC,,,,,approved,6-0,low,figure_not_in_source,https://councildocs.dsm.city/agendas/ag20260112.pdf,
2026-01-12,2,26-0031,,,,,,,,7-0,,tier2_screen_only;tax abatement,https://councildocs.dsm.city/agendas/ag20260112.pdf,14. Approving 1 commercial tax abatement application for work completed in 2025. (Council Communication No. 26-003) BOARDS/COMMISSIONS/NEIGHBORHOODS
2026-01-12,2,26-0075,,,,,,,,7-0,,tier2_screen_only;municipal housing,https://councildocs.dsm.city/agendas/ag20260112.pdf,"31. Authorizing Finance Director to draw checks on registers for the weeks of January 12 and 19, 2026; to draw checks for the bills of the Des Moines Municipal Housing Agency for the weeks of January 12 and 19, 2026; to draw checks for biweekly payroll due January 23, 2026. * * * * * * * * * END CON"
2026-01-26,2,26-0122,,,,,,,,7-0,,tier2_screen_only;municipal housing,https://councildocs.dsm.city/agendas/ag20260126.pdf,"29. Authorizing Finance Director to draw checks on registers for the weeks of January 26 and February 2, 2026; to draw checks for the bills of the Des Moines Municipal Housing Agency for the weeks of January 26 and February 2, 2026; to draw checks for biweekly payroll due February 6, 2026. * * * * *"
2026-02-09,1,26-0183,amend agreement,"JR Partners, LLC",Historic renovation of 401 East Court Avenue,401 E. Court Avenue,439000.0,,approved,7-0,high,,https://councildocs.dsm.city/communications/2026/26-034.pdf,
2026-02-09,1,26-0184,other,UTILITY SPECIALISTS LLC; REASONER'S GARAGE INC.,Minimum assessment agreements for commercial tax abatement (2 properties),"601 Army Post Rd and 403 E. Jackson Ave, Des Moines, IA 50315",,,approved,7-0,medium,figure_not_in_source,https://councildocs.dsm.city/communications/2026/26-035.pdf,
2026-02-09,2,26-0174,,,,,,,,7-0,,tier2_screen_only;tax abatement,https://councildocs.dsm.city/agendas/ag20260209.pdf,19. Approving 4 commercial and 225 residential tax abatement applications for work completed in 2025. BOARDS/COMMISSIONS/NEIGHBORHOODS
2026-02-09,2,26-0196,,,,,,,,7-0,,tier2_screen_only;municipal housing,https://councildocs.dsm.city/agendas/ag20260209.pdf,"42. Authorizing Finance Director to draw checks on registers for the weeks of February 9 and 16, 2026; to draw checks for the bills of the Des Moines Municipal Housing Agency for the weeks of February 9 and 16, 2026; to draw checks for biweekly payroll due February 20, 2026. * * * * * * * * * END CO"
2026-02-23,1,26-0244,approve development agreement,JDS Real Estate Investments LLC,"Rehabilitation of Davidson Warehouse office building, 108 3rd Street",108 3rd Street,1300000.0,7400000.0,approved,7-0,high,,https://councildocs.dsm.city/communications/2026/26-069.pdf,
2026-02-23,1,"26-0245, 26-0246",amend agreement,"OpenLoop Health, Inc.",OpenLoop Health HQJ Program / Development Agreement 1st Amendment,909 Locust Street (relocated from 317 6th Avenue),,,approved,7-0,high,,https://councildocs.dsm.city/communications/2026/26-049.pdf,
2026-02-23,1,26-0249,other,Riverview DSM LLC (f/k/a Court Avenue Partners / Court Avenue Partners LC / Des Moines Federal Courthouse L.C.),"Release of Private Redevelopment Agreement, 218 E. 2nd Street",218 E. 2nd Street,,,approved,6-0,medium,not_incentive_related,https://councildocs.dsm.city/communications/2026/26-070.pdf,
2026-02-23,2,26-0261,,,,,,,,7-0,,tier2_screen_only;municipal housing,https://councildocs.dsm.city/agendas/ag20260223.pdf,"41. Authorizing Finance Director to draw checks on registers for the weeks of February 23 and March 2, 2026; to draw checks for the bills of the Des Moines Municipal Housing Agency for the weeks of February 23 and March 2, 2026; to draw checks for biweekly payroll due March 6, 2026. * * * * * * * * "
2026-03-09,1,26-0308,resolution of intent,"Ingersoll Properties Group, LLC",Rehabilitation of commercial property and parking at 2700 Ingersoll Avenue,2700 Ingersoll Avenue,850000.0,8200000.0,,,medium,,https://councildocs.dsm.city/communications/2026/26-096.pdf,
2026-03-09,1,26-0309,approve development agreement,"Market District Apartments, LP",Foundry Lofts,509 SE 6th Street,625000.0,15000000.0,approved,7-0,high,,https://councildocs.dsm.city/communications/2026/26-092.pdf,
2026-03-09,1,26-0310,amend agreement,"Ruan Redevelopment Partners, LLC","Two Ruan office-to-residential conversion, 601 Locust Street",601 Locust Street,8740000.0,76200000.0,approved,7-0,high,,https://councildocs.dsm.city/communications/2026/26-097.pdf,
2026-03-09,1,26-0313,other,INGERSOLL THEATER LLC,"Minimum assessment agreement for commercial tax abatement, 3711 Ingersoll Avenue","3711 Ingersoll Ave, Des Moines, IA 50312",,,approved,7-0,medium,figure_not_in_source,https://councildocs.dsm.city/communications/2026/26-093.pdf,
2026-03-09,2,26-0295,,,,,,,,7-0,,tier2_screen_only;tax abatement,https://councildocs.dsm.city/agendas/ag20260309.pdf,11. Approving ten (10) tax abatement applications for work completed in 2025.
2026-03-09,2,26-0296,,,,,,,,7-0,,tier2_screen_only;tax abatement,https://councildocs.dsm.city/agendas/ag20260309.pdf,12. Approving one (1) commercial tax abatement application. (Council Communication No. 26-094)
2026-03-09,2,26-0300,,,,,,,,7-0,,tier2_screen_only;urban renewal,https://councildocs.dsm.city/agendas/ag20260309.pdf,"16. On the proposed Sixth Amendment to the Urban Renewal Plan for the Oak Park-Highland Park Urban Renewal Area, (4-20-26). (Council Communication No. 26-095) LEGAL DEPARTMENT - CLAIM SETTLEMENTS & BILLINGS"
2026-03-09,2,26-0321,,,,,,,,7-0,,tier2_screen_only;municipal housing,https://councildocs.dsm.city/agendas/ag20260309.pdf,"37. Authorizing Finance Director to draw checks on registers for the weeks of March 9 and 16, 2026; to draw checks for the bills of the Des Moines Municipal Housing Agency for the weeks of March 9 and 16, 2026; to draw checks for biweekly payroll due March 20, 2026. * * * * * * * * * END CONSENT AGE"
2026-03-23,1,26-0376,amend agreement,"The District Developer, LLC","The District master development (Market District, Lot 9)",Lot 9 in the Market District,,,approved,7-0,medium,,https://councildocs.dsm.city/communications/2026/26-112.pdf,
2026-03-23,2,26-0384,,,,,,,,7-0,,tier2_screen_only;municipal housing,https://councildocs.dsm.city/agendas/ag20260323.pdf,"32. Authorizing Finance Director to draw checks on registers for the weeks of March 23 and 30, 2026; to draw checks for the bills of the Des Moines Municipal Housing Agency for the weeks of March 23 and 30, 2026; to draw checks for biweekly payroll due April 3, 2026. ORDINANCES - SECOND CONSIDERATIO"
2026-04-06,1,26-0433,approve development agreement,"UA Station, LLC","UA Station apartment building, 2211 University Avenue",2211 University Avenue,200000.0,5480000.0,approved,7-0,high,,https://councildocs.dsm.city/communications/2026/26-120.pdf,
2026-04-06,1,26-0437,amend agreement,,"Amended and Restated Minimum Assessment Agreement, 4347 Merle Hay Road",4347 Merle Hay Road,,,approved,7-0,medium,figure_not_in_source,https://councildocs.dsm.city/communications/2026/26-127.pdf,
2026-04-06,1,26-0474,ordinance,,Carpenter TIF District No. 2,,,,approved,7-0,medium,,https://councildocs.dsm.city/agendas/ag20260406.pdf,
2026-04-06,2,26-0454,,,,,,,,7-0,,tier2_screen_only;municipal housing,https://councildocs.dsm.city/agendas/ag20260406.pdf,"36. Authorizing Finance Director to draw checks on registers for the weeks of April 6 and 13, 2026; to draw checks for the bills of the Des Moines Municipal Housing Agency for the weeks of April 6 and 13, 2026; to draw checks for biweekly payroll due April 17, 2026. ORDINANCES - FINAL CONSIDERATION"
2026-04-15,1,21,amend agreement,"Highland Park Flats, LLC",Highland Park Flats 12-unit apartment building,3608-3610 5th Avenue,252608.0,2635000.0,,,medium,,https://councildocs.dsm.city/communications/2026/26-152.pdf,
2026-04-15,1,22,amend agreement,"Market District Apartments, LP (Gratus Development, LLC / Christensen Development)",Foundry Lofts,509 SE 6th Street,,15000000.0,,,medium,multi_meeting_project,https://councildocs.dsm.city/communications/2026/26-156.pdf,
2026-04-15,1,36,ordinance,,Carpenter TIF District No. 2,,,,,,medium,,https://councildocs.dsm.city/agendas/ag20260415.pdf,
2026-04-15,2,35,,,,,,,,,,tier2_screen_only;municipal housing,https://councildocs.dsm.city/agendas/ag20260415.pdf,"35. Authorizing Finance Director to draw checks on registers for the weeks of April 20 and 27, 2026; to draw checks for the bills of the Des Moines Municipal Housing Agency for the weeks of April 20 and 27, 2026; to draw checks for biweekly payroll due May 1, 2026. ORDINANCES - SECOND CONSIDERATION"
2026-04-15,2,39,,,,,,,,,,tier2_screen_only;urban renewal,https://councildocs.dsm.city/agendas/ag20260415.pdf,39. On the proposed Sixth Amendment to the Urban Renewal Plan for the Oak Park-Highland Park Urban Renewal Area. (Council Communication No. 26-150)
2026-04-20,1,26-0499,amend agreement,"Highland Park Flats, LLC",Highland Park Flats 12-unit apartment building,3608-3610 5th Avenue,252608.0,2635000.0,approved,7-0,high,,https://councildocs.dsm.city/communications/2026/26-152.pdf,
2026-04-20,1,26-0500,amend agreement,"Market District Apartments, LP",Foundry Lofts,509 Southeast 6th Street,,,approved,7-0,high,,https://councildocs.dsm.city/communications/2026/26-153.pdf,
2026-04-20,1,26-0515,ordinance,,Carpenter TIF District No. 2,,,,approved,7-0,medium,,https://councildocs.dsm.city/agendas/ag20260420.pdf,
2026-04-20,2,26-0514,,,,,,,,7-0,,tier2_screen_only;municipal housing,https://councildocs.dsm.city/agendas/ag20260420.pdf,"35. Authorizing Finance Director to draw checks on registers for the weeks of April 20 and 27, 2026; to draw checks for the bills of the Des Moines Municipal Housing Agency for the weeks of April 20 and 27, 2026; to draw checks for biweekly payroll due May 1, 2026. ORDINANCES - SECOND CONSIDERATION"
2026-04-20,2,26-0523,,,,,,,,7-0,,tier2_screen_only;urban renewal,https://councildocs.dsm.city/agendas/ag20260420.pdf,39. On the proposed Sixth Amendment to the Urban Renewal Plan for the Oak Park-Highland Park Urban Renewal Area. (Council Communication No. 26-150)
2026-05-04,1,26-0562,resolution of intent,Rypma Properties,Historic renovation/conversion of warehouse at 108 SE 4th Street to office,108 SE 4th Street,1750000.0,13700000.0,,,medium,disposition_not_in_minutes,https://councildocs.dsm.city/communications/2026/26-169.pdf,
2026-05-04,1,26-0564,other,"JJR Holdings LLC; Kingman Place Townhomes, LLC; Lawmark LP; 615 Euclid LLC",Workforce Housing Tax Credit (WHTC) support resolutions - 4 projects,1245 21st Street; 3125 Kingman Blvd; 606 Walnut Street; 615 Euclid Avenue,,93000000.0,approved,7-0,high,,https://councildocs.dsm.city/communications/2026/26-171.pdf,
2026-05-04,2,26-0551,,,,,,,,7-0,,tier2_screen_only;tax abatement,https://councildocs.dsm.city/agendas/ag20260504.pdf,14. Approving 101 tax abatement applications for work completed in 2026. SETTING DATE OF HEARINGS
2026-05-04,2,26-0563,,,,,,,,7-0,,tier2_screen_only;urban renewal,https://councildocs.dsm.city/agendas/ag20260504.pdf,24. Issuance of a partial certificate of completion for North Des Moines Town Hall in the Metro Center Urban Renewal Project.
2026-05-04,2,26-0574,,,,,,,,7-0,,tier2_screen_only;municipal housing,https://councildocs.dsm.city/agendas/ag20260504.pdf,"30. Authorizing Finance Director to draw checks on registers for the weeks of May 4 and 11, 2026; to draw checks for the bills of the Des Moines Municipal Housing Agency for the weeks of May 4 and 11, 2026; to draw checks for biweekly payroll due May 15, 2026. * * * * * * * * * END CONSENT AGENDA * "
2026-05-18,1,26-0618,resolution of intent,Rypma Properties,Historic renovation/conversion of warehouse at 108 SE 4th Street to office,108 SE 4th Street,1750000.0,13700000.0,approved,7-0,high,,https://councildocs.dsm.city/communications/2026/26-182.pdf,
2026-05-18,1,26-0619,amend agreement,"420 Court Avenue, LLC",Full-service grocery store at 420 Court Avenue (Hy-Vee),"420 Court Avenue, Des Moines, IA",,,approved,7-0,high,,https://councildocs.dsm.city/communications/2026/26-185.pdf,
2026-05-18,2,26-0628,,,,,,,,7-0,,tier2_screen_only;municipal housing,https://councildocs.dsm.city/agendas/ag20260518.pdf,"33. Authorizing Finance Director to draw checks on registers for the weeks of May 18, 25, and June 1, 2026; to draw checks for the bills of the Des Moines Municipal Housing Agency for the weeks of May 18, 25, and June 1, 2026; to draw checks for biweekly payroll due May 29, 2026. ORDINANCES - SECOND"
2026-06-08,1,26-0676,other,Heart of America,Commercial office building at 401 Robert D. Ray Drive (East Village),401 Robert D. Ray Drive,,,approved,7-0,medium,,https://councildocs.dsm.city/communications/2026/26-204.pdf,
2026-06-08,1,26-0677,resolution of intent,"Greater Des Moines Habitat for Humanity, Inc.",Habitat for Humanity townhome project at 6100 Hickman Road,6100 Hickman Road,674000.0,6200000.0,approved,7-0,high,,https://councildocs.dsm.city/communications/2026/26-207.pdf,
2026-06-08,1,26-0678,resolution of intent,"Ingersoll Properties Group, LLC",Rehabilitation of commercial property and parking at 2700 Ingersoll Avenue,2700 Ingersoll Avenue,850000.0,8200000.0,approved,5-1,high,,https://councildocs.dsm.city/communications/2026/26-212.pdf,
2026-06-08,1,26-0695,other,,,,,,approved,7-0,high,not_incentive_related,https://councildocs.dsm.city/agendas/ag20260608.pdf,
2026-06-08,2,26-0696,,,,,,,,7-0,,tier2_screen_only;municipal housing,https://councildocs.dsm.city/agendas/ag20260608.pdf,"47. Authorizing Finance Director to draw checks on registers for the weeks of June 8, 15, and 22, 2026; to draw checks for the bills of the Des Moines Municipal Housing Agency for the weeks of June 8, 15, and 22, 2026; to draw checks for biweekly payroll due June 12 and 26, 2026. ORDINANCES - SECOND"
2026-06-29,1,26-0748,approve development agreement,"Threshing Warehouse, LLC",Threshing Warehouse - historic renovation/conversion of 108 SE 4th Street to office,108 Southeast 4th Street,1750000.0,13700000.0,approved,7-0,high,,https://councildocs.dsm.city/communications/2026/26-229.pdf,
2026-06-29,1,26-0749,amend agreement,"Kemin Holdings LC and Kemin Industries, Inc.",Kemin warehouse at 606 SE 23rd Street,606 SE 23rd Street,,,approved,7-0,high,,https://councildocs.dsm.city/communications/2026/26-231.pdf,
2026-06-29,2,26-0734,,,,,,,,7-0,,tier2_screen_only;tax abatement,https://councildocs.dsm.city/agendas/ag20260629.pdf,19. Approving 17 tax abatement applications for work completed in 2026.
2026-06-29,2,26-0743,,,,,,,,7-0,,tier2_screen_only;urban renewal,https://councildocs.dsm.city/agendas/ag20260629.pdf,"27. On the proposed 38th Amendment to the Urban Renewal Plan for the Metro Center Urban Renewal Area, (8-3-26). (Council Communication No. 26-234)"
2026-06-29,2,26-0744,,,,,,,,7-0,,tier2_screen_only;urban renewal,https://councildocs.dsm.city/agendas/ag20260629.pdf,"28. On the proposed First Amendment to the Urban Renewal Plan for the Carpenter Urban Renewal Area, (8-3-26). (Council Communication No. 26-233)"
2026-06-29,2,26-0751,,,,,,,,7-0,,tier2_screen_only;urban renewal,https://councildocs.dsm.city/agendas/ag20260629.pdf,34. Advancement of costs for an urban renewal project in the Oak Park-Highland Park Urban Renewal Area and certification of expenses incurred by the City for payment under Iowa Code Section 403.19. (Council Communication No. 26-232)
2026-06-29,2,26-0752,,,,,,,,7-0,,tier2_screen_only;urban renewal,https://councildocs.dsm.city/agendas/ag20260629.pdf,35. Advancement of costs for an urban renewal project in the Metro Center Urban Renewal Area and certification of expenses incurred by the City for payment under Iowa Code Section 403.19.
2026-06-29,2,26-0768,,,,,,,,7-0,,tier2_screen_only;municipal housing,https://councildocs.dsm.city/agendas/ag20260629.pdf,"50. Authorizing Finance Director to draw checks on registers for the weeks of June 29 and July 6, 2026; to draw checks for the bills of the Des Moines Municipal Housing Agency for the weeks of June 29 and July 6, 2026; to draw checks for biweekly payroll due July 10, 2026. ORDINANCES - FINAL CONSIDE"
2026-07-13,1,25,resolution of intent,900 Vine LLC,Five-story mixed-use building at 900 Vine Street,900 Vine Street,4500000.0,42250000.0,,,medium,,https://councildocs.dsm.city/communications/2026/26-254.pdf,
2026-07-13,2,26-0823,,,,,,,,7-0,,tier2_screen_only;tax abatement,https://councildocs.dsm.city/agendas/ag20260713.pdf,13. Approving 102 tax abatement applications for work completed in 2026. BOARDS/COMMISSIONS/NEIGHBORHOODS
2026-07-13,2,26-0829,,,,,,,,7-0,,tier2_screen_only;urban renewal,https://councildocs.dsm.city/agendas/ag20260713.pdf,"19. On the adoption of an Urban Renewal Plan for the 6100 Hickman Road Urban Renewal Area, (8-24-26). (Council Communication No. 26-252)"
2026-07-13,2,26-0845,,,,,,,,7-0,,tier2_screen_only;municipal housing,https://councildocs.dsm.city/agendas/ag20260713.pdf,"36. Authorizing Finance Director to draw checks on registers for the weeks of July 13, 20, and 27, 2026; to draw checks for the bills of the Des Moines Municipal Housing Agency for the weeks of July 13, 20, and 27, 2026; to draw checks for biweekly payroll due July 24, 2026. ORDINANCES - SECOND CONS"
