Developer/Owner,Project Name,Project Type,Address,"TIF Amount (USD, NPV basis)",TIF Basis,TIF Cash-Basis Figure (USD),TIF % of Cost,TIF Structure,Total Project Cost (USD),Other Incentives,Status,Completion Date,Fiscal Horizon (yrs),Incentive Paid gross (USD),Net Taxes to Public (USD),Net Public Gain vs Baseline (USD),"Actual Rebate Paid to Developer (USD, Iowa DOM)",Actual Rebate Recipient (Iowa DOM),"Assessed Value (USD, Polk assessor)",Assessor Building Year,Assessor TIF District,Affordable Units,Total Units,Urban Renewal Area,Final Resolution #,Final Action,Final Approval Date,Disposition,Vote,Recusals,Confidence,Flags,Timeline,TIF Amount From,Cost From,Source URL,Source Page,Anchor Quote
900 Vine LLC,Five-story mixed-use building at 900 Vine Street,Mixed-use,900 Vine Street,4500000.0,unverified (no NPV stated in source),,10.7,"Capped TIF maximum value of $4.5 million in project-generated tax increment on NPV basis at 4.5% discount rate; schedule 0% year 1, 95% years 2-6, 90% years 7-9, 85% year 10, 80% years 11-13, 75% years 14-15",42250000.0,,approved,,30.0,6758220.0,19282822.0,16681212.0,,,1170100.0,,DES MOINES METRO CENTER MERGED UR,,160.0,Metro Center Urban Renewal Area,25,resolution of intent,2026-07-13,,,,medium,,2026-07-13: resolution of intent [25],2026-07-13,2026-07-13,https://councildocs.dsm.city/communications/2026/26-254.pdf,1,capped TIF maximum value of $4.5 million in project generated tax increment
"Threshing Warehouse, LLC",Threshing Warehouse - historic renovation/conversion of 108 SE 4th Street to office,Office,108 Southeast 4th Street,1750000.0,NPV (confirmed),,12.8,"TIF from increment on building valuation (exclusive of land), 95% for 20 years, not to exceed $1.75 million NPV at 4.5% discount rate; 20-year schedule starts after first full tax year (no rebate first taxing year)",13700000.0,,approved,,30.0,3270976.0,4303407.0,3575351.0,,,527000.0,1895.0,DES MOINES METRO CENTER MERGED UR,,,Metro Center Urban Renewal Area,26-0748,approve development agreement,2026-06-29,approved,7-0,,high,disposition_not_in_minutes;counterparty_changed_across_actions;multi_meeting_project,2026-05-04: resolution of intent [26-0562] | 2026-05-18: resolution of intent [26-0618] (approved) | 2026-06-29: approve development agreement [26-0748] (approved),2026-06-29,2026-06-29,https://councildocs.dsm.city/communications/2026/26-229.pdf,1,not to exceed $1.75 million on a net present value basis
"Ingersoll Properties Group, LLC",Rehabilitation of commercial property and parking at 2700 Ingersoll Avenue,Commercial (MAA / abatement),2700 Ingersoll Avenue,850000.0,unverified (no NPV stated in source),,10.4,"TIF in lieu of tax abatement; capped TIF maximum value of $850,000 in project-generated TIF on NPV basis at 4.5% discount rate; 80% for 7 years",8200000.0,,approved,,,,,,,,2880000.0,1997.0,DES MOINES INGERSOLL-GRAND COMMERCIAL UR,,,Ingersoll-Grand Urban Renewal Area,26-0678,resolution of intent,2026-06-08,approved,5-1,"Gatto (declared conflict of interest, abstained)",high,multi_meeting_project,2026-03-09: resolution of intent [26-0308] | 2026-06-08: resolution of intent [26-0678] (approved),2026-06-08,2026-06-08,https://councildocs.dsm.city/communications/2026/26-212.pdf,1,"capped TIF maximum value of $850,000 in project-generated TIF"
Heart of America,Commercial office building at 401 Robert D. Ray Drive (East Village),Office,401 Robert D. Ray Drive,,,,,,,,approved,,,,,,,,,,,,,,26-0676,other,2026-06-08,approved,7-0,,medium,,2026-06-08: other [26-0676] (approved),,,https://councildocs.dsm.city/communications/2026/26-204.pdf,1,receive and file developer-initiated proposal and negotiate preliminary terms
"Greater Des Moines Habitat for Humanity, Inc.",Habitat for Humanity townhome project at 6100 Hickman Road,Residential,6100 Hickman Road,674000.0,unverified (no NPV stated in source),,10.9,"TIF from increment on building valuation (exclusive of land), 100% for 11 years, not to exceed $674,000 NPV at 4.5% discount rate",6200000.0,,approved,,30.0,907638.0,3613879.0,3613879.0,,,636000.0,,,22.0,22.0,,26-0677,resolution of intent,2026-06-08,approved,7-0,,high,,2026-06-08: resolution of intent [26-0677] (approved),2026-06-08,2026-06-08,https://councildocs.dsm.city/communications/2026/26-207.pdf,1,"not to exceed $674,000 on a net present value basis"
"420 Court Avenue, LLC",Full-service grocery store at 420 Court Avenue (Hy-Vee),Retail / restaurant,"420 Court Avenue, Des Moines, IA",,,,,,,,approved,,,,,,161018.0,206 6th Avenue LLC,,,,,,Metro Center Urban Renewal Area,26-0619,amend agreement,2026-05-18,approved,7-0,,high,multi_meeting_project,2024-05-06: amend agreement [24-0666] (approved) | 2026-05-18: amend agreement [26-0619] (approved),,,https://councildocs.dsm.city/communications/2026/26-185.pdf,1,The requested Second Amendment identifies revised hours of operation
"JJR Holdings LLC; Kingman Place Townhomes, LLC; Lawmark LP; 615 Euclid LLC",Workforce Housing Tax Credit (WHTC) support resolutions - 4 projects,Residential,1245 21st Street; 3125 Kingman Blvd; 606 Walnut Street; 615 Euclid Avenue,,,,,,93000000.0,"other $240,000 ((A) Carpenter Row, JJR Holdings LLC - estimated WHTC state benefit; local match $16,000 from Brownfield Revolving Loan Fund; $3,343,000 investment, 16 units); other $450,000 ((B) Kingman Townhomes, Kingman Place Townhomes, LLC (HOME, Inc.) - estimated WHTC benefit; local match $340,000 from City HOME funds; $7,099,120 project, 20 units); other $1,000,000 ((C) Mezzo on Walnut, Lawmark LP - estimated WHTC benefit; local match estimated $10,000,000 from TIF economic development rebates; $77,000,000 project, 209 units); other $250,119 ((D) University of Commerce Historic Renovation, 615 Euclid LLC - estimated WHTC benefit; local match estimated $28,250 from tax abatement; $5,768,814 project, 14 units)",approved,,,,,,,,13887000.0,1973.0,DES MOINES METRO CENTER MERGED UR,,259.0,,26-0564,other,2026-05-04,approved,7-0,,high,,2026-05-04: other [26-0564] (approved),,2026-05-04,https://councildocs.dsm.city/communications/2026/26-171.pdf,1,"WHTC benefits estimated at $1,940,119"
,Carpenter TIF District No. 2,TIF district / UR plan,,,,,,,,,approved,,,,,,,,,,,,,Carpenter Urban Renewal Area,26-0515,ordinance,2026-04-20,approved,7-0,,medium,multi_meeting_project,2026-04-06: ordinance [26-0474] (approved) | 2026-04-15: ordinance [36] | 2026-04-20: ordinance [26-0515] (approved),,,https://councildocs.dsm.city/agendas/ag20260420.pdf,6,Establishing the Carpenter TIF District No. 2
,"Amended and Restated Minimum Assessment Agreement, 4347 Merle Hay Road",Commercial (MAA / abatement),4347 Merle Hay Road,,,,,,,tax abatement (Commercial tax abatement per Iowa Code 404; amended and restated MAA corrects an incorrect legal description; no change to the minimum assessment value (value not restated in this CC)),approved,,,,,,,,12400000.0,1976.0,,,,,26-0437,amend agreement,2026-04-06,approved,7-0,,medium,figure_not_in_source;multi_meeting_project,2025-07-14: other [25-0979] (approved) | 2026-04-06: amend agreement [26-0437] (approved),,,https://councildocs.dsm.city/communications/2026/26-127.pdf,1,Amended and Restated Minimum Assessment Agreement (MAA) for 4347 Merle Hay
"UA Station, LLC","UA Station apartment building, 2211 University Avenue",Residential,2211 University Avenue,200000.0,unverified (no NPV stated in source),,3.6,"capped TIF maximum value of $200,000 in project-generated tax increment, NPV at 4.5% discount rate; 95% years 1-5, 90% years 6-8, 50% year 9; targeted exclusively to cost of overhead utility undergrounding",5480000.0,,approved,,30.0,262258.0,3563834.0,2438540.0,,,257000.0,,,,35.0,Carpenter Urban Renewal Area,26-0433,approve development agreement,2026-04-06,approved,7-0,,high,,2026-04-06: approve development agreement [26-0433] (approved),2026-04-06,2026-04-06,https://councildocs.dsm.city/communications/2026/26-120.pdf,1,"a capped tax increment financing (TIF) maximum value of $200,000"
"The District Developer, LLC","The District master development (Market District, Lot 9)",Residential,Lot 9 in the Market District,,,,,,,,approved,,,,,,,,,,,,,,26-0376,amend agreement,2026-03-23,approved,7-0,,medium,,2026-03-23: amend agreement [26-0376] (approved),,,https://councildocs.dsm.city/communications/2026/26-112.pdf,1,Fourth Amendment to Amended and Restated Urban Renewal Development Agreement
"Market District Apartments, LP",Foundry Lofts,Residential,509 SE 6th Street,625000.0,unverified (no NPV stated in source),,4.2,"capped TIF maximum value of $625,000 in project-generated tax increment, NPV at 4.5% discount rate; 95% in years 1-15",15000000.0,"forgivable loan $189,000 (Forgivable loan for the appraised fair market value ($189,000) of the city-owned 8,420 sq ft lot at 515 SE 6th Street that developer must acquire; promissory note included in development agreement)",approved,,30.0,954159.0,2367806.0,2116916.0,,,163000.0,1943.0,DES MOINES METRO CENTER MERGED UR,19.0,46.0,Metro Center Urban Renewal Area,26-0309,approve development agreement,2026-03-09,approved,7-0,,high,multi_meeting_project;counterparty_changed_across_actions,2025-01-27: resolution of intent [25-0123] (approved) | 2026-03-09: approve development agreement [26-0309] (approved) | 2026-04-15: amend agreement [22] | 2026-04-20: amend agreement [26-0500] (approved),2026-03-09,2026-03-09,https://councildocs.dsm.city/communications/2026/26-092.pdf,1,"a capped TIF maximum value of $625,000 in project-generated"
INGERSOLL THEATER LLC,"Minimum assessment agreement for commercial tax abatement, 3711 Ingersoll Avenue",Commercial (MAA / abatement),"3711 Ingersoll Ave, Des Moines, IA 50312",,,,,,,"tax abatement (Commercial tax abatement per Iowa Code 404; minimum assessment agreement value $205,000)",approved,,,,,,,,205000.0,1970.0,DES MOINES INGERSOLL-GRAND COMMERCIAL UR,,,,26-0313,other,2026-03-09,approved,7-0,,medium,figure_not_in_source,2026-03-09: other [26-0313] (approved),,,https://councildocs.dsm.city/communications/2026/26-093.pdf,1,"INGERSOLL THEATER LLC $205,000"
JDS Real Estate Investments LLC,"Rehabilitation of Davidson Warehouse office building, 108 3rd Street",Office,108 3rd Street,1300000.0,unverified (no NPV stated in source),,17.6,"capped TIF maximum value of $1.3 million in project-generated tax increment, NPV at 4.5% discount rate; 95% years 1-5, 85% years 6-10, 75% years 11-15",7400000.0,,approved,,,,,,,,1250000.0,1901.0,DES MOINES METRO CENTER MERGED UR,,,Metro Center Urban Renewal Area,26-0244,approve development agreement,2026-02-23,approved,7-0,,high,ambiguous_disposition;multi_meeting_project,2025-09-08: resolution of intent [25-1220] (approved) | 2026-02-23: approve development agreement [26-0244] (approved),2026-02-23,2026-02-23,https://councildocs.dsm.city/communications/2026/26-069.pdf,1,a capped tax increment financing (TIF) maximum value of $1.3 million
"OpenLoop Health, Inc.",OpenLoop Health HQJ Program / Development Agreement 1st Amendment,Office,909 Locust Street (relocated from 317 6th Avenue),,,,,,,"forgivable loan $250,000 (Original $250,000 economic development forgivable loan (local city match to IEDA High Quality Jobs contract, approved 2023-04-10); 1st Amendment requires partial repayment of $187,500 to the City on or before July 10, 2026, extends job creation deadline to July 10, 2028, and reduces required jobs from 400 to 100 (60 at HQJ wage thresholds))",approved,,,,,,,,31600000.0,2015.0,DES MOINES METRO CENTER MERGED UR,,,,"26-0245, 26-0246",amend agreement,2026-02-23,approved,7-0,,high,,"2026-02-23: amend agreement [26-0245, 26-0246] (approved)",,,https://councildocs.dsm.city/communications/2026/26-049.pdf,1,"economic development forgivable loan in the amount of $187,500"
UTILITY SPECIALISTS LLC; REASONER'S GARAGE INC.,Minimum assessment agreements for commercial tax abatement (2 properties),Commercial (MAA / abatement),"601 Army Post Rd and 403 E. Jackson Ave, Des Moines, IA 50315",,,,,,,"tax abatement (Commercial tax abatement per Iowa Code 404; minimum assessment agreement value $56,000 for 601 Army Post Rd (Utility Specialists LLC)); tax abatement (Commercial tax abatement per Iowa Code 404; minimum assessment agreement value $86,000 for 403 E. Jackson Ave (Reasoner's Garage Inc.))",approved,,,,,,,,56000.0,2025.0,,,,,26-0184,other,2026-02-09,approved,7-0,,medium,figure_not_in_source,2026-02-09: other [26-0184] (approved),,,https://councildocs.dsm.city/communications/2026/26-035.pdf,1,"UTILITY SPECIALISTS LLC $56,000"
Riverview Parking LLC,,Other,,,,,,,,,approved,,,,,,,,,,,,,,26-0070,other,2026-01-12,approved,6-0,Council Member Mandelbaum declared a conflict of interest and abstained from voting,low,figure_not_in_source,2026-01-12: other [26-0070] (approved),,,https://councildocs.dsm.city/agendas/ag20260112.pdf,6,Collateral Assignment of Urban Renewal Development Agreement with Riverview Parking LLC
The Annex Group,Cherry Street Parking Lot six-story mixed-use development at 100 SW 5th Street,Mixed-use,100 SW 5th Street,5140000.0,unverified (no NPV stated in source),,6.8,"capped TIF maximum value of $5.14 million in project-generated tax increment on NPV basis at 4.5% discount rate; 90% in years 1-10, 85% in years 11-20; estimated 6.8% of total project financing",75950000.0,"grant (ground-floor commercial occupancy grant: $5 per square foot paid for occupied ground-floor commercial tenants, maximum $30,000 per year, funded from project-generated tax increment); forgivable loan $1,200,000 (from Polk County (not the City): $1.2 million forgivable loan structured as 50% discount on the $2.4 million land purchase price; forgiven if 30-year housing affordability provisions are kept); tax abatement (Developer intends to file for 10-year declining residential tax abatement on the project)",approved,,30.0,15106401.0,27609200.0,23229706.0,383604.0,ST DEVELOPMENT,,,,,280.0,Metro Center Urban Renewal Area,25-1683,resolution of intent,2025-12-22,approved,7-0,,high,,2025-12-22: resolution of intent [25-1683] (approved),2025-12-22,2025-12-22,https://councildocs.dsm.city/communications/2025/25-474.pdf,2,capped TIF maximum value of $5.14 million
"Goldfinch Apartments, LP, Goldfinch Commercial, LLC and VisionBank of Iowa",Goldfinch mixed-use redevelopment of 3404-3422 Ingersoll Avenue,Mixed-use,3404-3422 Ingersoll Avenue,,,,,forgivable loan equivalent to 94.1% of the project generated TIF in Years 1 through 8 on a net present value (NPV) at a 4.5% discount rate,12355000.0,"forgivable loan $300,000 (forgivable loan of $300,000, equivalent to 94.1% of project-generated TIF years 1-8 NPV at 4.5% discount rate; advanced within 30 days of issuance of certificate of completion); tax abatement (First Amendment revises Section 5.1 to change from the 3-year 100% tax abatement program to the 10-year declining commercial tax abatement schedule)",approved,,,,,,,,689000.0,1973.0,DES MOINES INGERSOLL-GRAND COMMERCIAL UR,,,Ingersoll-Grand Urban Renewal Area,25-1602,amend agreement,2025-12-08,approved,7-0,,high,,2025-12-08: amend agreement [25-1602] (approved),,2025-12-08,https://councildocs.dsm.city/communications/2025/25-443.pdf,1,"forgivable loan in the amount of $300,000"
,Four minimum assessment agreements for commercial tax abatement (Iowa Code 404),Commercial (MAA / abatement),4814 SW 9th Street; 515 Euclid Avenue; 2001 E Grand Avenue; 3115 Douglas Avenue,,,,,,,"tax abatement (4814 SW 9th Street (SS Holding Company LLC): minimum assessment agreement value $182,100); tax abatement (515 Euclid Avenue (515 Euclid LLC): minimum assessment agreement value $32,300); tax abatement (2001 E Grand Avenue (JDE Investments LLC and ARB Properties LLC): minimum assessment agreement value $876,000); tax abatement (3115 Douglas Avenue (Inmobiliaria World Holdings Inc): minimum assessment agreement value $368,000)",approved,,,,,,,,1750300.0,2024.0,,,,,25-1604,other,2025-12-08,approved,7-0,,medium,figure_not_in_source,2025-12-08: other [25-1604] (approved),,,https://councildocs.dsm.city/communications/2025/25-447.pdf,1,Minimum assessment values for each property are shown below
"ECG Southridge, LP",ECG Southridge 160-unit apartment building at 7210 SE 14th Street,Residential,7210 SE 14th Street,1380798.0,unverified (no NPV stated in source),,2.2,"capped project-generated TIF maximum value of $1,380,798 on NPV basis at 4.5% discount rate; 90% in years 1-4, 85% in years 5-9, 80% in year 10; estimated 2.23% of total project financing",61733000.0,,approved,,,,,,,,21740.0,,,160.0,160.0,Southside Urban Renewal Area,25-1221,resolution of intent,2025-09-08,,,,medium,disposition_not_in_minutes,2025-09-08: resolution of intent [25-1221],2025-09-08,2025-09-08,https://councildocs.dsm.city/communications/2025/25-330.pdf,1,"maximum value of $1,380,798 in project-generated tax increment"
61st Street Construction LLC (VareCo),1603 Walker Street housing project (WHTC application),Residential,1603 Walker Street,,,,,,1980000.0,"other $180,000 (Estimated State of Iowa Workforce Housing Tax Credit (WHTC) benefit; local match (minimum $1,000 per unit) through qualified by-right tax abatement)",approved,,,,,,,,12900.0,,,,12.0,,25-0834,other,2025-06-09,approved,7-0,,high,,2025-06-09: other [25-0834] (approved),,2025-06-09,https://councildocs.dsm.city/communications/2025/25-231.pdf,1,"WHTC benefits estimated at $180,000"
Urban Dreams,Urban Dreams WHTC housing project at 1411 7th Street,Residential,1411 7th Street,,,,,,1750000.0,"other $66,000 (State of Iowa Workforce Housing Tax Credit (WHTC) benefits estimated at $66,000; city resolution of support for application to IEDA); tax abatement (required local match (minimum $1,000 per housing unit) provided through qualified by-right tax abatement)",approved,,,,,,,,24500.0,,DES MOINES METRO CENTER MERGED UR,6.0,6.0,,25-0835,other,2025-06-09,approved,7-0,,high,,2025-06-09: other [25-0835] (approved),,2025-06-09,https://councildocs.dsm.city/communications/2025/25-231.pdf,1,"Item 33-I: WHTC benefits estimated at $66,000"
,Minimum Assessment Agreements - 4205 and 4241 Merle Hay Road,Commercial (MAA / abatement),4205 Merle Hay Road; 4241 Merle Hay Road,,,,,,,"tax abatement ((A) 4205 Merle Hay Road: commercial tax abatement with Minimum Assessment Agreement of $1,010,000; new construction Green State Credit Union branch); tax abatement ((B) 4241 Merle Hay Road: commercial tax abatement with Minimum Assessment Agreement of $395,500; new construction 7 Brew coffee shop; Park Hill Holdings LLC)",approved,,,,,,,,1744000.0,2025.0,,,,,35,other,2025-06-09,approved,7-0,,medium,figure_not_in_source,2025-06-09: other [35] (approved),,,https://councildocs.dsm.city/communications/2025/25-217.pdf,1,"Minimum assessment of $1,010,000."
Riverview Parking LLC,Riverview multilevel parking structure and 218 E. 2nd Street office renovation,Parking,"200, 210, and 216 E. Court Avenue (parking structure); 218 E. 2nd Street (office building)",6020000.0,unverified (no NPV stated in source),,16.6,"Approximately $6.02 million in project-generated tax increment at NPV at 4.5% discount rate ($10.05 million on a cash basis), paid with 100% of the project-generated building TIF in years 1 through 20",36300000.0,,approved,,30.0,10049046.0,24316920.0,9755865.0,,,7700000.0,1994.0,DES MOINES METRO CENTER MERGED UR,,,Metro Center Urban Renewal Area,25-0751,approve development agreement,2025-05-19,approved,6-0,Council Member Mandelbaum declared an appearance of a conflict of interest and abstained from voting,high,counterparty_changed_across_actions;multi_meeting_project,2024-09-16: resolution of intent [24-1259] (approved) | 2025-05-19: approve development agreement [25-0751] (approved) | 2026-02-23: other [26-0249] (approved),2025-05-19,2025-05-19,https://councildocs.dsm.city/communications/2025/25-196.pdf,1,approximately $6.02 million in project-generated tax increment
Highland Park Flats LLC,Highland Park Flats,Residential,3608-3610 5th Avenue,252608.0,unverified (no NPV stated in source),,9.6,"Capped TIF maximum incentive of $252,608 in project-generated tax increment on NPV basis at 4.5% discount rate; schedule 95% years 1-5, 85% years 6-10, 80% years 11-15, 70% year 16",2635000.0,,approved,,30.0,382579.0,857689.0,794817.0,,,89600.0,,DES MOINES OAK PARK-HIGHLAND PARK UR,2.0,12.0,Oak Park Highland Park Urban Renewal Area,25-0752,approve development agreement,2025-05-19,approved,7-0,,high,multi_meeting_project,2024-11-18: resolution of intent [24-1575] (approved) | 2025-05-19: approve development agreement [25-0752] (approved) | 2026-04-15: amend agreement [21] | 2026-04-20: amend agreement [26-0499] (approved),2025-05-19,2025-05-19,https://councildocs.dsm.city/communications/2025/25-194.pdf,1,"maximum incentive of $252,608 in project-generated tax increment"
"United Properties Investment Company, LC and Echo Valley Investment Company, LC",Echo Valley development area (south of County Line Road and Echo Valley Drive),Residential,8050 Golf House Drive (Parcel Development Agreement); development area south of County Line Road and Echo Valley Drive,600000.0,unverified (no NPV stated in source),,,"Up to $600,000 in TIF incentives to acknowledge commercial improvements completed under the existing agreement; funded from Echo Valley Urban Renewal Area TIF",,,approved,,,,,,,,,,,,,Echo Valley Urban Renewal Area,25-0754,amend agreement,2025-05-19,approved,7-0,,high,multi_meeting_project,2025-05-05: amend agreement [25-0664] (withdrawn) | 2025-05-19: amend agreement [25-0754] (approved),2025-05-19,,https://councildocs.dsm.city/communications/2025/25-192.pdf,2,"Up to $600,000 for the First Parcel Development Agreement"
"United Properties Investment Company, LC and Raccoon Valley Investment Company, LC",Echo Valley development area north of County Line Road and Echo Valley Drive (Master Urban Renewal Development Agreement),TIF district / UR plan,"55-acre area bounded by Echo Valley Drive/County Line Road (south), SW 42nd Street (west), Highway 5 (north and east)",,,,,,,,approved,,,,,,,,,,,,,Airport Development Urban Renewal Area,25-0756,approve development agreement,2025-05-19,approved,7-0,,medium,multi_meeting_project,2025-05-05: approve development agreement [25-0666] | 2025-05-19: approve development agreement [25-0756] (approved),,,https://councildocs.dsm.city/communications/2025/25-193.pdf,1,Amount: To be determined.
,Workforce Housing Tax Credit (WHTC) benefit applications - nine projects,Residential,,,,,,,193000000.0,"other $1,000,000 ((A) HOA Aston, LLC - estimated WHTC benefit; The Aston Project, 161 housing units at 603 E. 6th Street, $49,875,000 project; local match est. $4,500,000 from TIF economic development grant); other $1,000,000 ((B) Lawmark LP - estimated WHTC benefit; Mezzon on Walnut Project, 209 units at 606 Walnut Street, $77,000,000 project; local match est. $10,000,000 from TIF economic development grant); other $540,000 ((C) Cold Storage Rehab, LLC - estimated WHTC benefit; Cold Storage Redevelopment Project, 36 townhome units at 2814 7th Street, $9,853,625 project; local match est. $523,000 from tax abatement); other $1,000,000 ((D) 111 11th Street, LLC - estimated WHTC benefit; 111 11th Street Project, 85 units at 111 11th Street, $16,000,000 project; local match est. $519,978 from tax abatement); other $1,000,000 ((E) SEDU, LLC - estimated WHTC benefit; SEDU Village Project, 78 units at 1214 31st Street, $17,020,466 project; local match est. $477,157 from tax abatement); other $360,000 ((F) Vale Street LLC - estimated WHTC benefit; SE Bottoms Rowhomes Project, 24 units at 709 Vale Street, $4,845,806 project; local match est. $344,639 from tax abatement); other $567,381 ((G) Telus Condos, LLC - estimated WHTC benefit; Telus Condos Phase 1 Project, 32 condo units at 1310 Murphy Street, $9,197,822 project; local match est. $1,278,000 from TIF economic development grant); other $210,000 ((H) 615 Euclid, LLC - estimated WHTC benefit; University of Commerce Historic Building Project, 14 units at 615 Euclid Avenue, $4,493,610 project; local match est. $28,250 from tax abatement); other $300,000 ((I) Campanello, LLC - estimated WHTC benefit; Columbus Park Lofts, 11 units at 2024 SE 6th Street, $5,000,000 project; local match est. $38,450 from tax abatement)",approved,,,,,,,,,,,,650.0,,25-0741,other,2025-05-19,approved,7-0,Council Member Simonson declared a conflict of interest and abstained on sub-items (G) Telus Condos and (H) 615 Euclid (each carried 6-0),high,,2025-05-19: other [25-0741] (approved),,2025-05-19,https://councildocs.dsm.city/communications/2025/25-197.pdf,1,"WHTC benefits estimated at $5,977,381"
"Goldfinch Apartments, LP",Goldfinch Apartments mixed-use redevelopment,Mixed-use,3404-3422 Ingersoll Avenue,,,,,"Forgivable loan equivalent to 82% of the project generated TIF in Years 4 through 8, NPV at 4.5% discount rate",12355000.0,"forgivable loan $300,000 (Forgivable loan sized as 82% of project-generated TIF Years 4-8 (NPV at 4.5%); advanced within 30 days of issuance of certificate of completion); tax abatement (Project eligible for the three (3)-year 100% commercial tax abatement schedule)",approved,,30.0,300000.0,5198803.0,4366989.0,,,689000.0,1973.0,DES MOINES INGERSOLL-GRAND COMMERCIAL UR,,,Ingersoll-Grand Urban Renewal Area,25-0662,approve development agreement,2025-05-05,approved,7-0,,high,multi_meeting_project,2025-01-27: resolution of intent [25-0124] (approved) | 2025-05-05: approve development agreement [25-0662] (approved),,2025-05-05,https://councildocs.dsm.city/communications/2025/25-186.pdf,1,"forgivable loan in the amount of $300,000"
Townhall Associates LP,1601 6th Avenue historic renovation and mixed-use/food hall new construction,Mixed-use,1601 6th Avenue and 1605/1609/1619 6th Avenue,460000.0,NPV (confirmed),,3.5,"Not to exceed $460,000, equivalent to 100% of estimated project-generated TIF in Years 1-20, NPV at 4.5% discount rate; delivered as up-front $300,000 loan repaid through project tax increment with up to additional $160,000 if repaid before Year 20",13100000.0,"forgivable loan $300,000 (Loan advanced upon issuance of certificate of completion, repaid through project-generated tax increment Years 1-20; minimum assessment agreement required; outstanding balance forgiven at end of 20-year term if affordability requirements met; project prohibited from applying for tax abatement)",approved,,30.0,460000.0,1228903.0,864929.0,,,446700.0,1888.0,DES MOINES METRO CENTER MERGED UR,29.0,29.0,Metro Center TIF District,25-0588,approve development agreement,2025-04-21,approved,7-0,,high,counterparty_changed_across_actions;multi_meeting_project,2018-04-23: other [18-0695] (approved) | 2022-04-18: resolution of intent [22-0611] (approved) | 2022-12-12: approve development agreement [22-1888] (approved) | 2023-08-07: resolution of intent [23-1088] (approved) | 2023-09-11: amend agreement [23-1257] | 2023-10-02: amend agreement [23-1340] (approved) | 2024-02-19: resolution of intent [24-0258] (approved) | 2025-04-21: approve development agreement [25-0588] (approved) | 2025-06-09: amend agreement [25-0836] (approved),2025-04-21,2025-04-21,https://councildocs.dsm.city/communications/2025/25-163.pdf,1,"financial assistance in an amount not to exceed $460,000"
,Fourth Amendment to Oak Park-Highland Park Urban Renewal Plan; TIF District No. 6,TIF district / UR plan,,,,,,,,,approved,,,,,,,,,,,,,Oak Park-Highland Park Urban Renewal Area,25-0607,ordinance,2025-04-21,approved,7-0,,medium,,2025-04-21: ordinance [25-0607] (approved),,,https://councildocs.dsm.city/communications/2025/25-167.pdf,1,proposed 4th Amendment to the Urban Renewal Plan
"Newbury Management Company and Newbury Commons Associates, L.P.",Newbury Commons,Residential,401 SE 7th Street,560000.0,unverified (no NPV stated in source),,4.0,"Capped TIF maximum value of $560,000 in project-generated tax increment on NPV basis at 4.5% discount rate; schedule 95% Years 1-8, 60% Years 9-10, 40% Years 11-13, 30% Years 14-15",13830000.0,"forgivable loan $376,320 (Forgivable loan for acquisition of adjacent City-owned 16,800 sq ft remnant parcel to be included in the development)",approved,,,,,,,,0.0,,,,49.0,Metro Center Urban Renewal Area,25-0189,resolution of intent,2025-02-10,approved,7-0,,high,,2025-02-10: resolution of intent [25-0189] (approved),2025-02-10,2025-02-10,https://councildocs.dsm.city/communications/2025/25-061.pdf,1,"capped TIF maximum value of $560,000"
"Lawmark, LP",Financial Center building renovation (office-to-housing conversion),Residential,606 and 666 Walnut Street,10000000.0,NPV (confirmed),,,"Declining schedule of project generated tax increment (building valuations, exclusive of land) Years 1-20: 95% Years 1-10, 85% Years 11-15, 70% Years 16-20; capped at $10 million NPV at 4.5% discount rate",,"economic development grant $10,000,000 (Economic development grant paid from project-generated tax increment per the Fiscal Impact schedule; capped at $10 million NPV at 4.5%)",approved,,30.0,15872390.0,42474659.0,20552155.0,,,13607000.0,1973.0,DES MOINES METRO CENTER MERGED UR,,200.0,Metro Center Urban Renewal Area,25-0126,amend agreement,2025-01-27,approved,7-0,,high,multi_meeting_project,2024-03-04: amend agreement [24-0343] (approved) | 2025-01-27: amend agreement [25-0126] (approved),2025-01-27,,https://councildocs.dsm.city/communications/2025/25-030.pdf,2,capped at a maximum of $10 million
Housing For All,Rehabilitation and redevelopment of 200 Euclid Avenue,Residential,200 Euclid Avenue,,,,,,,,approved,,,,,,,,356000.0,2004.0,,,,,25-0125,resolution of intent,2025-01-27,approved,7-0,,medium,,2025-01-27: resolution of intent [25-0125] (approved),,,https://councildocs.dsm.city/communications/2025/25-036.pdf,1,rehabilitation and redevelopment of 200 Euclid Avenue
515 Walnut LLC,515 Walnut apartment tower,Residential,515 Walnut Street,3800000.0,NPV (as extracted; CC NPV differs),,2.6,$3.8 million project-generated TIF (NPV at 4.5% discount rate): 100% in years 9-10 and 90% in years 11-14; ~2.6% of total project cost,148000000.0,"grant $500,000 (American Rescue Plan Act (ARPA) grant paid upon project completion and issuance of certificate of completion); other $1,000,000 (release of Employers Mutual Casualty Company (EMC) funds held in escrow for reconnection of the skywalks, paid in two $500,000 installments)",approved,,30.0,6787947.0,37412932.0,37329111.0,,,,,,39.0,390.0,Metro Center Urban Renewal Area,33-I,approve development agreement,2024-12-23,,,,medium,duplicate_of_item_50-I;counterparty_changed_across_actions;multi_meeting_project,2022-11-21: resolution of intent [22-1802] (approved) | 2024-12-23: approve development agreement [33-I] | 2024-12-23: approve development agreement [24-1752] (approved),2024-12-23,2024-12-23,https://councildocs.dsm.city/communications/2024/24-536.pdf,1,a total incentive of approximately $5.3 million
"Valo Apartments, LLC",Valo Apartments mixed-use development (25th Street and Carpenter Avenue),Mixed-use,southeast corner of 25th Street and Carpenter Avenue,,,,,,22000000.0,,approved,,,,,,,,,,,,116.0,,24-1642,amend agreement,2024-12-09,approved,7-0,,high,,2024-12-09: amend agreement [24-1642] (approved),,2024-12-09,https://councildocs.dsm.city/communications/2024/24-494.pdf,1,"construction of a $22 million, 108,000-square-foot mixed-use development"
Des Moines Industrial LLC and Des Moines Industrial Land LLC,Rail-connected silo transloading infrastructure (Phase 2),Industrial / warehouse,adjacent to 357 SE 15th Street,,,,,"non-project-generated tax increment financing funds; $1,000,000 secured forgivable loan funded by tax increment generated by the Southeast AgriBusiness Urban Renewal Area",16000000.0,"forgivable loan $1,000,000 (secured forgivable loan payable upon Phase 1 certificate of completion and site preparation for Phase 2; disbursement/forgiveness subject to obligations including completing Phase 2 within 3 years of disbursement)",approved,,,,,,,,,,,,,Southeast AgriBusiness Urban Renewal Area,24-1574,resolution of intent,2024-11-18,approved,7-0,,high,,2024-11-18: resolution of intent [24-1574] (approved),,2024-11-18,https://councildocs.dsm.city/communications/2024/24-467.pdf,1,"$1,000,000, structured as a secured forgivable loan"
"Ruan Redevelopment Partners, LLC",601 Locust conversion (Two Ruan building),Residential,601 Locust Street,2770000.0,NPV (corrected from cash),5570000.0,3.4,"approximately $5.57 million project-generated TIF on cash basis ($2.77 million NPV at 4.5% discount rate): 95% years 9-12, 90% years 13-15, 80% years 16-18, 70% years 19-20; ~3.4% of total project cost",81200000.0,,approved,,30.0,5569449.0,19609066.0,8825094.0,,,1310100.0,1981.0,DES MOINES METRO CENTER MERGED UR,,221.0,Metro Center Urban Renewal Area,24-0871,approve development agreement,2024-06-17,approved,7-0,,medium,ambiguous_disposition;multi_meeting_project,2024-05-20: resolution of intent [24-0751] (approved) | 2024-06-17: approve development agreement [24-0871] (approved) | 2026-03-09: amend agreement [26-0310] (approved),2024-06-17,2024-06-17,https://councildocs.dsm.city/communications/2024/24-274.pdf,1,approximately $5.57 million in project generated tax increment
"Scott Avenue Landing, LLC",Scott Avenue Landing townhomes,Residential,417 Scott Avenue,,,,,,12856000.0,"other $1,000,000 (State of Iowa Workforce Housing Tax Credit (WHTC) benefits estimated at $1,000,000; state tax credits with no fiscal impact on City general fund); tax abatement $4,500,000 (local match estimated at $4,500,000 provided from tax abatement)",approved,,,,,,,,49300.0,,DES MOINES METRO CENTER MERGED UR,,34.0,,24-0803,other,2024-06-03,approved,7-0,,high,,2024-06-03: other [24-0803] (approved),,2024-06-03,https://councildocs.dsm.city/communications/2024/24-240.pdf,1,"$1,000,000 estimated WHTC benefit; local match estimated at $4,500,000"
Joppa Experience LLC,Joppa Experience restaurant,Retail / restaurant,1829 6th Avenue,,,,,,,"forgivable loan (Phase 1 forgivable loan for NCR-eligible projects; individual amount not stated); loan (Phase 1 non-forgivable loan for drywall and framing to separate kitchen from customer-facing area; individual amount not stated); grant (Phase 2 assistance structured consistent with traditional NCR grant program; individual amount not stated. Total assistance across all phases remains the $60,763 originally approved under NCR Round 3-ARPA (Roll Call 23-0496))",approved,,,,,,,,168000.0,1979.0,DES MOINES METRO CENTER MERGED UR,,,,24-0804,approve development agreement,2024-06-03,approved,7-0,,medium,figure_not_in_source,2024-06-03: approve development agreement [24-0804] (approved),,,https://councildocs.dsm.city/communications/2024/24-241.pdf,1,"in the amount of $60,763"
American Equity Investment Life Insurance Company,American Equity downtown office relocation (1100 Locust Street),Office,1100 Locust Street,,,,,,9100000.0,"economic development grant ($50 per full-time position employed primarily downtown per year for up to 10 years, paid in annual installments of approximately $32,500 based on ~650 FTE; conditioned on minimum 600 jobs, top 500 positions averaging $95,055+ salary, and minimum $4 million capital investment); parking $410,400 (Parking License Agreement for minimum 120 spaces at 1200 Mulberry or 9th and Locust ramps at discounted rates years 1-9; cumulative 10-year discount of $410,400 versus full rate ($1,317,600 paid vs $1,728,000 full))",approved,,,,,,,,63500000.0,2009.0,DES MOINES METRO CENTER MERGED UR,,,Metro Center Urban Renewal Area,24-0833,approve development agreement,2024-06-03,approved,7-0,,high,,2024-06-03: approve development agreement [24-0833] (approved),,2024-06-03,https://councildocs.dsm.city/communications/2024/24-242.pdf,1,"annual installments of approximately $32,500"
"The District Developer, LLC",Market District redevelopment,Mixed-use,vicinity of East 4th and East Market Streets (Market District),,,,,"Project-generated TIF economic development grant, 20 years per development project upon completion; construction must commence by Oct 2030",,,approved,,,,,,,,,,,,,Metro Center Urban Renewal Area,24-0753,amend agreement,2024-05-20,approved,7-0,,high,figure_not_in_source;multi_meeting_project,2020-06-08: resolution of intent [20-0914] (approved) | 2021-12-06: amend agreement [21-1827] (approved) | 2022-07-18: amend agreement [22-1143] (approved) | 2022-08-22: amend agreement [22-1332] (approved) | 2022-11-21: amend agreement [22-1801] (approved) | 2023-10-02: amend agreement [23-1341] (approved) | 2024-05-20: amend agreement [24-0753] (approved),,,https://councildocs.dsm.city/communications/2024/24-223.pdf,1,provide a one (1)-year extension to the deadline
,Workforce Housing Tax Credit benefit applications (7 projects),Residential,,,,,,,,"other $1,000,000 ((A) HOA Aston, LLC (Heart of America Group): estimated WHTC state tax credit benefit; $47,520,000 project, 186 housing units at 603 E 6th Street; local match est. $4,500,000 from TIF economic development grant); other $900,000 ((B) Cold Storage Rehab, LLC (Neighborhood Development Corp): estimated WHTC benefit; $13,000,000 project, 48 units at 2814 7th Street; local match est. $312,000 from economic development grant); other $434,000 ((D) Sullivan Holdings, LLC: estimated WHTC benefit; $4,496,000 project, 4 townhome units and 20 multi-family units at 3111-3121 Merle Hay Road; local match est. $596,000 from tax abatement); other $160,000 ((E) Summit Townhomes, LLC: estimated WHTC benefit; $8,500,000 project, 35 townhome units at 16 Indianola Road; local match est. $181,250 from tax abatement); other $1,000,000 ((F) Linc IV Apartments, LLC (Hubbell Realty Company): estimated WHTC benefit; $27,600,000 project, 135 multi-family units at 1270 Tuttle Street and 1275 Murphy Street; local match est. $1,800,000 from tax abatement); other $105,000 ((G) Uptown Investor TJU, LLC (Urban Development Corp): estimated WHTC benefit; $2,567,500 project, 7 second-story apartment units at 4104 University Avenue; local match est. $161,000 from tax abatement); other $1,000,000 ((H) Sonar at Highland Park, LLC (Sonar Development Partners): estimated WHTC benefit; $26,000,000 project, 101 apartment units at 604 Euclid Avenue; local match est. $101,000 from economic development grant)",approved,,,,,,,,,,,,,,24-0744,other,2024-05-20,approved,7-0,"Council Member Simonson declared a conflict of interest and abstained from voting on sub-item (G) (RC 24-0749, carried 6-0)",medium,,2024-05-20: other [24-0744] (approved),,,https://councildocs.dsm.city/communications/2024/24-222.pdf,1,"WHTC benefits estimated at $5,599,000"
"Kemin Industries, Inc. and Kemin Holdings, LC","Kemin 340,500 sq ft warehouse",Industrial / warehouse,606 SE 23rd Street,2513007.0,NPV (as extracted; CC NPV differs),,9.0,"80% of project-generated tax increment from taxable building valuations (exclusive of land) for 3 years after expiration of industrial tax abatement; TIF economic development grant capped at $2 million NPV; estimated NPV $1,846,749 (~6.07% of total project costs)",28000000.0,"tax abatement (Industrial Tax Abatement provision, Iowa Code Section 427B (abatement schedule 75%, 60%, 45%, 30%, 15%); developer will seek tax abatement upon completion)",completed,2025-09-29,30.0,0.0,47350058.0,46512904.0,,,,,,,,Southeast Ag Urban Renewal Area,24-0501,approve development agreement,2024-04-01,approved,7-0,,high,figure_not_in_source;counterparty_changed_across_actions;multi_meeting_project,2024-02-19: resolution of intent [24-0257] (approved) | 2024-04-01: approve development agreement [24-0501] (approved) | 2026-06-29: amend agreement [26-0749] (approved),2024-04-01,2024-04-01,https://councildocs.dsm.city/communications/2024/24-138.pdf,1,"The total Tax Increment Finance (TIF) assistance is estimated at $2,513,007"
"Gold Cap Development, Sidekick Development and Wade Investments",401 Robert D. Ray Drive mixed-use development (City-owned site),Mixed-use,401 Robert D. Ray Drive,,,,,,,,approved,,,,,,,,,,,,,,24-0256,other,2024-02-19,approved,6-0,,medium,,2024-02-19: other [24-0256] (approved),,,https://councildocs.dsm.city/communications/2024/24-081.pdf,1,"accepting development proposal from Gold Cap Development, Sidekick Development"
"1435 Mulberry, LLC",1435 Mulberry 202-unit mixed-use apartment building,Mixed-use,1435 Mulberry Street,5300000.0,unverified (no NPV stated in source),,8.5,"capped TIF maximum value of $5.3 million in project-generated tax increment, NPV at 4.5%; 95% in years 9 through 20; developer intends to file for 10-year declining residential tax abatement; TIF ~8.52% of total project financing",62000000.0,,approved,,30.0,10617453.0,20280107.0,18951064.0,,,1310000.0,,DES MOINES METRO CENTER MERGED UR,,202.0,Metro Center Urban Renewal Area,24-0114,approve development agreement,2024-01-22,approved,6-0,,high,multi_meeting_project,2023-11-20: resolution of intent [23-1620] (approved) | 2024-01-22: approve development agreement [24-0114] (approved),2024-01-22,2024-01-22,https://councildocs.dsm.city/communications/2024/24-024.pdf,1,a capped TIF maximum value of $5.3 million
Center at Sixth,Center at Sixth mixed-use / retail incubator,Mixed-use,1760 6th Avenue,850000.0,unverified (no NPV stated in source),,9.8,"capped TIF maximum value of $850,000 in project-generated tax increment, NPV at 4.5%; 95% in years 1 through 20; developer forgoes tax abatement; TIF ~10% of total project financing",8650000.0,"grant $100,000 (American Rescue Plan Act (ARPA) grant for affordable housing contemplated within the development agreement)",completed,2025-05-05,,,,,300000.0,Center at 6th,2330000.0,2023.0,DES MOINES METRO CENTER MERGED UR,,6.0,Metro Center Urban Renewal Area,23-1691,approve development agreement,2023-12-04,approved,7-0,,high,,2023-12-04: approve development agreement [23-1691] (approved),2023-12-04,2023-12-04,https://councildocs.dsm.city/communications/2023/23-545.pdf,1,"propose a capped TIF maximum value of $850,000"
,Third Amendment to Oak Park-Highland Park Urban Renewal Plan,TIF district / UR plan,,,,,,,,,approved,,,,,,,,,,,,,Oak Park-Highland Park Urban Renewal Area,23-1717,ordinance,2023-12-04,approved,7-0,,medium,,2023-12-04: ordinance [23-1717] (approved),,,https://councildocs.dsm.city/communications/2023/23-543.pdf,1,proposed 3rd Amendment to the Urban Renewal Plan
"Mav KG, LLC",Maverik/Kum & Go (FJ Management) regional headquarters office,Office,1100 Locust Street,,,,,,1000000.0,"economic development grant $250,000 (paid in 10 annual installments of $25,000 over the 10-year lease; contingent on maintaining 250+ jobs at $98,000+ average salary and officing from downtown location 3+ days per work week, reviewed annually)",approved,,,,,,8866285.0,Kum & Go,63500000.0,2009.0,DES MOINES METRO CENTER MERGED UR,,,Metro Center Urban Renewal Area,23-1544,approve development agreement,2023-11-06,approved,6-0,,high,counterparty_changed_across_actions;multi_meeting_project,2023-09-11: resolution of intent [23-1260] (approved) | 2023-11-06: approve development agreement [23-1544] (approved),,2023-11-06,https://councildocs.dsm.city/communications/2023/23-504.pdf,1,"a $250,000 economic development grant to be paid in annual installments of $25,000"
"Market One, L.L.C.",Market One building,Other,130 East 3rd Street,,,,,,,,approved,,,,,,1984051.0,Market One LLC,4930000.0,2014.0,DES MOINES METRO CENTER MERGED UR,,,,23-1545,amend agreement,2023-11-06,approved,6-0,,medium,,2023-11-06: amend agreement [23-1545] (approved),,,https://councildocs.dsm.city/communications/2023/23-502.pdf,1,to allow for the removal of the South Parking Parcel
,,TIF district / UR plan,,,,,,,,,approved,,,,,,,,,,,,,Oak Park-Highland Park Urban Renewal Area,23-1578,ordinance,2023-11-06,withdrawn,,,medium,,2023-11-06: ordinance [23-1578] (withdrawn),,,https://councildocs.dsm.city/communications/2023/23-505.pdf,1,Public hearing on the 3rd Amendment to the Urban Renewal Plan
,Court Avenue Lofts,Residential,,,,,,,,,approved,,,,,,,,,,,,,,23-1437,other,2023-10-23,approved,6-0,,low,,2023-10-23: other [23-1437] (approved),,,https://councildocs.dsm.city/agendas/ag20231023.pdf,7,Consent to Assignment and Assumption of Urban Renewal Development Agreement for Court Avenue Lofts
"Merle Hay Anchors, LLC",Merle Hay Mall former Sears site redevelopment,Retail / restaurant,,,,,,,,,approved,,,,,,4105853.0,Merle Hay Mall,,,,,,,23-1259,other,2023-09-11,approved,6-0,,medium,,2023-09-11: other [23-1259] (approved),,,https://councildocs.dsm.city/communications/2023/23-405.pdf,1,total minimum actual value of $6.7 million
"106 SW 7th Street, LLC",Carpenter Paper Warehouse renovation (106 SW 7th Street),Industrial / warehouse,106 SW 7th Street,4000000.0,NPV (corrected from cash),6429526.0,18.3,"economic development grant of TIF incentives on building valuations (exclusive of land), 95% in years 1-20, capped at $4.0 million on NPV basis; approximately $6.429 million cash basis ($3,883,637 NPV at 4.5% discount); 17.7% of total project costs",21900000.0,,completed,2025-07-14,30.0,6429526.0,9470466.0,6551996.0,,,6150000.0,2015.0,DES MOINES METRO CENTER MERGED UR,,,Metro Center Urban Renewal Area,23-1087,approve development agreement,2023-08-07,approved,6-1,,high,multi_meeting_project,2022-05-09: resolution of intent [22-0700] (approved) | 2023-08-07: approve development agreement [23-1087] (approved),2023-08-07,2023-08-07,https://councildocs.dsm.city/communications/2023/23-360.pdf,1,approximately $6.429 million on a cash basis
"36 on 6th, LLC",36 on 6th (3614 6th Avenue renovation),Mixed-use,3614 6th Avenue,809530.0,unverified (no NPV stated in source),,23.1,"approximately $809,000 in project-generated tax increment on cash basis ($488,558 NPV at 4.5% discount), paid with 95% of project-generated building TIF in years 1-20; requested in lieu of tax abatement",3500000.0,,completed,2026-02-09,30.0,809530.0,1202995.0,958500.0,,,241500.0,1943.0,DES MOINES OAK PARK-HIGHLAND PARK UR,3.0,4.0,Oak Park-Highland Park Urban Renewal Area,23-1145,approve development agreement,2023-08-07,approved,6-1,,high,multi_meeting_project,2022-06-27: other [22-1006] (approved) | 2023-06-26: resolution of intent [23-0914] (approved) | 2023-08-07: approve development agreement [23-1145] (approved) | 2025-05-19: amend agreement [25-0753] (approved),2023-08-07,2023-08-07,https://councildocs.dsm.city/communications/2023/23-356.pdf,1,"approximately $809,000 in project-generated tax increment on a cash basis"
"HOA Development, LLC",Aston - 186-unit mixed-use apartment building at 603 E. 6th Street,Mixed-use,603 East 6th Street,4500000.0,unverified (no NPV stated in source),,10.2,"capped TIF maximum value $4.5M NPV at 4.5% discount; $50,000 in year 8, 95% years 9-15, 90% years 16-20; ~10% of project financing",44000000.0,tax abatement (Developer intends to file for 10-year declining residential tax abatement),approved,,30.0,8858385.0,16806851.0,16036600.0,,,801000.0,,DES MOINES UPPER EAST VILLAGE URBAN RENEWAL,19.0,186.0,Upper East Village Urban Renewal Area / Upper East Village TIF District No. 1,23-0952,approve development agreement,2023-06-26,approved,6-1,,high,figure_not_in_source;counterparty_changed_across_actions;multi_meeting_project,2023-03-06: resolution of intent [23-0304] | 2023-03-27: resolution of intent [23-0404] (approved) | 2023-06-26: approve development agreement [23-0952] (approved) | 2025-07-14: amend agreement [25-0978] (approved),2023-06-26,2023-06-26,https://councildocs.dsm.city/communications/2023/23-311.pdf,1,capped TIF maximum value of $4.5 million in project-generated tax increment
,,Mixed-use,,,,,,,199000000.0,"other $6,425,000 (Combined estimated State Workforce Housing Tax Credit (WHTC) benefits for 10 projects; City action is support resolutions + local match identification (min $1,000/unit))",approved,,,,,,,,,,,,765.0,,31,other,2023-05-22,approved,6-1,,medium,,2023-05-22: other [31] (approved),,2023-05-22,https://councildocs.dsm.city/communications/2023/23-267.pdf,1,"Workforce Housing Tax Credit benefits estimated at $6,425,000"
"OpenLoop Health, Inc.",OpenLoop Health office renovation/expansion at 317 6th Avenue,Office,"317 6th Avenue, Des Moines, IA 50309",,,,,forgivable loan reimbursed from Metro Center TIF District,18900000.0,"forgivable loan $250,000 (Local match for IEDA HQJ program; advanced from Economic Development Enterprise Account, reimbursed by Metro Center TIF on/after July 1, 2024; fully forgivable if job/wage/TI thresholds met)",approved,,,,,,,,5220000.0,1966.0,DES MOINES METRO CENTER MERGED UR,,,Metro Center TIF District,23-0492,approve development agreement,2023-04-10,approved,6-1,,high,multi_meeting_project,2023-03-27: approve development agreement [34] (withdrawn) | 2023-04-10: approve development agreement [23-0492] (approved),,2023-04-10,https://councildocs.dsm.city/communications/2023/23-195.pdf,1,"$250,000 forgivable loan to be advanced to meet the local match"
"Native Business Services, LLC",Younkers building renovation at Southridge Mall (site plan sidewalk improvements),Retail / restaurant,1111 E. Army Post Road,,,,,"grant advanced from Economic Development Enterprise Fund, reimbursed from Southside Economic Development TIF District",2000000.0,"economic development grant $25,000 (For required new sidewalk on west side of site; paid upon completion; reimbursed from Southside Economic Development TIF District)",approved,,,,,,,,,,,,,Southside Economic Development TIF District,23-0403,other,2023-03-27,approved,6-1,,high,,2023-03-27: other [23-0403] (approved),,2023-03-27,https://councildocs.dsm.city/communications/2023/23-160.pdf,1,"economic development grant of $25,000 for Native Business Services, LLC"
"Des Moines Climate Controlled Self Storage, LLC","Climate-controlled self-storage, 503 SE 12th Street",Other,503 SE 12th Street,1200000.0,NPV (corrected from cash),1695738.0,7.7,"~$1,695,738 project-generated TIF on a cash basis; $1,279,545 NPV at 4.5%; 75% TIF years 1-10; capped at $1,200,000 NPV",15500000.0,"land conveyance $200,000 (City-owned land sold to developer for $200,000 (2019 appraised $520,000 less soil-remediation/utility credits))",approved,,10.0,1200337.0,2546848.0,2480212.0,,,0.0,,,,,Metro Center Urban Renewal Area,23-0305,amend agreement,2023-03-06,approved,7-0,,high,multi_meeting_project,2021-06-28: resolution of intent [21-0980] (approved) | 2023-03-06: amend agreement [23-0305] (approved),2021-06-28,2023-03-06,https://councildocs.dsm.city/communications/2023/23-120.pdf,1,"Amount: $200,000 (2019 appraised value of property was $520,000"
"101 East Grand Parking, LLC (Paul Hayes, Tim Rypma, Jim Cownie)",148 East Locust Street mixed-use (Phase 3),Mixed-use,148 East Locust Street,,,,,,,,approved,,,,,,845663.0,101 E Grand Parking LLC,0.0,,,,,,23-0307,amend agreement,2023-03-06,approved,7-0,,medium,,2023-03-06: amend agreement [23-0307] (approved),,,https://councildocs.dsm.city/communications/2023/23-121.pdf,1,FISCAL IMPACT: NONE
"Hoyt, LLC",610 16th Street 47-unit apartments,Residential,610 16th Street,940000.0,unverified (no NPV stated in source),,9.0,"Capped $940,000 project-generated TIF, NPV at 4.5%; 95% yrs 9-12, 90% yrs 13-15, 85% yrs 16-18; ~8% of financing",10500000.0,tax abatement (10-year declining residential tax abatement intended),completed,2024-08-19,30.0,1714433.0,4804480.0,4483359.0,,,183000.0,,DES MOINES METRO CENTER MERGED UR,,47.0,Metro Center Urban Renewal Area,23-0165,approve development agreement,2023-02-06,approved,7-0,,high,counterparty_changed_across_actions;multi_meeting_project,2022-10-03: resolution of intent [22-1526] (approved) | 2023-02-06: approve development agreement [23-0165] (approved) | 2023-11-20: amend agreement [23-1618] (approved),2023-02-06,2023-02-06,https://councildocs.dsm.city/communications/2023/23-070.pdf,1,"capped tax increment financing (TIF) maximum value of $940,000"
"ND22 Fleming, LLC (assigned to KMC Properties, LLC)","Fleming Building adaptive reuse, 604 Walnut Street",Residential,604 Walnut Street,,,,,,,"economic development grant (Existing 15-year incentive in 3 grant phases; phase 3 paid yrs 11-15; amendment corrects first installment to May 15, 2025)",approved,,,,,,,,,,,,96.0,,23-0167,amend agreement,2023-02-06,approved,7-0,,medium,figure_not_in_source,2023-02-06: amend agreement [23-0167] (approved),,,https://councildocs.dsm.city/communications/2023/23-065.pdf,1,FISCAL IMPACT: NONE
"Union at Rivers Edge, LP (The Annex Group)",Union at Rivers Edge 216-unit affordable apartments,Residential,1600 Indianola Avenue (formerly 214 Jackson Avenue),2900000.0,NPV (confirmed),,5.2,"Project-generated econ dev TIF grant capped $2.9M NPV at 4.5% ($5,063,720 cash); 100% yrs 9-11, 95% yrs 12-15, 90% yrs 16-17; ~5.03% of costs",56100000.0,"grant $300,000 (ARPA affordable-housing grant (CC 23-045, RC 23-0104), paid at completion/CO); tax abatement (10-year declining residential tax abatement (8 yrs 100%, yr9 60%, yr10 40%))",completed,2026-06-08,30.0,5063720.0,16173402.0,15360195.0,,,17408900.0,2024.0,DES MOINES METRO CENTER MERGED UR,216.0,216.0,Metro Center Urban Renewal Area,23-0103,approve development agreement,2023-01-23,approved,6-1,,high,,2023-01-23: approve development agreement [23-0103] (approved),2023-01-23,2023-01-23,https://councildocs.dsm.city/communications/2023/23-046.pdf,1,capped maximum amount of assistance at $2.9 million on a net present value
Greater Des Moines Botanical Garden Corporation,Des Moines Botanical Center lease/URDA amendment,Other,,,,,,"Amendment reduces Metro Center TIF funding by $400,000 (replaced by ARPA)",,"grant $1,000,000 ($1,000,000 ARPA operational support ($600,000 new + $400,000 replacing TIF); lump sum via Fifth Amendment to lease)",approved,,,,,,2300000.0,Des Moines Botanical Center,,,,,,Metro Center Urban Renewal Area,23-0123,amend agreement,2023-01-23,approved,7-0,,high,,2023-01-23: amend agreement [23-0123] (approved),,,https://councildocs.dsm.city/communications/2023/23-039.pdf,1,"provides a payment of $1,000,000 in American Rescue Plan Act"
Street Collective (f/k/a Des Moines Bicycle Collective),Des Moines B-Cycle bike-share maintenance and expansion,Other,,,,,,,,"economic development grant (Third amendment (CC 23-021, RC 23-0042): $13,000-$16,000/yr for 3 yrs, option for three 1-yr extensions); forgivable loan $100,000 (CC 23-022 (RC 23-0043): $100,000 at 0%, ARPA-funded, forgiven per documented eligible expenses)",approved,,,,,,,,,,,,,,23-0042,amend agreement,2023-01-09,approved,7-0,,high,,2023-01-09: amend agreement [23-0042] (approved),,,https://councildocs.dsm.city/communications/2023/23-022.pdf,1,"forgivable loan in a principal amount of $100,000"
"East Village Tower Partners, LLC",Rehabilitation of 600 E. 5th Street,Residential,600 E. 5th Street,,,,,,4000000.0,,approved,,,,,,846000.0,East Village Partners LLC,,,,,,,22-1894,amend agreement,2022-12-12,approved,7-0,,low,multi_meeting_project,2016-09-26: other [16-1614] (approved) | 2016-09-26: amend agreement [16-1615] (approved) | 2022-12-12: amend agreement [22-1894] (approved),,2016-09-26,https://councildocs.dsm.city/agendas/ag20221212.pdf,6,Reassignment of Development Agreement by Central State Bank
Employers Mutual Casualty (EMC) Company,Urban Park Stairway Nodal Area at 701 Walnut Street,Office,701 Walnut Street,3500000.0,unverified (no NPV stated in source),,,"Declining % of project-generated TIF: <=90% yrs1-5, 85% yrs6-10, 80% yr11, 75% yrs12-13, 50% yrs14-15; increment paid above 50% capped at $3.5M NPV at 4.5%",,"economic development grant $211,000 (Not to exceed $211,000 (up to one-third of >$630,000 stairway cost); paid on Certificate of Occupancy)",approved,,,,,,50000.0,Employers Mutual Casualty Company,1340000.0,,DES MOINES METRO CENTER MERGED UR,,,Metro Center Urban Renewal Area,22-1687,approve development agreement,2022-10-24,approved,7-0,,high,multi_meeting_project,"2018-05-21: resolution of intent [18-0925, 18-0926] (approved) | 2022-10-24: approve development agreement [22-1687] (approved)",2018-05-21,,https://councildocs.dsm.city/communications/2022/22-496.pdf,1,"Amount: Not to exceed $211,000."
Nationwide Mutual Insurance Company,Nationwide/Allied Gateway Campus,Parking,1200 Locust Street; 1200 Mulberry Street,,,,,"Metro Center TIF payments: FY25-FY29 $697,500 annually, FY30 $622,500, FY31 $522,500",,,approved,,,,,,21862816.0,Nationwide Mutual Insurance Company,0.0,2008.0,,,,Metro Center Urban Renewal Area,22-1482,amend agreement,2022-09-12,,,,medium,multi_meeting_project,2022-09-12: amend agreement [22-1482] | 2022-09-12: other [22-1483] | 2023-08-07: other [23-1094] (approved),,,https://councildocs.dsm.city/communications/2022/22-434.pdf,1,"FY25-FY29: $697,500 annually"
"ONESPEED DSM, L.L.C.",303 Scott Avenue craft brewery,Other,303 Scott Avenue,670195.0,NPV (corrected from cash),949490.0,12.4,"95% of building increment for 15 yrs (project-generated) plus $38,000/yr for 10 yrs (non-project-generated, structured as forgivable loan); $949,490 cash / $670,195 NPV at 4.5%; 12.4% of costs",5400000.0,"forgivable loan $380,000 (non-project-generated Metro Center TIF: $38,000/yr for 10 yrs, released when tax receipts exceed incentive paid); grant (reimbursement grant for fair market value of vacated City right-of-way to be acquired)",completed,2023-08-07,30.0,949490.0,1246802.0,647986.0,,,2150000.0,2012.0,DES MOINES METRO CENTER MERGED UR,,,Metro Center Urban Renewal Area,22-1431,approve development agreement,2022-09-12,approved,7-0,,high,multi_meeting_project,2022-05-09: resolution of intent [22-0702] (approved) | 2022-09-12: approve development agreement [22-1431] (approved) | 2023-04-10: amend agreement [23-0494] (approved),2022-09-12,2022-09-12,https://councildocs.dsm.city/communications/2022/22-405.pdf,1,"total amount of TIF assistance is estimated at $949,490 on a cash basis"
"Union at River's Edge, LP (The Annex Group)",The Union at River's Edge,Residential,214 Jackson Avenue,2900000.0,NPV (corrected from cash),5063720.0,5.2,"project-generated economic development TIF grant yrs 9-17: 100% yrs 9-11, 95% yrs 12-15, 90% yrs 16-17; capped $2.9M NPV at 4.5%; $5,063,720 cash; 5.03% of costs",56100000.0,"tax abatement (10-year declining residential tax abatement (8-yr 100%, 60% yr 9, 40% yr 10)); other (seeking 4% housing tax credit from Iowa Finance Authority; all units restricted to 60% AMI)",completed,2026-06-08,30.0,5063720.0,16173402.0,15360195.0,,,0.0,,,216.0,216.0,Metro Center Urban Renewal Area,22-1256,resolution of intent,2022-08-08,approved,4-3,,high,,2022-08-08: resolution of intent [22-1256] (approved),2022-08-08,2022-08-08,https://councildocs.dsm.city/communications/2022/22-357.pdf,1,capped maximum amount of assistance at $2.9 million on a net present value
"Ashworth Development LLC (Center at Sixth, Marquas Ashworth)",Center at Sixth,Residential,1714 6th Avenue,1250000.0,NPV (corrected from cash),1800000.0,12.5,"project-generated TIF over 15 yrs: 80% yrs 1-15 on residential value, 90% yrs 1-15 on commercial value; ~$1.8M cash, capped $1.25M NPV at 4.5%; 12% of costs",10000000.0,"economic development grant $300,000 ($300,000 grant as required local match for Center at Sixth's IEDA Nonprofit Innovation Fund application; source ARPA or Metro Center TIF (Roll Call 22-1145))",approved,,30.0,1803111.0,4274672.0,4274672.0,300000.0,Center at 6th,,,,17.0,32.0,Metro Center Urban Renewal Area,22-1144,resolution of intent,2022-07-18,approved,7-0,,high,,2022-07-18: resolution of intent [22-1144] (approved),2022-07-18,2022-07-18,https://councildocs.dsm.city/communications/2022/22-346.pdf,1,"estimated at $1.8 million on a cash basis, capped at $1.25 million"
"Exodus Group Investments, LLC",Exodus distribution & light assembly warehouse,Industrial / warehouse,1717 East Army Post Road,5724899.0,NPV (corrected from cash),9016148.0,22.0,"reimbursement of 75% of project-generated increment yrs 4-14 and 50% in yr 15; not to exceed $9,016,148 NPV at 4.5% (~$5,724,899 cash)",25989600.0,tax abatement (developer will seek a 3-year 100% tax abatement),approved,,30.0,9016148.0,31580104.0,31530291.0,,,56120.0,,,,,East Army Post Road Urban Renewal Area,22-1146,resolution of intent,2022-07-18,approved,6-1,Mandelbaum passed on the vote,high,,2022-07-18: resolution of intent [22-1146] (approved),2022-07-18,2022-07-18,https://councildocs.dsm.city/communications/2022/22-350.pdf,1,"not to exceed $9,016,148 on a net-present-value (NPV)"
"McKinley Manor, LLC",,Other,,,,,,,,,approved,,,,,,,,,,,,,,22-1148,other,2022-07-18,approved,7-0,,low,,2022-07-18: other [22-1148] (approved),,,https://councildocs.dsm.city/agendas/ag20220718.pdf,7,"Termination of Urban Renewal Development Agreement with McKinley Manor, LLC"
Euclid Foresight LLC,413 Euclid Avenue (French Way Cleaners building),TIF district / UR plan,413 Euclid Avenue,540000.0,NPV (confirmed),,12.9,"declining scale of project-generated increment (90% yrs 1-5 down to 30% yr 20); capped $540,000 NPV at 4.5% (~$851,724 cash); ~13% of project costs",4200000.0,"grant $93,000 (Neighborhood Commercial Revitalization (NCR) program round 2 funding for facade/exterior/roof/HVAC/sprinkler/electrical/plumbing)",completed,2024-05-06,30.0,851724.0,1502320.0,1246907.0,,,221600.0,1924.0,DES MOINES OAK PARK-HIGHLAND PARK UR,1.0,4.0,Oak Park-Highland Park Urban Renewal Area,22-0963,approve development agreement,2022-06-13,,,,medium,multi_meeting_project,2021-06-28: other [21-0990] (approved) | 2022-05-09: resolution of intent [22-0701] (approved) | 2022-06-13: approve development agreement [22-0963],2022-06-13,2022-06-13,https://councildocs.dsm.city/communications/2022/22-274.pdf,1,"capped at $540,000 on a net-present-value (NPV) basis at a 4.5% discount rate"
"HOA EVMF, LLC",317 East 6th Street mixed-use apartments,Mixed-use,317 East 6th Street,2300000.0,unverified (no NPV stated in source),,10.8,"capped $2.3M NPV at 4.5% project-generated increment; 100% yrs 9-10, 90% yrs 11-14, 85% yrs 15-17, 75% yrs 18-20; 12.10% of financing",21260000.0,tax abatement (developer intends to file for 10-year declining residential tax abatement),completed,2024-07-15,30.0,4824132.0,11781828.0,9188704.0,,,24000000.0,2023.0,DES MOINES METRO CENTER MERGED UR,11.0,110.0,Metro Center Urban Renewal Area,22-0902,approve development agreement,2022-06-13,approved,6-1,,high,multi_meeting_project,2021-12-20: resolution of intent [21-1925] (approved) | 2022-06-13: approve development agreement [22-0902] (approved),2022-06-13,2022-06-13,https://councildocs.dsm.city/communications/2022/22-275.pdf,1,capped tax increment financing (TIF) maximum value of $2.3 million
"Swaps Cash, LLC",,Other,,,,,,,,,approved,,,,,,,,,,,,,,22-0903,other,2022-06-13,approved,6-1,,low,,2022-06-13: other [22-0903] (approved),,,https://councildocs.dsm.city/agendas/ag20220613.pdf,8,"Termination of Urban Renewal Development Agreement with Swaps Cash, LLC"
,,Residential,,,,,,local matches for several projects provided from previously-approved TIF economic development grants (see other_incentives),,"other $800,000 (Wade Investments, LLC WHTC (state) benefit; local match ~$435,000 via tax abatement; $8,000,000 project, 15 units, 1613 High Street); other $1,000,000 (Hoyt Investments, LLC WHTC benefit; local match ~$1,892,000 via tax abatement; $10,450,000 project, 47 units, 610 16th Street); other $1,000,000 (13th & Mulberry Multifamily, LLC WHTC benefit; local match ~$4.1M via TIF economic development grant; $19,000,320 project, 78 units); other $1,000,000 (1200 Keo Way, LLC WHTC benefit; local match ~$495,000 via tax abatement; $13,868,733 project, 36 units); other $486,000 (Neighborhood Development Corporation WHTC benefit; local match ~$670,000 via tax abatement; $7,275,000 project, 24 units, 2211 University Avenue); other $1,000,000 (Park Indy, LLC WHTC benefit; local match ~$1,012,500 via tax abatement; $10,267,141 project, 40 units, 3140 Indianola Avenue); other $1,000,000 (SW9 215, LLC WHTC benefit; local match ~$1,800,000 via tax abatement; $12,000,000 project, 51 units, 215 SW 9th Street); other $266,320 (Hubbell Realty WHTC benefit; local match ~$280,000 via tax abatement; $2,663,200 project, 10 units); other $60,000 (Conlin Development Group WHTC benefit; local match ~$150,000 via tax abatement; $914,399 project, 4 units, 826 18th Street); other $225,000 (Euclid Avenue Rowhomes, LLC WHTC benefit; local match ~$273,800 via tax abatement; $2,600,000 project, 17 units, 216 Euclid Avenue); other $1,000,000 (EV Mixed Use, LLC WHTC benefit; local match ~$2,808,842 tax abatement + $2,041,945 TIF economic development grant; $29,931,758 project, 132 units, 418 E. Grand Avenue); other $1,000,000 (300 MLK Lofts Partners, LLC WHTC benefit; local match ~$2,500,000 via tax abatement; $19,000,000 project, 78 units, 300 MLK Jr. Blvd); other $300,000 (Star Apartments, LLC WHTC benefit; local match ~$540,000 via tax abatement; $4,040,131 project, 20 units, 2701 Ingersoll Avenue); other $1,000,000 (216 E. Court, LLC WHTC benefit; local match ~$2,616,000 via tax abatement; $12,421,742 project, 64 units, 216 E. Court Avenue); other $855,270 (Christensen Development 1, LLC WHTC benefit; local match ~$1,813,630 via tax abatement; $8,810,345 project, 46 units, 509 SE 6th Street)",approved,,,,,,,,,,,,,,22-0906 to 22-0920,other,2022-06-13,approved,6-1,,medium,,2022-06-13: other [22-0906 to 22-0920] (approved),,,https://councildocs.dsm.city/communications/2022/22-262.pdf,1,"Workforce Housing Tax Credit benefits estimated at $10,542,590"
"201, LLC; MCP Subsidiary #1, LLC",,Other,201 East 2nd Street,,,,,,,,approved,,,,,,2283766.0,201 LLC,,,,,,,22-0612,other,2022-04-18,approved,7-0,,low,,2022-04-18: other [22-0612] (approved),,,https://councildocs.dsm.city/agendas/ag20220418.pdf,6,"Assignment of Development Agreement between 201, LLC and MCP Subsidiary #1, LLC"
"Ballyard Lofts; MCP Subsidiary #2, LLC",Ballyard Lofts,Residential,350 SW 2nd Street,,,,,,,,approved,,,,,,,,6860000.0,2013.0,DES MOINES METRO CENTER MERGED UR,,,,22-0613,other,2022-04-18,approved,7-0,,low,,2022-04-18: other [22-0613] (approved),,,https://councildocs.dsm.city/agendas/ag20220418.pdf,6,Assignment of Development Agreement between Ballyard Lofts and MCP Subsidiary #2
Meridian at Gray's Landing LLC and River Point West LLC,The Meridian,Residential,northeast corner of SW 11th Street and Murphy Street,641456.0,NPV (confirmed),,,"percentage of project-generated TIF per Parcel Development Agreement; $641,456 NPV over 3 years; within $2.8M Gray's Landing master cap through June 30, 2036",,"tax abatement (10 years residential tax abatement, declining: 8 years 100%, then 60%, 40%)",approved,,,,,,,,,,,,174.0,Gray's Landing,22-0614,approve development agreement,2022-04-18,approved,7-0,,medium,,2022-04-18: approve development agreement [22-0614] (approved),2022-04-18,,https://councildocs.dsm.city/communications/2022/22-187.pdf,2,"allocated $641,456 (NPV) of project-generated TIF for this project"
"NMDP Holdings, LLC (Adam Petersen, President)",Industrial precast production plant expansion,Industrial / warehouse,3312 East Granger Avenue,275000.0,unverified (no NPV stated in source),,6.5,"Economic development grant up to $275,000 cash reimbursing fire suppression sprinkler system, reimbursed by SE Agribusiness TIF; paid on certificate of completion",4250000.0,"economic development grant $275,000 (Reimbursement for fire suppression sprinkler system; same $275,000 as tif.amount_usd (TIF-reimbursed grant, not additive))",approved,,30.0,275000.0,8456507.0,3044986.0,2589517.0,PDM PRECAST INC,8410000.0,2005.0,DES MOINES SE AGRI BUSINESS PARK UR,,,SE Agribusiness,22-0338,approve development agreement,2022-03-07,approved,7-0,,high,counterparty_changed_across_actions;multi_meeting_project,2021-10-18: resolution of intent [21-1564] (approved) | 2022-03-07: approve development agreement [22-0338] (approved),2022-03-07,2022-03-07,https://councildocs.dsm.city/communications/2022/22-106.pdf,1,"tax-increment financing incentives of up to $275,000 on a cash basis"
"Merge, LLC (Merge Urban Development; Brent Dahlstrom)",Merge/Drake University mixed-use development (Phase 1),Mixed-use,southeast corner of 25th Street and Carpenter Avenue,3567968.0,NPV (corrected from cash),5069527.0,16.2,"90% of project-generated tax increment (exclusive of land) for 15 years; est. $5,069,527 cash / $3,567,968 NPV at 4.5%; ~14.01% of total project costs",22000000.0,,approved,,,,,,,,,,,24.0,120.0,Carpenter,22-0337,approve development agreement,2022-03-07,approved,7-0,,high,counterparty_changed_across_actions;multi_meeting_project,2021-12-20: resolution of intent [21-1937] (approved) | 2022-03-07: approve development agreement [22-0337] (approved),2022-03-07,2022-03-07,https://councildocs.dsm.city/communications/2022/22-105.pdf,1,"90% of project-generated tax increment ... approximately $5,069,527 ($3,567,968 net present value"
"Bronson Partners, LLC (Tim Rypma)",1417 Walnut Street mixed-use (renovation),Mixed-use,1417 Walnut Street,,,,,Amendment limits remaining TIF incentives to the commercial portion only; adds language allowing sale/conversion of upper-story rental units to owner-occupied condominiums; no financial change,,,approved,,,,,,150710.0,Bronson Partners,3890600.0,2015.0,DES MOINES METRO CENTER MERGED UR,,,,22-0335,amend agreement,2022-03-07,approved,7-0,,high,,2022-03-07: amend agreement [22-0335] (approved),,,https://councildocs.dsm.city/communications/2022/22-080.pdf,1,limiting all remaining tax increment financing incentives to the commercial portion of the project only
"Macerich Southridge Mall, LLC and The Macerich Partnership, LP; Genesis Health Clubs Sports Complex S.E. LLC (Rodney Steven II)",Southridge Mall Genesis Health Club and Multi-Sports Facility,Retail / restaurant,1111 East Army Post Road,9600000.0,NPV (confirmed),,58.2,No change to previously approved TIF financial assistance; previously approved TIF incentives assigned from Macerich to Genesis via Assignment and Assumption,16500000.0,,approved,,30.0,15499986.0,1985630.0,618886.0,2659064.0,The Macerich Partnership LP,11510000.0,1975.0,DES MOINES SOUTHSIDE ECONOMIC DEVELOPMENT UR,,,Southside,21-1956,amend agreement,2021-12-20,approved,7-0,,medium,multi_meeting_project,2020-08-17: amend agreement [20-1334] (approved) | 2021-12-20: amend agreement [21-1956] (approved),2020-08-17,2020-08-17,https://councildocs.dsm.city/communications/2021/21-562.pdf,2,"increases the total amount of scholarships and subsidies ... $3,075,000"
Landus Cooperative,Landus headquarters and innovation center relocation,Office,220 SW 9th Street,,,,,"$250,000 forgivable loan; Year 1 advanced from Economic Development Enterprise Fund reimbursed by Metro Center tax increment, Years 2-5 paid with Metro Center TIF",,"forgivable loan $250,000 ($50,000 in each of 5 annual installments over the first 5 years of a 10-year lease; forgiven based on meeting/exceeding 1,000 hotel room stays per year)",approved,,,,,,50000.0,Landus Cooperative,13900000.0,2020.0,DES MOINES METRO CENTER MERGED UR,,,Metro Center,21-1927,approve development agreement,2021-12-20,approved,7-0,,high,multi_meeting_project,2021-11-15: resolution of intent [21-1730] (approved) | 2021-12-20: approve development agreement [21-1927] (approved),,,https://councildocs.dsm.city/communications/2021/21-575.pdf,1,"$250,000 forgivable loan, to be paid in five (5) annual installments of $50,000"
Greater Des Moines Botanical Garden (GDMBG),Botanical Center (corrected Third Amendment and Restated UR Development Agreement),Other,,,,,,"Economic development grants funded by Metro Center tax increment; existing $2M (2013) extended and additional $2.5M added; total EDG $2.9M payable in 18 semi-annual installments through June 1, 2030, tied to GDMBG qualifying investment",,,approved,,,,,,,,,,,,,Metro Center,21-1826,amend agreement,2021-12-06,approved,7-0,,low,figure_not_in_source;multi_meeting_project,2021-11-15: amend agreement [21-1755] (approved) | 2021-12-06: amend agreement [21-1826] (approved),,,https://councildocs.dsm.city/minutes/as20211206.pdf,8,corrected Third Amendment and Restated Urban Renewal Development Agreement with the Greater Des Moines Botanical Garden
Slate at Gray's Landing LLC (Sherman Associates),The Slate,Residential,southwest corner of SW 11th Street and Tuttle Street,,,,,"After 10 years of tax abatement, project receives a percentage of TIF back (percentage per Parcel Development Agreement); payments Dec 2032-June 2036; $2.8M TIF cap under Master Development Agreement through 6/30/2036",30000000.0,tax abatement (10-year tax abatement before TIF rebate begins),approved,,,,,,,,,,,,129.0,Gray's Landing Development Area,21-1420,approve development agreement,2021-09-13,approved,6-1,,medium,figure_not_in_source;multi_meeting_project,2021-09-13: approve development agreement [21-1420] (approved) | 2023-09-11: amend agreement [23-1258] (approved),,2021-09-13,https://councildocs.dsm.city/communications/2021/21-394.pdf,2,The Slate will be receiving a percentage of TIF back
"Bell Avenue Properties, Inc. (Thomas Koehn, President)",Waldinger Corporation headquarters,Office,6200 Scout Trail,,,,,"$40,000 grant initially from Economic Development Enterprise Account, reimbursed from Southwest Gateway TIF District cash revenues",,"economic development grant $40,000 (Supplemental economic development grant to cost-share water pressure booster/fire pump remedy (total remedy cost >$120,000))",approved,,,,,,40000.0,"Bell Ave Properties, Inc",25200000.0,2019.0,DES MOINES SOUTHWEST GATEWAY UR,,,Southwest Gateway Urban Renewal Area,21-1333,amend agreement,2021-08-23,approved,7-0,,high,,2021-08-23: amend agreement [21-1333] (approved),,,https://councildocs.dsm.city/communications/2021/21-373.pdf,2,"Payment of a $40,000 supplemental economic development grant"
"TB, LC",Thomas Beck Brownstones Project,Residential,1328 Thomas Beck Road,,,,,,8800000.0,"other $660,000 (Estimated Workforce Housing Tax Credit (WHTC) state benefit); tax abatement $1,051,380 (Local match provided from tax abatement)",approved,,,,,,,,,,,,44.0,,21-1129,other,2021-07-19,approved,7-0,,high,,2021-07-19: other [21-1129] (approved),,2021-07-19,https://councildocs.dsm.city/communications/2021/21-338.pdf,2,"TB, LC - $660,000 estimated WHTC benefit"
"ILEX Group, Inc. and JE Northridge 2021, LLC (Ben Schultes)","Two spec warehouse buildings (Buildings B and C, Northridge site)",Industrial / warehouse,Vicinity of 4600 NE 14th Street,4300997.0,NPV (as extracted; CC NPV differs),,14.8,100% project-generated TIF on building valuations (exclusive of land) for 5 years after a 10-year graduated commercial tax abatement; est. $4.3M cash / $3.1M NPV; capped at $3.1M NPV,29000000.0,tax abatement (10-year graduated commercial tax abatement),approved,,30.0,4300997.0,34585064.0,32027726.0,,,,,,,,Northeast Gateway 1 Urban Renewal Area,21-0983,approve development agreement,2021-06-28,approved,7-0,,high,counterparty_changed_across_actions;multi_meeting_project,2021-04-05: resolution of intent [21-0544] (approved) | 2021-06-28: approve development agreement [21-0983] (approved),2021-06-28,2021-06-28,https://councildocs.dsm.city/communications/2021/21-290.pdf,1,total Tax Increment Finance (TIF) assistance is estimated at $4.3 million
"Urban Campus Apartments L.L.L.P. (Jack Hatch, Michael Kiernan)",Sixth Avenue Flats (42-unit multi-family),Residential,1230 6th Avenue,,,,,"Forgivable loan sized as equivalent to 100% of project-generated TIF in years 9-15, NPV at 4.5%",9200000.0,"forgivable loan $164,000 ($164,000 forgivable loan, equivalent to 100% of project-generated TIF years 9-15 (NPV at 4.5%); issued at certificate of completion); tax abatement (Eligible for multi-family residential tax abatement schedule 4D; local WHTC match); other $220,000 (Support for Workforce Housing Tax Credit application to IEDA, est. $220,000 benefit (CC 21-306, roll call 21-0982))",approved,,30.0,164000.0,1187103.0,1044490.0,164000.0,Urban Campus Aprartments LLP,776800.0,2021.0,DES MOINES METRO CENTER MERGED UR,,42.0,Metro Center Urban Renewal Area,21-0981,approve development agreement,2021-06-28,approved,7-0,,high,multi_meeting_project,2021-05-10: resolution of intent [21-0703] (approved) | 2021-06-28: approve development agreement [21-0981] (approved),,2021-06-28,https://councildocs.dsm.city/communications/2021/21-285.pdf,1,"forgivable loan in the amount of $164,000, which is equivalent to 100%"
"SW9 215, LLC (Kris Saddoris, Hubbell Realty Company)","215 SW 9th (5-story, 66-unit multi-family)",Residential,215 SW 9th Street,1100000.0,NPV (corrected from cash),2014435.0,8.5,"Declining-scale project-generated TIF over ~8 years: 100% years 9-13, 95% year 14, 90% years 15-16; est. $2M cash; capped at $1.1M NPV at 4.5%",12960000.0,"forgivable loan $170,000 (Economic development forgivable loan of $170,000 (value of site portion without federal encumbrance)); tax abatement (10-year declining residential tax abatement (100% yrs 1-8, 60% yr 9, 40% yr 10); local WHTC match est. $1,892,000); other $1,000,000 (Support for Workforce Housing Tax Credit application to IEDA, est. $1,000,000 benefit (CC 21-306, roll call 21-0979)); land conveyance (Developer purchases portion of City-owned property at $16.07/sq ft; land sale proceeds $480,000 to reimburse SE Connector Project)",approved,,30.0,2014435.0,7220226.0,7220226.0,,,0.0,,,7.0,66.0,Metro Center Urban Renewal Area,21-0978,resolution of intent,2021-06-28,approved,7-0,,medium,,2021-06-28: resolution of intent [21-0978] (approved),2021-06-28,2021-06-28,https://councildocs.dsm.city/communications/2021/21-304.pdf,1,total amount of TIF assistance is estimated at $2 million on a cash basis
"Merle Hay Investors, LLC and Merle Hay Anchors, LLC (Elizabeth Holland)",Merle Hay Mall Phase 2 redevelopment (Kohl's / Flix),Retail / restaurant,"Merle Hay Mall, Merle Hay Road and Douglas Avenue",400000.0,unverified (no NPV stated in source),,,"Adds two additional $200,000 TIF payments (due Nov 1, 2030 and May 1, 2031) to the Phase 2 agreement; up to $400,000/yr max from Merle Hay TIF; subject to increment availability",,,approved,,,,,,4105853.0,Merle Hay Mall,,,,,,Merle Hay Mall (Commercial) Urban Renewal Area,21-0984,amend agreement,2021-06-28,approved,7-0,,high,,2021-06-28: amend agreement [21-0984] (approved),2021-06-28,,https://councildocs.dsm.city/communications/2021/21-284.pdf,1,"two (2) additional payments of $200,000 each be approved"
"Merge, LLC / Merge Urban Development Group (Brent Dahlstrom)",Dogtown Mixed Use Project (120-unit multi-family),TIF district / UR plan,25th Street and Carpenter Avenue,,,,,No Urban Renewal Area or TIF District exists in this location,20000000.0,"grant $120,000 (Contingent use of $120,000 from Economic Development Enterprise Fund as WHTC local match ($1,000/unit), paid after completion; contingent on WHTC award and no URA/TIF/dev agreement being created); other $1,000,000 (Support for Workforce Housing Tax Credit application to IEDA, est. $1,000,000 benefit (CC 21-306, roll call 21-0987))",approved,,,,,,,,,,,,120.0,Carpenter,21-0986,other,2021-06-28,approved,7-0,,medium,multi_meeting_project,2021-06-28: other [21-0986] (approved) | 2022-02-07: ordinance [22-0194] (approved),,2021-06-28,https://councildocs.dsm.city/communications/2021/21-282.pdf,1,"contingent use of $120,000 from the Economic Development Enterprise Fund"
"DEV Partners c/o HOM Investments 6, LLC",Concord Project,Residential,732 and 740 18th Street,,,,,,1500000.0,"other $150,000 (Estimated Workforce Housing Tax Credit (WHTC) state benefit); tax abatement $106,260 (Local match provided from tax abatement)",approved,,,,,,,,1090000.0,2000.0,,,43.0,,21-0988,other,2021-06-28,approved,7-0,,high,,2021-06-28: other [21-0988] (approved),,2021-06-28,https://councildocs.dsm.city/communications/2021/21-306.pdf,2,"DEV Partners c/o HOM Investments 6, LLC - $150,000 estimated WHTC benefit"
"Hilltop Housing, LLC (J.B. Conlin, Conlin Properties)",Hilltop III Apartments (42-unit family) and Hilltop IV Senior Housing (42-unit senior),Residential,Vicinity of 3600 Hubbell Avenue,641011.0,NPV (corrected from cash),816315.0,3.7,"6-year, 100% project-generated TIF economic development grant; $641,011 NPV at 4.5%; 3.7% of project costs; cumulative across both phases",17100000.0,,approved,,30.0,816315.0,4770118.0,4020856.0,,,,,,,84.0,Hilltop Urban Renewal Area,21-0624,approve development agreement,2021-04-19,approved,7-0,,high,multi_meeting_project,2021-02-22: resolution of intent [21-0277] (approved) | 2021-04-19: approve development agreement [21-0624] (approved) | 2024-02-05: amend agreement [24-0187] (approved) | 2025-02-10: amend agreement [25-0190] (approved),2021-04-19,2021-04-19,https://councildocs.dsm.city/communications/2021/21-189.pdf,1,"6-year, 100% project-generated tax increment financing (TIF) economic development grant"
"Stapek Partners, LLC (Tim Rypma)",Historic renovation of 112 SE 4th Street (Central Oil Works / Garden Nightclub),Mixed-use,112 SE 4th Street,541707.0,NPV (corrected from cash),847487.0,8.6,"~$847,487 project-generated TIF on a cash basis; $541,707 NPV at 4.5%; 95% years 1-10, 85% years 11-15",6300000.0,"tax abatement $121,073 (10-year declining residential tax abatement on third-story units, estimated abated value $121,073); other (Seeking State and Federal Historic Tax Credits)",completed,2022-01-10,30.0,847487.0,2159272.0,1663621.0,,,,,,1.0,4.0,Metro Center Urban Renewal Area,21-0543,approve development agreement,2021-04-05,approved,7-0,,high,multi_meeting_project,2021-02-08: resolution of intent [21-0202] (approved) | 2021-04-05: approve development agreement [21-0543] (approved) | 2024-12-23: amend agreement [24-1730] (approved),2021-04-05,2021-04-05,https://councildocs.dsm.city/communications/2021/21-155.pdf,1,"$847,487 in project generated tax increment on a cash basis"
,Second Amendment to 38th and Grand Urban Renewal Plan (TIF District No. 2),TIF district / UR plan,38th and Grand Urban Renewal Area,,,,,Adds 38th and Grand TIF District No. 2; no direct fiscal impact from amendment,,,approved,,,,,,,,,,,,56.0,38th and Grand Urban Renewal Area,21-0574,ordinance,2021-04-05,approved,7-0,,medium,multi_meeting_project,2020-11-09: other [20-1839] (approved) | 2021-04-05: ordinance [21-0574] (approved),,,https://councildocs.dsm.city/communications/2021/21-147.pdf,1,no direct fiscal impact associated with the approval of the 2nd Amendment
"McKinley Manor, LLC (d/b/a Percy's Landing Senior, LP; JB Conlin, Conlin Properties)",Percy's Landing (senior housing conversion of former Percy Hoak Elementary),Residential,1801 McKinley Avenue,377588.0,NPV (corrected from cash),507940.0,8.4,"Cumulative economic development grants: $180,000 non-project-generated ($30,000/yr x 6 yrs from Fleur Drive Commercial TIF District) + $327,940 project-generated (10-yr, 100%); $507,940 cash / $377,588 NPV at 4.5%; 8.4% of project costs",4500000.0,,approved,,30.0,507940.0,1323226.0,717339.0,,,532100.0,1960.0,DES MOINES FLEUR DRIVE COMMERCIAL UR,,20.0,Fleur Drive Commercial Urban Renewal Area,21-0542,approve development agreement,2021-04-05,approved,7-0,,high,,2021-04-05: approve development agreement [21-0542] (approved),2021-04-05,2021-04-05,https://councildocs.dsm.city/communications/2021/21-167.pdf,1,"estimated cumulative value of the assistance is $507,940 on a cash value basis"
,"First Amendment to Oak Park-Highland Park Urban Renewal Plan (TIF Districts 1, 2, 3)",TIF district / UR plan,Oak Park-Highland Park Urban Renewal Area,,,,,"Creates TIF District Nos. 1, 2, and 3; no direct fiscal impact from amendment",,,approved,,,,,,,,,,,,,Oak Park-Highland Park Urban Renewal Area,21-0567,ordinance,2021-04-05,approved,7-0,,medium,,2021-04-05: ordinance [21-0567] (approved),,,https://councildocs.dsm.city/communications/2021/21-146.pdf,1,no direct fiscal impact associated with the approval of the 1st Amendment
,Hilltop Urban Renewal Plan and TIF District,TIF district / UR plan,3500-3600 block of Hubbell Avenue at E. Douglas Avenue and Kennedy Drive,,,,,Creates TIF district; 20-year duration under Iowa law; no direct fiscal impact from plan adoption,,,approved,,,,,,,,,,,,84.0,Hilltop Urban Renewal Area,21-0496,ordinance,2021-03-22,approved,7-0,,medium,,2021-03-22: ordinance [21-0496] (approved),,,https://councildocs.dsm.city/communications/2021/21-145.pdf,1,no direct fiscal impact associated with the approval of the Hilltop Urban Renewal Plan
"3523 6th Avenue, LLC (Joe Cordaro, Randy Reichardt)",Commercial renovation of 3523 6th Avenue (former Euclid Avenue State Bank),Mixed-use,3523 6th Avenue,347170.0,NPV (corrected from cash),534012.0,19.7,"~$534,012 project-generated TIF on a cash basis; $347,170 NPV at 4.5%; 90% years 1-5, 85% years 6-10, 80% years 11-15",1760000.0,tax abatement (Eligible for commercial tax abatement but requesting TIF in lieu); grant (Invest DSM preliminary commitment of grant and loan funds); other (Seeking Federal and State Historic Tax Credits),completed,2022-12-12,30.0,534012.0,1469098.0,1249378.0,161018.0,206 6th Avenue LLC,1106000.0,1990.0,DES MOINES OAK PARK-HIGHLAND PARK UR,,,Oak Park-Highland Park Urban Renewal Area,21-0380,approve development agreement,2021-03-08,approved,6-1,,high,figure_not_in_source;multi_meeting_project,2021-01-25: resolution of intent [21-0106] (approved) | 2021-01-25: resolution of intent [21-0107] (approved) | 2021-03-08: approve development agreement [21-0380] (approved) | 2021-03-08: approve development agreement [21-0381] (approved) | 2021-06-14: amend agreement [21-0877] (approved) | 2021-06-16: amend agreement [43] | 2021-07-19: other [21-1130] (approved),2021-03-08,2021-03-08,https://councildocs.dsm.city/communications/2021/21-119.pdf,1,"$534,012 in project-generated tax increment on a cash basis"
"Tree House Partners, LLC (Tim Rypma, Paul Cownie, Jeremy Cortright)",Historic renovation of three apartment buildings at 2315 Grand Avenue,Residential,2315 Grand Avenue,200000.0,NPV (corrected from cash),2400000.0,1.2,"$2,400,000 TIF ($200,000 annually) on a cash basis; $1,877,015 NPV at 4% discount rate; paid years 1-12",16900000.0,"tax abatement (10-year, 100% residential rehabilitation tax abatement schedule); other (Seeking State and Federal Historic Tax Credits)",completed,2023-04-10,30.0,2400000.0,6327605.0,3842906.0,,,6450000.0,2005.0,DES MOINES INGERSOLL-GRAND COMMERCIAL UR,19.0,93.0,Ingersoll Grand Commercial Urban Renewal Area,21-0278,approve development agreement,2021-02-22,approved,7-0,,high,multi_meeting_project,2020-12-07: resolution of intent [20-2014] | 2021-01-11: resolution of intent [21-0023] (approved) | 2021-02-22: approve development agreement [21-0278] (approved) | 2021-06-28: other [21-0989] (approved),2021-02-22,2021-02-22,https://councildocs.dsm.city/communications/2021/21-086.pdf,1,"$2,400,000 in tax-increment financing incentives ($200,000 annually)"
"3801 Grand Associates, L.P. (owner) and Newbury Management Company d/b/a Newbury Living (Frank Levy, President)",New 56-unit multi-residential apartment building,Residential,3705-3707 Grand Avenue,3300000.0,NPV (corrected from cash),4700000.0,9.9,Economic development grant paid with building TIF (exclusive of land); 100% of project-generated building TIF years 1-11; ~$4.7M cash ($3.3M NPV at 4.5%),33500000.0,,approved,,30.0,4711834.0,12688678.0,12580571.0,,,17300000.0,2022.0,DES MOINES 38TH AND GRAND UR,3.0,56.0,38th and Grand Urban Renewal Area TIF District No. 2,21-0203,approve development agreement,2021-02-08,approved,7-0,,high,multi_meeting_project,2020-10-19: resolution of intent [20-1663] (approved) | 2021-02-08: approve development agreement [21-0203] (approved),2021-02-08,2021-02-08,https://councildocs.dsm.city/communications/2021/21-059.pdf,1,approximately $4.7 million on a cash basis ($3.3 million on a net present value
"Krause+ (Gerard Haberman, President)",Capital City Reinvestment District / Krause+ Stadium and Western Gateway master planned redevelopment,Residential,"Approx. 60 acres south of Martin Luther King Jr. Parkway east of the Raccoon River; approx. 6 acres in Western Gateway between High St and Grand Ave, 15th-17th Streets",,,,,"Project-generated tax increment on building valuations, exclusive of land, at 90% for 20 years; cap reflecting the financing gap to be set in final agreement",550000000.0,"land conveyance (Sale and/or lease of City-owned parcels (1.27-acre north of Dico site, 1.43-acre Western Gateway, plus adjacent right-of-way) to Krause+)",approved,,,,,,,,,,,,,Metro Center Urban Renewal Area,21-0219,resolution of intent,2021-02-08,approved,7-0,,medium,figure_not_in_source,2021-02-08: resolution of intent [21-0219] (approved),,2021-02-08,https://councildocs.dsm.city/communications/2021/21-062.pdf,1,"tax increment on the building valuations, exclusive of land at 90% for 20 years"
"FW Rehab, LLC (Abbey Gilroy, Executive Director)",Renovation of 3610 6th Avenue into mixed-use residential and commercial (home to Chuck's Restaurant),Mixed-use,3610 6th Avenue,113915.0,NPV (corrected from cash),166720.0,9.2,"Economic development grant from building TIF (exclusive of land); ~$166,720 cash ($113,915 NPV at 4.5%)",1240000.0,tax abatement (Eligible for declining commercial tax abatement),completed,2021-12-20,30.0,166720.0,877459.0,600528.0,4221.0,FW Rehab LLC,1036000.0,1995.0,DES MOINES OAK PARK-HIGHLAND PARK UR,1.0,4.0,Oak Park-Highland Park Urban Renewal Area,21-0109,approve development agreement,2021-01-25,approved,7-0,,high,figure_not_in_source;multi_meeting_project,2020-11-23: resolution of intent [20-1884] (approved) | 2021-01-25: approve development agreement [21-0109] (approved) | 2025-10-20: amend agreement [25-1411] (approved),2021-01-25,2021-01-25,https://councildocs.dsm.city/communications/2021/21-044.pdf,1,"approximately $166,720 on a cash basis ($113,915 on a net-present-value"
"13th & Mulberry, LLC and 13th and Mulberry Multifamily, LLC (Josh Aberson, Byron Schafersman, Tim Rypma)",Historic renovation of 213 13th Street and new 5-story mixed-use building (two phases),Mixed-use,213 13th Street and adjacent lot northwest of 13th and Mulberry,3600000.0,NPV (confirmed),,15.9,"Economic development grant, 15-yr declining, per phase. Phase 1: 95% yr1-5/85% yr6-10/80% yr11-15, ~$1.1M cash ($703K NPV). Phase 2: 100% yr1-10/75% yr11-15, ~$4.1M cash ($2.7M NPV)",22700000.0,,completed,2022-06-27,30.0,5153359.0,10788726.0,8933928.0,,,3957000.0,1990.0,DES MOINES METRO CENTER MERGED UR,,80.0,Metro Center Urban Renewal Area,20-2118,approve development agreement,2020-12-21,approved,7-0,,high,counterparty_changed_across_actions;multi_meeting_project,2020-10-19: resolution of intent [20-1664] (approved) | 2020-12-21: approve development agreement [20-2118] (approved) | 2022-10-24: amend agreement [22-1646] (approved) | 2024-10-21: other [24-1449] (approved),2022-10-24,2022-10-24,https://councildocs.dsm.city/communications/2020/20-564.pdf,1,first phase incentive is approximately $1.1 million on a cash basis
"217 E Second LC (Jake Christensen, Christensen Development)",Renovation of 217 East 2nd Street (Globe Hoist building) for commercial and office uses,Office,217 East 2nd Street,1075000.0,NPV (corrected from cash),1500000.0,12.5,"Project-generated tax increment; 95% yr1-5, 85% yr6-10, 75% yr11-15; ~$1.5M cash (capped at $1,075,000 NPV at 4.5%)",8600000.0,,approved,,30.0,1512186.0,4579666.0,4579666.0,,,3890000.0,2010.0,DES MOINES METRO CENTER MERGED UR,,,Metro Center Urban Renewal Area,20-2117,approve development agreement,2020-12-21,approved,7-0,,high,multi_meeting_project,2020-09-14: resolution of intent [20-1455] (approved) | 2020-12-21: approve development agreement [20-2117] (approved) | 2023-05-22: amend agreement [23-0729] (approved),2020-12-21,2020-12-21,https://councildocs.dsm.city/communications/2020/20-563.pdf,1,approximately $1.5 million in project generated tax increment on a cash basis
"Spot 515, LLC (Randy Reichardt, Owner)",Renovation of 515 28th Street commercial building (Iowa Lithographing Company building),Other,515 28th Street,634000.0,NPV (corrected from cash),887000.0,27.6,"Project-generated tax increment; 95% yr1-5, 85% yr6-9, 75% yr10-13; ~$887,000 cash ($634,000 NPV at 4.5%)",2300000.0,,completed,2022-12-12,30.0,887105.0,2511937.0,2246610.0,58997.0,Spot 515 LLC,2410000.0,2010.0,DES MOINES INGERSOLL-GRAND COMMERCIAL UR,,,Ingersoll Grand Commercial Urban Renewal Area,20-2116,approve development agreement,2020-12-21,approved,7-0,,high,multi_meeting_project,2020-10-05: resolution of intent [20-1574] (approved) | 2020-12-21: approve development agreement [20-2116] (approved),2020-12-21,2020-12-21,https://councildocs.dsm.city/communications/2020/20-565.pdf,1,"approximately $887,000 in project generated tax increment on a cash basis"
"Electro Management Corp. and Electrical Power Products, Inc. (d/b/a EP2, Britt Baker, CEO)","EP2 60,000 sq-ft warehouse addition to existing production facility",Industrial / warehouse,4240 Army Post Road,1016267.0,NPV (confirmed),,17.2,"Economic development grant; 50% of increment each year until December 2035 (~12.5 yrs); est. value $1,016,267 ($723,113 NPV), 13.6% of project costs. Original agreement: 100% until $1.6M rebated then 50%, 17-yr term",5900000.0,"grant $244,467 (IEDA State of Iowa Business Financial Assistance (state, not city): $135,978 sales/use tax refund + $108,669 state investment tax credits; 2 new HQJ jobs)",approved,,20.0,1016267.0,2655755.0,1149471.0,2442605.0,Electro Management,29139890.0,2017.0,DES MOINES SW 42ND & ARMY POST UR,,,SW 42nd and Army Post Urban Renewal Area,20-1882,amend agreement,2020-11-23,approved,7-0,,high,multi_meeting_project,2016-08-08: other [16-1359] (approved) | 2020-11-23: amend agreement [20-1882] (approved),2020-11-23,2020-11-23,https://councildocs.dsm.city/communications/2020/20-506.pdf,1,"Estimated value is $1,016,267; net present value (NPV) = $723,113"
"Percy's Landing Senior, LP (J.B. Conlin, Conlin Properties)",Percy's Landing - 21-unit senior housing (former Percy Hoak Elementary School),Residential,1801 McKinley Avenue,402802.0,NPV (corrected from cash),518278.0,9.0,"Non-project-generated ED grant ~$30,000/yr for 6 yrs ($180,000) from Fleur Drive Commercial TIF District, plus overlapping 10-yr 100% project-generated ED grant ~$338,728; cumulative $518,278 cash ($402,802 NPV at 4.5%), 11.6% of costs",4500000.0,grant (Seeking IFA competitive 9% Housing Tax Credits (state)),approved,,30.0,518278.0,1215999.0,554125.0,,,532100.0,1960.0,DES MOINES FLEUR DRIVE COMMERCIAL UR,,21.0,Fleur Drive Commercial Urban Renewal Area,20-1885,resolution of intent,2020-11-23,approved,7-0,,high,,2020-11-23: resolution of intent [20-1885] (approved),2020-11-23,2020-11-23,https://councildocs.dsm.city/communications/2020/20-507.pdf,1,"estimated cumulative value of the assistance is $518,278 on a cash value basis"
"JR Partners, LLC (Tim Rypma, Jeremy Cortright, Paul Cownie)",Historic renovation of 401 East Court Avenue (former A&P Super Market),Commercial (MAA / abatement),401 East Court Avenue,439000.0,NPV (confirmed),,14.6,"Declining schedule of project-generated tax increment (exclusive of land), years 1-15: 90% yr1-5, 85% yr6-9, 80% yr10-12, 75% yr13-15; ~$439,000 NPV at 4.5%; 14.8% of project costs",3000000.0,,approved,,30.0,645161.0,2236540.0,1597889.0,6835.0,JR Partners LLC,,,,,,Metro Center Urban Renewal Area,20-1780,approve development agreement,2020-11-09,approved,7-0,,high,multi_meeting_project,2020-11-09: approve development agreement [20-1780] (approved) | 2026-02-09: amend agreement [26-0183] (approved),2020-11-09,2020-11-09,https://councildocs.dsm.city/communications/2020/20-487.pdf,1,"total incentive is estimated at $439,000 (net present value"
"Swaps Cash, LLC (Lincoln and Lisa McIlravy, Members)","Element Hotel by Marriott (6-story, 112-room)",Hotel,304 East Walnut Street,2000000.0,NPV (confirmed),,8.8,80% of tax increment generated by total project in years 1-10; TIF economic development grant capped at $2M on NPV basis,22700000.0,,approved,,30.0,2000000.0,14346173.0,13154633.0,,,987100.0,,DES MOINES METRO CENTER MERGED UR,,,Metro Center Urban Renewal Area,20-1453,amend agreement,2020-09-14,approved,7-0,,high,multi_meeting_project,2018-12-17: resolution of intent [18-2090] | 2019-04-08: resolution of intent [19-0557] (approved) | 2020-09-14: amend agreement [20-1453] (approved),2019-04-08,2019-04-08,https://councildocs.dsm.city/communications/2020/20-409.pdf,1,"amend the dates to commence construction ... to July 31, 2021"
"Aust Real Estate, LLC (Matt and Mindy Aust, Owners)",Ferrington Place Building historic renovation (mixed-use),Mixed-use,1201 Keosauqua Way,521159.0,NPV (corrected from cash),990119.0,8.5,"90% of project-generated tax increment from taxable building valuation increase (exclusive of land), years 1-20; est. $990,119 cash / $521,159 NPV at 4.5%; ~16.2% of total project costs",6100000.0,,completed,2023-04-24,30.0,990119.0,2213565.0,1977561.0,,,2350000.0,2000.0,DES MOINES METRO CENTER MERGED UR,,1.0,Metro Center,20-1454,approve development agreement,2020-09-14,approved,7-0,,high,multi_meeting_project,2019-12-16: resolution of intent [19-2021] (approved) | 2020-09-14: approve development agreement [20-1454] (approved),2020-09-14,2020-09-14,https://councildocs.dsm.city/communications/2020/20-388.pdf,1,"90% of the project-generated tax increment ... estimated at $990,119"
"611 Fifth Avenue, LLC",,Other,,,,,,,,,approved,,,,,,161018.0,206 6th Avenue LLC,,,,,,,20-1333,other,2020-08-17,approved,7-0,,low,,2020-08-17: other [20-1333] (approved),,,https://councildocs.dsm.city/minutes/as20200817.pdf,7,"Collateral Assignment of Urban Renewal Development Agreement with 611 Fifth Avenue, LLC"
"Reagan Partners, LLC (Tim Rypma, Paul Cownie and Jeremy Cortright)",historic renovation of three multi-family apartment buildings,Residential,2801 Grand Avenue,994627.0,NPV (corrected from cash),1395000.0,12.0,"$1,395,000 TIF cash ($994,627 NPV at 4%), paid yrs1-13 after completion",8300000.0,,completed,2021-12-06,30.0,1395000.0,3284465.0,1482071.0,50000.0,Reagan Partners,3590000.0,1990.0,DES MOINES INGERSOLL-GRAND COMMERCIAL UR,,,Ingersoll Grand Commercial Urban Renewal Area,20-1248,approve development agreement,2020-08-05,approved,6-0,Mayor Cownie abstains from voting based on an appearance of a conflict of interest,medium,figure_not_in_source;counterparty_changed_across_actions;multi_meeting_project,2020-03-23: resolution of intent [20-0532] (approved) | 2020-08-03: approve development agreement [20-1248] | 2020-08-05: approve development agreement [20-1248] (approved),2020-08-03,2020-08-03,https://councildocs.dsm.city/minutes/as20200805.pdf,9,"Urban Renewal Development Agreement with Reagan Partners, LLC"
"Lawmark, LP",Financial Center hotel conversion,Hotel,207 7th Street,7500000.0,NPV (confirmed),,12.6,"declining project TIF (building only): 90% yrs1-5, 85% yrs6-10, 75% yrs11-15; capped $7.5M NPV at 4.5%",59300000.0,,approved,,30.0,10576567.0,45903910.0,24628632.0,,,,,,,,Metro Center Urban Renewal Area,20-0915,approve development agreement,2020-06-08,approved,7-0,,high,multi_meeting_project,2020-03-23: resolution of intent [20-0554] (approved) | 2020-06-08: approve development agreement [20-0915] (approved),2020-06-08,2020-06-08,https://councildocs.dsm.city/communications/2020/20-245.pdf,1,capped at a maximum of $7.5M
Nelson Development,26th & University mixed-use building,Mixed-use,SE corner of 26th Street and University Avenue,3389419.0,NPV (as extracted; CC NPV differs),,16.1,commercial 100% TIF 15 yrs +70% yrs16-17; LMI multifamily TIF after abatement; capped $3.4M; NPV $1.96M at 4.5%,21000000.0,"tax abatement (10-year declining tax abatement for multi-family area (100% yrs1-8, 60% yr9, 40% yr10))",completed,2021-08-09,30.0,4422313.0,12988785.0,12880053.0,223091.0,Nelson Development,,,,14.0,135.0,Drake Urban Renewal Plan/TIF District,20-0757,approve development agreement,2020-05-04,approved,7-0,,high,multi_meeting_project,2018-11-19: resolution of intent [18-1938] (approved) | 2019-01-28: approve development agreement [19-0132] (approved) | 2020-02-24: resolution of intent [20-0345] (approved) | 2020-05-04: approve development agreement [20-0757] (approved),2020-05-04,2020-05-04,https://councildocs.dsm.city/communications/2020/20-199.pdf,1,"projected TIF assistance is $3,389,419, which would be capped at $3.4 million"
"Bridge District Level, LLC",Level Apartments (Bridge District),Residential,300 block of Maple Street,4800634.0,NPV (as extracted; CC NPV differs),,17.8,"$1.5M non-project Metro Center TIF yrs1-6 + $3.3M project-generated TIF yrs7-15; total $4,800,634 cash, $3,273,895 NPV at 4.5%",26900000.0,tax abatement (10-yr declining abatement for apartments; 6-yr declining abatement for rowhomes),completed,2023-08-07,30.0,5335217.0,23531325.0,22811571.0,,,,,,,139.0,Metro Center TIF,20-0533,approve development agreement,2020-03-23,approved,7-0,,high,figure_not_in_source;counterparty_changed_across_actions;multi_meeting_project,2019-12-16: resolution of intent [19-2018] (approved) | 2020-03-09: approve development agreement [20-0430] | 2020-03-23: approve development agreement [20-0533] (approved) | 2020-12-07: amend agreement [20-2015] (approved) | 2022-03-21: amend agreement [22-0425] (approved) | 2023-07-17: amend agreement [23-1011] (approved),2020-03-23,2020-03-23,https://councildocs.dsm.city/communications/2020/20-143.pdf,1,projected total amount of TIF assistance is estimated at $4.8 million
"Des Moines Cold Storage Co., Inc. and Crossroads Cold Storage, LLC",Des Moines Cold Storage warehouse addition,Industrial / warehouse,SE 43rd and Vandalia Road (3805 Vandalia Road),1687470.0,NPV (confirmed),,14.1,"75% project-generated TIF until May 1, 2034; estimated $1,687,470, NPV $1,272,331 (10.6% of cost)",12000000.0,,approved,,,,,,,,,,,,,Southeast Ag Urban Renewal Area,20-0530,amend agreement,2020-03-23,approved,7-0,,high,multi_meeting_project,2020-03-23: amend agreement [20-0530] (approved) | 2021-06-28: amend agreement [21-0985] (approved),2020-03-23,2020-03-23,https://councildocs.dsm.city/communications/2020/20-139.pdf,1,"Estimated value is $1,687,470; NPV = $1,272,331"
"111 Jefferson Ave, LLC",111 Jefferson Avenue warehouse (Commonwealth Electric),Industrial / warehouse,"111 Jefferson Avenue, Central Place Industrial Park",,,,,forgivable loan equal to land cost funded by Central Place TIF,880000.0,"forgivable loan $43,500 (forgivable loan equal to land cost ($43,500), payable upon certificate of completion; funded by Central Place TIF)",completed,2022-06-27,,,,,,,,,,,,Central Place Industrial Park Urban Renewal,20-0534,approve development agreement,2020-03-23,approved,7-0,,high,,2020-03-23: approve development agreement [20-0534] (approved),,2020-03-23,https://councildocs.dsm.city/communications/2020/20-140.pdf,1,a forgivable loan equal to the cost of the land
Street Collective f/k/a Des Moines Bicycle Collective,B-Cycle Program,Other,,,,,,,,"economic development grant $45,000 (up to $45,000 over 3 years; $12,000/yr plus optional $3,000/yr for 4+ additional stations)",approved,,,,,,,,,,,,,,20-0432,amend agreement,2020-03-09,approved,6-0,Council Member Voss abstains based on a conflict of interest,high,,2020-03-09: amend agreement [20-0432] (approved),,,https://councildocs.dsm.city/communications/2020/20-124.pdf,1,"financial assistance in the amount of up to $45,000"
"3750 Grand, LLC",3750 Grand condominiums,Residential,3750 Grand Avenue,4800000.0,NPV (confirmed),,12.8,"economic development grant of 100% project-generated TIF (building only), 10-yr term; capped $4.8M NPV at 4.5%",37400000.0,,completed,2022-12-12,30.0,6544088.0,25868159.0,25868159.0,707243.0,505 E GRAND LLC,45700.0,,,,38.0,38th and Grand Urban Renewal Area - TIF District #1,20-0346,approve development agreement,2020-02-24,approved,7-0,,high,multi_meeting_project,2019-09-23: resolution of intent [19-1502] (approved) | 2020-02-24: approve development agreement [20-0346] (approved) | 2020-07-13: amend agreement [20-1117] (approved) | 2022-05-23: amend agreement [22-0786] (approved),2020-02-24,2020-02-24,https://councildocs.dsm.city/communications/2020/20-099.pdf,1,"capped at a maximum of $4,800,000"
"611 Fifth Avenue, LLC",611 Fifth Avenue office building renovation,Office,611 5th Avenue,3800000.0,NPV (as extracted; CC NPV differs),,16.3,"90% project TIF yrs1-5, 85% yrs6-10, 75% yrs11-15; capped at $3.8M NPV at 4.5%; total assistance $4,085,346 NPV",23300000.0,,completed,2019-11-18,30.0,5598819.0,9971801.0,9067925.0,161018.0,206 6th Avenue LLC,8820000.0,1990.0,DES MOINES METRO CENTER MERGED UR,,,Metro Center Urban Renewal,20-0344,approve development agreement,2020-02-24,approved,7-0,,high,multi_meeting_project,2019-11-18: resolution of intent [19-1841] (approved) | 2020-02-24: approve development agreement [20-0344] (approved),2020-02-24,2020-02-24,https://councildocs.dsm.city/communications/2020/20-073.pdf,1,capped at a maximum of $3.8 million dollars
"Blank Park Zoo Foundation, Inc.",ZooPlex Multipurpose Event Center,Other,,,,,,,,"economic development grant $50,000 (Grant for furniture and equipment for ZooPlex Event Center; General Fund)",approved,,,,,,,,,,,,,,20-0343,other,2020-02-24,approved,7-0,,high,,2020-02-24: other [20-0343] (approved),,,https://councildocs.dsm.city/communications/2020/20-070.pdf,1,"Amount: $50,000 grant to the Blank Park Zoo"
Gray's Landing Office LLC,Gray's Landing Office,Office,Gray's Landing (3.75-acre parcel),984430.0,unverified (no NPV stated in source),,6.6,"parcel grant $984,430 (of $2.8M master allocation); each semi-annual installment equal to one-half of 45% of project incremental tax revenue, until paid in full or FY2035/36",15000000.0,,approved,,,,,,,,,,,,,Metro Center Urban Renewal Area,20-0145,amend agreement,2020-01-27,approved,7-0,,low,figure_not_in_source;multi_meeting_project,2019-12-16: amend agreement [19-2015] (approved) | 2020-01-27: amend agreement [20-0145] (approved),2019-12-16,2019-12-16,https://councildocs.dsm.city/agendas/ag20200127.pdf,5,Corrective Second Amended and Restated Parcel Development Agreement with Gray's Landing Office LLC
"Jarcor, LLC",,Other,,,,,,,,,approved,,,,,,,,,,,,,,20-0071,amend agreement,2020-01-13,approved,7-0,,low,figure_not_in_source;multi_meeting_project,2020-01-13: amend agreement [20-0071] (approved) | 2020-03-09: other [20-0431] (approved),,,https://councildocs.dsm.city/agendas/ag20200113.pdf,8,"Corrected First Amendment to Urban Renewal Development Agreement with Jarcor, LLC"
"Krause Group, LTD. f/k/a Krause Holdings, Inc. and Linden Street Investments, LLC (Kyle Krause)",Krause Group / Kum & Go corporate headquarters,Office,1459 Grand Avenue,,,,,,,,completed,2018-10-22,,,,,8866285.0,Kum & Go,81900000.0,2017.0,DES MOINES METRO CENTER MERGED UR,,,,19-2019,amend agreement,2019-12-16,approved,7-0,,medium,figure_not_in_source;multi_meeting_project,2017-08-14: amend agreement [17-1376] (approved) | 2019-12-16: amend agreement [19-2019] (approved),,,https://councildocs.dsm.city/communications/2019/19-534.pdf,1,from $100 per square foot to $300 per square foot
Des Moines Area Metropolitan Planning Organization (MPO),Des Moines Transloading facility,Industrial / warehouse,200 Southeast 15th Street,,,,,,,,completed,2025-12-22,,,,,,,,,,,,,19-2068,approve development agreement,2019-12-16,approved,6-0,Mayor Cownie abstains from voting based on an appearance of a conflict of interest (both A and B),low,figure_not_in_source;multi_meeting_project,2018-06-11: set public hearing [18-0988] (hearing set) | 2019-12-16: approve development agreement [19-2068] (approved),,,https://councildocs.dsm.city/agendas/ag20191216.pdf,12,development agreement with Des Moines Area Metropolitan Planning Organization (MPO) for the Des Moines Transloading facility
"Terrace Hill I, LLC (Jake Christensen)",Terrace Hill - 87-room hotel redevelopment,Hotel,2525 Grand Avenue and 2515 Grand Avenue,2500000.0,NPV (as extracted; CC NPV differs),,13.7,"declining schedule of project-generated TIF (building valuations exclusive of land), years 1-14: 100% yrs 1-4, 80% yrs 5-8, 75% yrs 9-14; capped $2.5M NPV at 4.5%",18200000.0,,approved,,30.0,3412850.0,11589482.0,8233046.0,,,2850000.0,1966.0,DES MOINES INGERSOLL-GRAND COMMERCIAL UR,,,Ingersoll Grand Commercial Urban Renewal Area,19-2016,approve development agreement,2019-12-16,approved,7-0,,high,multi_meeting_project,2019-09-23: resolution of intent [19-1503] (approved) | 2019-12-16: approve development agreement [19-2016] (approved) | 2022-03-07: amend agreement [22-0336] (approved) | 2023-03-06: amend agreement [23-0306] (approved),2019-12-16,2019-12-16,https://councildocs.dsm.city/communications/2019/19-546.pdf,1,capped at a maximum of $2.5 million (net present value
"Blackacre Development, LLC (subsidiary of Krause Group Real Estate) and River Point West, LLC",Gray's Landing,Mixed-use,"SW 14th Street, south of Martin Luther King Jr. Parkway",,,,,"PILOT backstops Section 108 HUD loan ($8.5M); PDA PILOT schedule totals $2,252,400",95000000.0,,approved,,,,,,,,,,,,,,19-2062,approve development agreement,2019-12-16,approved,7-0,,medium,multi_meeting_project,2019-12-16: approve development agreement [19-2062] (approved) | 2023-02-06: amend agreement [23-0166] (continued) | 2023-02-20: amend agreement [23-0230] (approved),,2019-12-16,https://councildocs.dsm.city/communications/2019/19-547.pdf,2,"$95 million Blackacre Development project, of which at least $35 million will be taxable"
"Connolly Lofts Associates, L.P. (Frank Levy, Managing Member)",Connolly Lofts,Residential,401 SE 6th Street and 400 SE 7th Street,432161.0,NPV (corrected from cash),724859.0,3.7,"declining percentage of project-generated TIF years 9-14; estimated total $724,859 cash / $432,161 NPV",11800000.0,"forgivable loan $350,000 (economic development forgivable loan paid upon closing of land sale); forgivable loan $444,366 (economic development forgivable loan including value of excess ROW vacated and conveyed); tax abatement (10-year declining tax abatement); other $200,000 (closing credit up to $200,000 for environmental remediation costs)",completed,2021-07-19,30.0,1125952.0,3068523.0,3068523.0,1984051.0,Market One LLC,9000000.0,2020.0,DES MOINES METRO CENTER MERGED UR,4.0,57.0,Metro Center Urban Renewal Area,19-1878,approve development agreement,2019-11-18,approved,7-0,,medium,counterparty_changed_across_actions;multi_meeting_project,"2017-01-09: approve development agreement [17-0067] (approved) | 2017-04-03: amend agreement [17-0588] (approved) | 2017-09-25: other [17-1657] (approved) | 2019-01-14: approve development agreement [19-0074] (approved) | 2019-02-11: amend agreement [19-0211] (approved) | 2019-10-14: set public hearing [19-1642, 19-1643] (hearing set) | 2019-11-18: approve development agreement [19-1878] (approved)",2019-11-18,2019-11-18,https://councildocs.dsm.city/communications/2019/19-496.pdf,2,"economic development forgivable loan in the amount of $350,000"
"7&Grand Ramp Developer, LLC",7th & Grand parking ramp,Other,"block bounded by Grand Avenue, High Street, 7th and 8th Streets",,,,,"underlying economic development grant payable in six semi-annual installments equal to applicable percentage of project TIF, starting Dec 1, 2019",,"economic development grant $350,000 (advance of funds not to exceed $350,000 to pay Dec 1, 2019 and May 1, 2020 installments of the TIF-based economic development grant to 7&Grand Ramp Developer, LLC; reimbursed with TIF, net $0)",approved,,,,,,428947.0,7 & Grand Ramp Developer LLC,,,,,,Metro Center Urban Renewal Area,19-1836,other,2019-11-18,approved,7-0,,medium,,2019-11-18: other [19-1836] (approved),,,https://councildocs.dsm.city/communications/2019/19-504.pdf,1,"Not to exceed, $350,000"
"River Point West LLC (George Sherman, President)",Gray's Landing,Hotel,"Gray's Landing Development, south of Martin Luther King Jr. Parkway and west of SW 9th Street",2800000.0,NPV (as extracted; CC NPV differs),,1.3,"not to exceed $2.8M via 50% of project-generated TIF from second hotel, Gray's Landing office building, both senior apartment phases, and 36% of TIF from all other projects, FY2022-FY2036 for project development costs; NPV 5.5%",215050000.0,"other $5,430,980 (TIF-funded repayment to River Point West for Section 108 loan advances, $5,430,980 NPV 5.5%, through FY2040)",approved,,,,,,,,,,,,,Metro Center Urban Renewal Area,"19-1408, 19-1409",amend agreement,2019-09-09,approved,7-0,,medium,disposition_ambiguous_withdrawn;multi_meeting_project,"2018-11-05: resolution of intent [18-1858] (approved) | 2019-01-14: amend agreement [19-0073] (approved) | 2019-09-09: amend agreement [19-1408, 19-1409] (approved)",2019-09-09,2019-09-09,https://councildocs.dsm.city/communications/2019/19-388.pdf,1,granted an amount not to exceed $2.8 million through 50%
Greater Des Moines Partnership,downtown year-around farmers market,Other,,,,,,,,economic development grant (economic development grant to Greater Des Moines Partnership to assist location/development of a downtown year-around farmers market; amount not stated),approved,,,,,,,,,,,,,,19-1411,other,2019-09-09,approved,7-0,,low,figure_not_in_source,2019-09-09: other [19-1411] (approved),,,https://councildocs.dsm.city/agendas/ag20190909.pdf,7,Economic development grant to the Greater Des Moines Partnership
"Swaps Cash, LLC",Element Hotel project,Hotel,333 East 3rd Street (formerly 304 E. Walnut Street),2000000.0,NPV (confirmed),,9.3,economic development grant capped at $2M NPV; delivered as 85% of project-generated tax increment years 1-5 and 80% years 6-10,21500000.0,,approved,,30.0,2000000.0,12197613.0,10792277.0,,,,,,,,Metro Center Urban Renewal Area,19-1347,approve development agreement,2019-08-19,,,,medium,,2019-08-19: approve development agreement [19-1347],2019-08-19,2019-08-19,https://councildocs.dsm.city/communications/2019/19-377.pdf,1,Economic Development Grant capped at a maximum total of $2 million
"Jarcor, LLC (Benchmark Real Estate Group; Joe Cordaro)",Argonne Apartments Building historic renovation,Residential,1723 Grand Avenue,984000.0,NPV (confirmed),,12.8,"100% of project-generated tax increment from taxable building valuations (exclusive of land) in years 8-20, NPV at 4.5%",7700000.0,tax abatement (10-year declining tax abatement),completed,2021-02-22,30.0,1966987.0,2669286.0,2219331.0,,,7887000.0,1995.0,DES MOINES METRO CENTER MERGED UR,,45.0,Metro Center Urban Renewal Area,19-0804,approve development agreement,2019-05-20,approved,7-0,,high,figure_not_in_source;multi_meeting_project,2019-04-22: resolution of intent [19-0641] (approved) | 2019-05-20: approve development agreement [19-0804] (approved) | 2019-08-05: other [19-1222] (approved) | 2019-12-16: amend agreement [19-2020] (approved) | 2021-03-08: other [21-0382] (approved),2019-05-20,2019-05-20,https://councildocs.dsm.city/communications/2019/19-216.pdf,1,"estimated at $984,000 (NPV at a 4.5% discount rate)"
"Bell Avenue Properties, Inc. (The Waldinger Corporation)",Waldinger Corporation Office Headquarters and Production Facility,Industrial / warehouse,4701 block of SW 63rd Street at McKinley Avenue and Veteran's Parkway,2300000.0,unverified (no NPV stated in source),,7.2,"100% of new project-generated tax increment for ~5 years, TIF economic development grant capped at $2.3M, commencing after 3-year tax abatement expires",32000000.0,"tax abatement (3-year, 100% commercial tax abatement per Third Restated Urban Revitalization Plan); forgivable loan (economic forgivable loan equal to fair market value purchase price of the vacated Southwest Connector Roadway Easement (~$170,950 per prior conveyance 18-1576/77/78))",completed,2021-01-25,20.0,2300000.0,10655040.0,10622798.0,40000.0,"Bell Ave Properties, Inc",,,,,,Southwest Gateway Urban Renewal Area,19-0480,approve development agreement,2019-03-25,approved,7-0,,high,figure_not_in_source;multi_meeting_project,2018-09-24: resolution of intent [18-1576] (approved) | 2019-03-25: approve development agreement [19-0480] (approved) | 2019-06-24: other [19-1005] (approved),2019-03-25,2019-03-25,https://councildocs.dsm.city/communications/2019/19-119.pdf,1,capped at a maximum total of $2.3 million dollars
"Merle Hay Investors, LLC",Merle Hay Mall rehabilitation & Sears site redevelopment,Retail / restaurant,"Merle Hay Mall, Merle Hay Road and Douglas Avenue",4800000.0,unverified (no NPV stated in source),,,"semi-annual installments of $200,000 (up to $400,000/year) from Merle Hay TIF District for remaining 12-year life of district; total $4.8M",,,approved,,,,,,4105853.0,Merle Hay Mall,,,,,,Merle Hay Commercial Area Urban Renewal Area,19-0479,approve development agreement,2019-03-25,approved,7-0,,high,figure_not_in_source;multi_meeting_project,2019-01-28: resolution of intent [19-0151] (approved) | 2019-03-25: approve development agreement [19-0479] (approved) | 2020-08-17: amend agreement [20-1332] (approved) | 2020-10-19: amend agreement [20-1662] (approved) | 2022-05-09: amend agreement [22-0704] (approved),2019-03-25,,https://councildocs.dsm.city/communications/2019/19-140.pdf,1,"semi-annual installments of $200,000 (up to $400,000 per year)"
"JR Partners, LLC (Tim Rypma, Jeremy Cotright, and Paul Cownie, Members)",,Other,,,,,,,,,approved,,,,,,6835.0,JR Partners LLC,,,,,,,19-0478,resolution of intent,2019-03-25,,,,low,figure_not_in_source,2019-03-25: resolution of intent [19-0478],,,https://councildocs.dsm.city/agendas/ag20190325.pdf,7,"Preliminary terms of an Urban Renewal Development Agreement with JR Partners, LLC"
"Wells Fargo Properties, Inc.",Eighth and Mulberry Parking / Wells Fargo redevelopment,Other,"Eighth and Mulberry, Des Moines",,,,,,,,approved,,,,,,40000.0,"Bell Ave Properties, Inc",,,,,,,19-0481,amend agreement,2019-03-25,approved,7-0,,low,figure_not_in_source,2019-03-25: amend agreement [19-0481] (approved),,,https://councildocs.dsm.city/agendas/ag20190325.pdf,7,"amendment to Redevelopment Agreement with Wells Fargo Properties, Inc."
"PDM Precast, Inc.",PDM Precast steel fabrication plant expansion,Other,3500 Vandalia Road,,,,,,,"land conveyance (25.89 of 29.89 acres City-owned land sold at $40,000/acre with 30% discount; 4 acres in ditch valued at $0; additional undefined discount for extraordinary development costs, subject to recapture if development does not occur)",approved,,,,,,2589517.0,PDM PRECAST INC,0.0,,,,,,19-0135,resolution of intent,2019-01-28,approved,7-0,,medium,,2019-01-28: resolution of intent [19-0135] (approved),,,https://councildocs.dsm.city/communications/2019/19-032.pdf,1,"sold for $40,000 per acre with a 30% discount"
,Drake Urban Renewal Plan / TIF District,TIF district / UR plan,University Avenue near Drake University (10.2 acres),,,,,establishes Drake Urban Renewal Area and TIF district; no direct fiscal impact from plan adoption,,,approved,,,,,,,,,,,,,Drake Urban Renewal Area,19-0085,ordinance,2019-01-14,approved,7-0,,medium,multi_meeting_project,2018-10-22: ordinance [18-1798] (approved) | 2019-01-14: ordinance [19-0085] (approved),,,https://councildocs.dsm.city/communications/2019/19-006.pdf,1,There is no direct fiscal impact associated with the approval of this Plan
,Forest Avenue Urban Renewal Plan 1st Amendment (NDC Multi-Family Project),TIF district / UR plan,"5 parcels / 2.3 acres, Forest Avenue Urban Renewal Area",,,,,,,,approved,,,,,,,,,,,,,Forest Avenue Urban Renewal Area,18-1801,other,2018-10-22,approved,7-0,,medium,,2018-10-22: other [18-1801] (approved),,,https://councildocs.dsm.city/communications/2018/18-513.pdf,1,There is no direct fiscal impact associated with the approval of this Amendment.
"Des Moines Griffin Building, LLC",Griffin Building historic renovation (mixed-use),Mixed-use,319 7th Street,1600000.0,NPV (confirmed),,12.9,100% of project-generated TIF from building valuations (excl. land) years 1-20; NPV at 4.5%; ~12.6% of project costs,12400000.0,tax abatement (10-year declining tax abatement on multi-residential units),completed,2020-11-23,30.0,2845578.0,4877943.0,3081426.0,,,6720000.0,2015.0,DES MOINES METRO CENTER MERGED UR,,35.0,Metro Center Urban Renewal Area,18-1544,approve development agreement,2018-09-10,approved,7-0,,high,figure_not_in_source;multi_meeting_project,2018-09-10: approve development agreement [18-1544] (approved) | 2020-12-21: amend agreement [20-2120] (approved),2018-09-10,2018-09-10,https://councildocs.dsm.city/communications/2018/18-441.pdf,1,"years 1-20, estimated at $1.6 million (NPV at a 4.5% discount rate)"
"SG16, LLC",,Other,,,,,,,,,approved,,,,,,,,,,,,,,18-1341,amend agreement,2018-08-06,approved,7-0,,low,figure_not_in_source,2018-08-06: amend agreement [18-1341] (approved),,,https://councildocs.dsm.city/agendas/ag20180806.pdf,6,"Assignment and Assumption of, and Amendment to Urban Renewal Development Agreement"
"Indigo Dawn, LLC",Four-unit scattered-site housing rehabilitation,Residential,"1124 13th Street, 1311 Laurel Street, and 1345 7th Street",,,,,,1060000.0,"other $104,600 (Estimated WHTC benefit (10% investment tax credit + Iowa sales-tax rebate)); tax abatement $17,468 (City residential 10-year declining tax abatement (local match, estimated))",approved,,,,,,,,305400.0,1886.0,,,,,18-1258,other,2018-07-23,approved,7-0,,high,multi_meeting_project,2018-07-09: other [18-1161] | 2018-07-23: other [18-1258] (approved),,2018-07-23,https://councildocs.dsm.city/communications/2018/18-393.pdf,1,"WHTC benefits for the four (4) units are estimated at $104,600."
"Nelson Development 1, LLC",418 E. Grand Avenue mixed-use development and parking structure,Mixed-use,418 East Grand Avenue,,,,,"Project-generated TIF, multiple streams: Phase I garage 100% yrs1-20 ($2.4M cash / $1.5M NPV at 4.5%); Phase II residential 100% yrs9-16 & 70% yr17 ($1.6M NPV); Phase II commercial 100% yrs1-10 & 85% yrs11-15 ($1.9M NPV); total Phase II ~$3.5M NPV (~15% of sources)",35800000.0,"land conveyance $1,525,000 (Sale of two City-owned surface parking lots to developer); forgivable loan $1,525,000 (Economic development forgivable loan equal to land purchase price); parking $215,460 (20-year City parking lease for 133 ground-level spaces, $215,460 in year 1 ($135/mo/stall), CPI escalation; City retains public parking revenue); tax abatement (10-year declining tax abatement on residential portion (100% yrs1-8, 60% yr9, 40% yr10))",completed,2021-08-09,,,,,223091.0,Nelson Development,4580000.0,2024.0,DES MOINES METRO CENTER MERGED UR,,105.0,Metro Center Urban Renewal Area,"18-1295, 18-1296",approve development agreement,2018-07-23,approved,7-0,,medium,multi_meeting_project,"2018-07-23: approve development agreement [18-1295, 18-1296] (approved) | 2018-09-10: amend agreement [18-1521, 18-1522] (approved)",,2018-07-23,https://councildocs.dsm.city/communications/2018/18-379.pdf,1,"purchase the two (2) City-owned surface parking lots for $1,525,000"
"The Printer, Inc. and Lucky Star III, LLC",,Office,,,,,,,,,approved,,,,,,,,,,,,,,18-1160,approve development agreement,2018-07-09,withdrawn,7-0,,low,figure_not_in_source,2018-07-09: approve development agreement [18-1160] (withdrawn),,,https://councildocs.dsm.city/minutes/as20180709.pdf,6,"approving Development Agreement between The Printer, Inc., Lucky Star III, LLC"
Jeffrey Stewart,832 24th Street single-family home,Other,832 24th Street,,,,,,,,approved,,,,,,,,375900.0,2018.0,,,,,18-1165,amend agreement,2018-07-09,approved,7-0,,high,,2018-07-09: amend agreement [18-1165] (approved),,,https://councildocs.dsm.city/communications/2018/18-347.pdf,1,"extending the agreement to May 1, 2019"
"KOK Vermont Street, LLC",1300-1350 Vermont Street high-cube warehouse,Industrial / warehouse,1300-1350 Vermont Street,,,,,,13900000.0,"land conveyance $210,000 (Sale of City-owned land at appraised FMV (revenue to City)); forgivable loan $210,000 (0% interest forgivable loan from land-sale proceeds, forgiven at certificate of completion); economic development grant $200,000 (Funded from non-project-generated TIF, Central Place Industrial Park TIF district); other $25,000 (City participation (dollar-for-dollar, up to $25,000) in environmental/geotechnical remediation costs); tax abatement $395,000 (10-year declining commercial tax abatement (estimated value))",completed,2019-01-14,,,,,,,149000.0,,DES MOINES CENTRAL PLACE INDUSTRIAL PARK UR,,,Central Place Industrial Park Redevelopment Program Urban Renewal Area,18-0886,approve development agreement,2018-05-21,approved,7-0,,high,,2018-05-21: approve development agreement [18-0886] (approved),,2018-05-21,https://councildocs.dsm.city/communications/2018/18-257.pdf,1,"(B) $210,000 forgivable loan"
"207 Crocker, LLC",207 Crocker hotel (Fairfield Inn and Suites by Marriott),Hotel,207 Crocker Street,1200000.0,NPV (corrected from cash),1400000.0,11.1,90% of project-generated tax increment years 1-8; $1.2M on NPV basis at 4.5%; ~10.7% of project investment,10800000.0,,completed,2019-11-18,,,,,512208.0,"207 Crocker, LLC",10700000.0,2016.0,DES MOINES METRO CENTER MERGED UR,,,Metro Center Urban Renewal Area,18-0887,approve development agreement,2018-05-21,approved,7-0,,high,counterparty_changed_across_actions;multi_meeting_project,2018-05-21: approve development agreement [18-0887] (approved) | 2022-05-09: amend agreement [22-0703] (approved) | 2022-05-09: amend agreement [22-0703],2018-05-21,2018-05-21,https://councildocs.dsm.city/communications/2018/18-258.pdf,1,Total assistance is estimated at $1.4 million
"Kemin Industries, Inc. and Kemin Holdings, L.C.",Kemin World-wide Campus expansion,Other,vicinity of 1900 Scott Avenue and 2100 Maury Street,,,,,,,"land conveyance $455,402 (Purchase price for City property sold to Kemin ($138,153 cash at closing, $317,249 via ED loan) - revenue to City); forgivable loan $317,249 (City Economic Development Loan funding deferred purchase price; forgivable at maturity in 5 years at 0% interest)",approved,,,,,,,,18900000.0,1993.0,DES MOINES SE AGRI BUSINESS PARK UR,,,,18-0772,amend agreement,2018-05-07,approved,6-1,,high,,2018-05-07: amend agreement [18-0772] (approved),,,https://councildocs.dsm.city/communications/2018/18-237.pdf,1,"$317,249 deferred purchase price to fund economic development loan"
"Rowat Lofts, LLC",Rowat Lofts,Residential,110 SE 7th Street,3090000.0,unverified (no NPV stated in source),,11.4,"Graduated project-generated TIF: 60% yrs1-3, 45% yrs4-6, 40% yrs7-9, 35% yrs10-12, 30% yrs13-15; $2.2M on NPV basis at 4.5%",27100000.0,"tax abatement (10-year declining tax abatement (100% yrs1-8, 60% yr9, 40% yr10))",approved,,,,,,960000.0,"Rowat Lofts, LLC",,,,17.0,162.0,Metro Center Urban Renewal Area,18-0701,approve development agreement,2018-04-23,,,,medium,figure_not_in_source;counterparty_changed_across_actions;multi_meeting_project,"2017-12-18: other [17-2150] (approved) | 2018-03-08: approve development agreement [18-0359] | 2018-04-23: approve development agreement [18-0701] | 2019-11-18: certificate of completion [19-1839, 19-1840] (approved)",2018-04-23,2018-04-23,https://councildocs.dsm.city/communications/2018/18-213.pdf,2,Total TIF assistance is estimated at $3.09 million on a cash basis
"50th and Douglas, LLC",Owner-occupied infill townhome project (3800 block of 50th Street),Residential,3800 block of 50th Street,,,,,,4100000.0,"other $381,300 (Estimated State of Iowa Workforce Housing Tax Credit (WHTC) benefit); tax abatement $525,931 (6-year declining residential tax abatement, local match (estimated valuation))",approved,,,,,,,,,,,,21.0,,18-0696,other,2018-04-23,approved,7-0,,high,,2018-04-23: other [18-0696] (approved),,2018-04-23,https://councildocs.dsm.city/communications/2018/18-214.pdf,1,"WHTC benefits estimated at $381,300."
"Orton Development Company, LLC",Parkway Lofts,Residential,215 SW 9th Street,,,,,,13500000.0,"other $1,000,000 (Estimated State of Iowa WHTC benefit); tax abatement $2,265,000 (10-year declining Targeted Multi-Family tax abatement, local match (estimated valuation)); land conveyance (Purchase of vacant .93-acre City-owned parcel at 215 SW 9th; land-sale hearing to be set for June 11, 2018)",approved,,,,,,,,0.0,,,,77.0,,18-0697,other,2018-04-23,,,,medium,,2018-04-23: other [18-0697],,2018-04-23,https://councildocs.dsm.city/communications/2018/18-215.pdf,1,"WHTC benefits estimated at $1,000,000"
"RE3, LLC",440 E. Grand Avenue historic renovation (mixed-use),Mixed-use,440 E. Grand Avenue,,,,,,,,completed,2019-09-09,,,,,91861.0,RE3 LLC,1508000.0,2010.0,DES MOINES METRO CENTER MERGED UR,,,,18-0700,approve development agreement,2018-04-23,withdrawn,7-0,,low,figure_not_in_source;multi_meeting_project,2018-04-23: approve development agreement [18-0700] (withdrawn) | 2018-07-23: amend agreement [18-1255] (approved),,,https://councildocs.dsm.city/minutes/as20180423.pdf,8,"Urban Renewal Development Agreement with RE3, LLC for the historic renovation"
"206 6th Avenue, LLC",Midland Building,Hotel,206 6th Avenue,4000000.0,unverified (no NPV stated in source),,10.1,Declining TIF rebate of project-generated increment: 100% yrs 1-5; 85% yrs 6-9; 80% yrs 10-12; 75% yrs 13-15; est. $4M cash / $2.9M NPV at 4.5%,39700000.0,"other $400,000 (State of Iowa Redevelopment (Grayfield) Tax Credit allocation)",completed,2021-12-20,,,,,161018.0,206 6th Avenue LLC,8700000.0,2010.0,DES MOINES METRO CENTER MERGED UR,,,Metro Center Urban Renewal Area,18-0358,approve development agreement,2018-03-08,withdrawn,6-1,,medium,figure_not_in_source;multi_meeting_project,2017-10-09: resolution of intent [17-1748] (approved) | 2018-02-19: approve development agreement [18-0288] | 2018-03-08: approve development agreement [18-0358] (withdrawn) | 2018-10-22: amend agreement [18-1758] (approved),2018-03-08,2018-03-08,https://councildocs.dsm.city/communications/2018/18-097.pdf,1,Total assistance is estimated at $4 million on a cash basis
IEC Hotel Corporation,Iowa Events Center (IEC) Hilton Hotel,Hotel,5th & Park Streets,14200000.0,unverified (no NPV stated in source),,14.1,City TIF contribution to permanent financing of convention hotel,101000000.0,"revenue bond $4,000,000 (Private placement of senior City IRA bonds (notes) to local investors; DSM UR Private Capital Note); other $10,000,000 (City guarantee of senior IRA revenue loan (Series D), up to $10M incl. interest ($8.5M principal)); grant $900,000 (Grayfield funding (State of Iowa)); other $3,000,000 (Key money (Hilton))",approved,,,,,,,,,,,,,,18-0418,amend agreement,2018-03-08,,,,medium,,2018-03-08: amend agreement [18-0418],2018-03-08,2018-03-08,https://councildocs.dsm.city/communications/2018/18-122.pdf,1,"$4,000,000 Private Placement of IRA Bonds & $10,000,000 Guarantee"
Accordia Life & Annuity Company (aka Global Atlantic),,Office,Davis Brown Tower,,,,,,,"forgivable loan $100,000 (City local community match, forgivable loan; funding source Metro Center TIF); other $640,000 (IEDA investment tax credits (High Quality Jobs program)); other $135,000 (IEDA sales tax refund on construction materials)",approved,,,,,,,,,,,,,Metro Center,18-0202,approve development agreement,2018-02-05,approved,7-0,,high,,2018-02-05: approve development agreement [18-0202] (approved),,,https://councildocs.dsm.city/communications/2018/18-048.pdf,1,"in the form of a forgivable loan of $100,000"
"219 East Grand, LLC",,Mixed-use,219 E. Grand Avenue,,,,,"TIF rebate in lieu of tax abatement: commercial 100% of increment yrs 1-10 (minus debt-protected levies), 50% yrs 11-15; residential 50% yrs 11-15, capped at $1,000,000 cash basis",27000000.0,,approved,,,,,,542328.0,219 E Grand LLC,,,,,98.0,Metro Center Urban Renewal Area,17-2151,amend agreement,2017-12-18,approved,7-0,,high,,2017-12-18: amend agreement [17-2151] (approved),,2017-12-18,https://councildocs.dsm.city/communications/2017/17-863.pdf,1,"Residential Project TIF capped at $1,000,000 on a cash basis"
"Kemin Industries, Inc. and Kemin Holdings, LC",,Commercial (MAA / abatement),,,,,,,,"forgivable loan $317,249 (Economic Development Loan, forgivable in 5 years at 0% interest if terms met; funded from deferred purchase price); land conveyance $455,402 (Conveyance of ~10.46-acre vacated ROW/excess City property to Kemin Holdings for $455,402 (fair market value; revenue to City))",approved,,,,,,,,,,,,,,17-2190,approve development agreement,2017-12-18,approved,7-0,,high,multi_meeting_project,2017-12-18: approve development agreement [17-2190] (approved) | 2020-11-23: amend agreement [20-1889] (approved),,,https://councildocs.dsm.city/communications/2017/17-839.pdf,2,"$317,249 Economic Development Loan, forgivable at maturity in 5-years"
Neighborhood Development Corporation (NDC),,Other,,,,,,,,,approved,,,,,,,,,,,,,,17-1963,other,2017-11-20,approved,7-0,,low,figure_not_in_source,2017-11-20: other [17-1963] (approved),,,https://councildocs.dsm.city/agendas/ag20171120.pdf,6,Collateral Assignment of Urban Renewal Development Agreement with Neighborhood Development Corporation
"DSMBLC Holdings, Inc.",,Residential,1074 26th Street,,,,,,,"grant $40,000 (Vacant/Abandoned Residential Property Redevelopment funding to acquire adjacent land and duplex; G.O. Bonds via CIP)",approved,,,,,,,,429500.0,1895.0,,,,,17-1964,approve development agreement,2017-11-20,approved,7-0,,high,,2017-11-20: approve development agreement [17-1964] (approved),,,https://councildocs.dsm.city/communications/2017/17-784.pdf,1,"Amount: $40,000"
Neighborhood Development Corporation (NDC),,Residential,2217-2225 University Avenue,,,,,,2600000.0,"tax abatement $460,000 (10-year declining tax abatement (8 yrs 100%, 60% yr 9, 40% yr 10); local match); other $243,672 (State WHTC benefit; 'Amount' field states $243,672 while funding-source line states $1,000,000 (source discrepancy))",approved,,,,,,,,3130000.0,2018.0,,,20.0,,17-1894,other,2017-11-06,approved,7-0,,medium,,2017-11-06: other [17-1894] (approved),,2017-11-06,https://councildocs.dsm.city/communications/2017/17-771.pdf,1,"WHTC benefits estimated at $243,672"
"322 E. Court, LLC and 317 E. Court, LLC",,Other,,,,,,,,,approved,,,,,,111443.0,317 E Court LLC,,,,,,,17-1896,other,2017-11-06,approved,7-0,,low,figure_not_in_source,2017-11-06: other [17-1896] (approved),,,https://councildocs.dsm.city/agendas/ag20171106.pdf,6,"Collateral Assignment of Urban Renewal Development Agreement with 322 E. Court, LLC"
"District at 6th, LLC",,Other,,,,,,,,,completed,2020-12-21,,,,,1050000.0,"Distric at 6th, LLC",,,,,,,17-1836,other,2017-10-23,approved,5-2,,low,figure_not_in_source,2017-10-23: other [17-1836] (approved),,,https://councildocs.dsm.city/agendas/ag20171023.pdf,6,Conditional approval of collateral assignment of Urban Renewal Development Agreement
Elliott Coop Housing Association,Elliott Apartments,Residential,217 4th Street,,,,,,8200000.0,"tax abatement $1,651,000 (10-year, 100% tax abatement on added value; City's local match); other $1,000,000 (State Workforce Housing Tax Credits (WHTC), estimated); other $1,833,122 (State Historic Tax Credits requested (25% of qualified rehab costs)); other $1,466,498 (Federal Historic Tax Credits requested)",approved,,,,,,,,3650000.0,1999.0,DES MOINES METRO CENTER MERGED UR,,64.0,,32,other,2017-10-09,approved,7-0,,high,,2017-10-09: other [32] (approved),,2017-10-09,https://councildocs.dsm.city/communications/2017/17-720.pdf,2,"seeking tax abatement in the estimated amount of $1,651,000"
"New Horizon Real Estate Development - Iowa, LLP (William M. Dunkley)",New Horizon Childcare Academy,Other,northwest corner of SW 9th and Murphy Street (Gray's Landing),,,,,,2600000.0,,approved,,,,,,,,,,,,,,17-1658,approve development agreement,2017-09-25,approved,6-1,,medium,,2017-09-25: approve development agreement [17-1658] (approved),,2017-09-25,https://councildocs.dsm.city/communications/2017/17-700.pdf,2,The $2.6 million project is anticipated to start construction in October 2017
"Gray's Station I, LLC and Gray's Station II, LLC (Hubbell Realty Company)",Gray's Station Multifamily Phases I and II,Residential,200 block of SW 11th Street,,,,,,24700000.0,"other $2,000,000 (WHTC benefits estimated at $2,000,000 ($1,000,000 each project); State of Iowa tax credits); tax abatement (Local match via 10-year declining tax abatement: $1,899,720 (Gray's Station I), $2,063,310 (Gray's Station II))",approved,,,,,,2402909.0,Gray's Station,,,,,135.0,,17-1567,other,2017-09-11,approved,7-0,,high,multi_meeting_project,2017-08-28: other [17-1472] (approved) | 2017-09-11: other [17-1567] (approved),,2017-09-11,https://councildocs.dsm.city/communications/2017/17-664.pdf,1,"WHTC benefits estimated at $2,000,000 ($1,000,000 for each project)."
"Hubbell Realty Company, Hubbell Terminal Corporation, and 510 SW 9th Street, LLC (Rick Tollakson)",Cityville on 9th,Residential,550 SW 9th Street,,,,,,50000000.0,,approved,,,,,,266000.0,Hubbell Realty,5227000.0,2015.0,DES MOINES METRO CENTER MERGED UR,,312.0,,17-1570,amend agreement,2017-09-11,approved,7-0,,medium,,2017-09-11: amend agreement [17-1570] (approved),,2017-09-11,https://councildocs.dsm.city/communications/2017/17-645.pdf,1,Cityville on 9th is a newly constructed $50 million mixed-use development
Friends of SW 9th,SW 9th Street Revitalization,Other,SW 9th Street Corridor (sites incl. 2619 and 2440 SW 9th Street),,,,,,,"economic development grant $220,000 (Economic Development Grant Agreement establishing reporting for $220,000 in funds for Facade/Revitalization Grant, New Businesses Grant, and node development; retroactive to April 11, 2016)",approved,,,,,,,,,,,,,,17-1575,other,2017-09-11,approved,7-0,,high,,2017-09-11: other [17-1575] (approved),,,https://councildocs.dsm.city/communications/2017/17-646.pdf,1,"advancement of funds in the total amount of $220,000 for revitalization projects"
"TWG Development, LLC d/b/a District at 6th, LLC",District at 6th,Residential,201 SE 6th Street,3500000.0,unverified (no NPV stated in source),,8.6,"20 semi-annual payments of $175,000 beginning Dec 2020; total $3,500,000",40600000.0,tax abatement (10-year tax abatement (to be applied for)),completed,2020-12-21,,,,,1050000.0,"Distric at 6th, LLC",39600000.0,2019.0,DES MOINES METRO CENTER MERGED UR,,213.0,Metro Center Urban Renewal Area,17-1415,approve development agreement,2017-08-14,approved,7-0,,high,counterparty_changed_across_actions;multi_meeting_project,2016-12-19: other [33] (approved) | 2017-01-23: resolution of intent [17-0135] (approved) | 2017-08-14: approve development agreement [17-1415] (approved) | 2019-04-08: other [19-0555] (approved) | 2019-11-18: amend agreement [19-1837] (approved) | 2020-12-21: certificate of completion [20-2121] (approved) | 2023-10-23: other [23-1436] (approved),2017-08-14,2017-08-14,https://councildocs.dsm.city/communications/2017/17-575.pdf,1,"20 semi-annual payments of $175,000 beginning in December 2020"
"HRC NFS I, LLC and Hubbell Realty Company",Gray's Station,Residential,"vicinity of 1300 Tuttle Street (south of MLK Jr Pkwy, north of Raccoon River)",12523258.0,unverified (no NPV stated in source),,21.2,"project-generated TIF $12,523,258 over <=20 yrs; part of total assistance NPV $9,485,127",59000000.0,"economic development grant $3,000,000 (3 disbursements via interfund loan from Sanitary Sewer Enterprise, repaid by Metro Center TIF over ~12 yrs); economic development grant $2,477,482 (from Metro Center UR Area over 7 yrs)",approved,,,,,,2402909.0,Gray's Station,,,,,,Metro Center Urban Renewal Area,17-1408,approve development agreement,2017-08-14,approved,6-1,,high,amendment_number_discrepancy;figure_not_in_source;multi_meeting_project,2017-08-14: approve development agreement [17-1408] (approved) | 2018-11-05: resolution of intent [18-1859] (approved) | 2020-01-27: amend agreement [44] (approved) | 2025-12-22: amend agreement [25-1684] (approved),2017-08-14,2017-08-14,https://councildocs.dsm.city/communications/2017/17-603.pdf,2,"Project generated tax increment in the amount of $12,523,258"
"Ingersoll Square Phase III Associates, L.P.",Ingersoll Square Phase III,Other,NE corner of Martin Luther King Jr. Parkway and Ingersoll Avenue,574594.0,unverified (no NPV stated in source),,7.0,"58% of project increment yrs 11-20; NPV $574,594 (existing, unchanged)",8200000.0,"loan $300,000 (HOME (Home Opportunity Made Easy) funds (existing)); economic development grant $430,000 (supplemental grant later revised to supplemental loan from land-sale proceeds; City to forgo est. 50%+ of repayment)",approved,,,,,,,,,,,,,,17-1257,other,2017-07-24,approved,7-0,,medium,,2017-07-24: other [17-1257] (approved),2017-07-24,2017-07-24,https://councildocs.dsm.city/communications/2017/17-566.pdf,1,"forgo potential repayment of a portion of the $430,000 supplemental loan"
"Raccoon Valley Investment Company, LC",Courtyard by Marriott hotel,Hotel,northeast corner of Fleur Drive and McKinley Avenue,,,,,"project-generated TIF rebate for 15 yrs or until UR plan expiration (2034), whichever sooner",13000000.0,,approved,,,,,,89543.0,Raccoon Valley Investments LLC,,,,,,Fleur Drive Commercial Urban Renewal Area,17-1060,approve development agreement,2017-06-26,approved,6-1,,medium,figure_not_in_source,2017-06-26: approve development agreement [17-1060] (approved),,2017-06-26,https://councildocs.dsm.city/communications/2017/17-505.pdf,1,project-generated tax increment for 15 years or until the expiration
"Eagle View Lofts, LLC",Eagle View Lofts,Residential,SE 6th Street and Shaw Street (712 SE 6th Street),,,,,,18000000.0,"forgivable loan $251,350 (structured from land sale proceeds (2016)); loan $3,225,000 (Community Development Block Grant-Disaster Recovery loan (prior action RC 16-0344))",completed,2018-01-22,,,,,,,,,,62.0,120.0,,17-0984,amend agreement,2017-06-12,approved,7-0,,high,,2017-06-12: amend agreement [17-0984] (approved),,2017-06-12,https://councildocs.dsm.city/communications/2017/17-472.pdf,1,"$251,350 forgivable loan from land sale proceeds"
"Wilkins Redevelopment, LLC",Wilkins Building (former Younkers),Residential,713 Walnut Street,3200000.0,unverified (no NPV stated in source),,11.9,"15-yr 100% project-generated TIF ($3.2M NPV) replacing abatement, plus existing $1,539,590 backstop for Tea Room lease-up; net impact ~$443,000",27000000.0,,completed,2017-08-28,,,,,1637532.0,Wilkins Redevelopment LLC,19125200.0,2010.0,DES MOINES METRO CENTER MERGED UR,31.0,60.0,Metro Center Urban Renewal Area,17-0874,amend agreement,2017-05-22,,,,medium,minutes_truncated,2017-05-22: amend agreement [17-0874],2017-05-22,2017-05-22,https://councildocs.dsm.city/communications/2017/17-453.pdf,1,"replace the abatement with a 15-year, 100% project generated tax increment financing"
"FDM Development Partnership, LLLP",Historic Fort Des Moines residential rehabilitation,Residential,"Historic Fort Des Moines (south of Army Post Rd, east of SW 9th St)",2037983.0,unverified (no NPV stated in source),,5.4,"100% of project increment yrs 1-10; 75% yrs 10-15; est. NPV $2,037,983; semi-annual payments",38000000.0,,approved,,,,,,,,,,,,142.0,Southside Economic Development Urban Renewal Area,17-0775,amend agreement,2017-05-08,approved,7-0,,high,counterparty_changed_across_actions;multi_meeting_project,2016-08-22: amend agreement [16-1412] (approved) | 2017-05-08: amend agreement [17-0775] (approved),2017-05-08,2017-05-08,https://councildocs.dsm.city/communications/2017/17-404.pdf,1,"Estimated NPV $2,037,983"
"Rally Cap Properties, LLC",Des Moines scattered-site housing rehabilitation,Residential,"687 28th St, 1520 32nd St, 541 35th St, 693 19th St, 740 26th St, 726 27th St",,,,,,1500000.0,"other $144,840 (State Workforce Housing Tax Credits (IEDA), estimated); tax abatement $423,618 (10-yr 100% residential tax abatement (local match), estimated)",approved,,,,,,243671.0,"R.E. Properties, LLC",,,,,8.0,,17-0774,other,2017-05-08,approved,7-0,,medium,,2017-05-08: other [17-0774] (approved),,2017-05-08,https://councildocs.dsm.city/communications/2017/17-403.pdf,1,"WHTC benefits are estimated at $144,840 and local match"
"H. Glass Partners, LLC",212 E. 3rd Street historic rehabilitation,Retail / restaurant,212 E. 3rd Street,419000.0,unverified (no NPV stated in source),,14.4,"declining % of project increment: 90% yrs 1-5, 85% yrs 6-9, 80% yrs 10-12, 75% yrs 13-15; 15 annual payments; NPV $419,000",2900000.0,"land conveyance $1,000 (sale of adjoining vacated City right-of-way to developer for $1,000 (hearing set 5-22-17))",approved,,,,,,159397.0,H Glass Partners LLC,,,,,,Metro Center Urban Renewal Area,17-0776,approve development agreement,2017-05-08,approved,7-0,,high,,2017-05-08: approve development agreement [17-0776] (approved),2017-05-08,2017-05-08,https://councildocs.dsm.city/communications/2017/17-402.pdf,1,"net present value (NPV) of $419,000"
Federal Home Loan Bank of Des Moines,FHLB headquarters relocation and expansion,Office,909 and 912 Locust Street,,,,,Economic Development Grant = 50% of new tax increment (less SSMID & debt-protected levies); 30 semi-annual installments,,"parking (20% discount off market-rate parking, up to 425 stalls in 9th & Locust Garage, 10 of 15-yr license)",completed,2019-10-14,,,,,1107048.0,Federal Home Loan Bank,2440100.0,,DES MOINES METRO CENTER MERGED UR,,,Metro Center Urban Renewal Area,17-0684,approve development agreement,2017-04-17,approved,7-0,,medium,figure_not_in_source;multi_meeting_project,2017-03-06: resolution of intent [17-0395] (approved) | 2017-04-17: approve development agreement [17-0684] (approved),,,https://councildocs.dsm.city/communications/2017/17-380.pdf,2,Economic Development Grant of 50% of the new tax increment
"Blackbird Investments, LLC",Fifth and Walnut Parking Garage redevelopment (hotel/residential tower),Parking,422 Walnut Street,,,,,"100% of project increment 20 yrs (residential tower, podium, parking deck); 90% 20 yrs (hotel); capped at yr-11 amount",,"forgivable loan $4,000,000 (economic development forgivable loan equal to $4M site purchase price); loan $28,500,000 (Parking Shortfall Loan; semi-annual advances over 20 yrs, total est. $28.5M (NPV $20.9M @3.5%), accrues 1% interest)",approved,,,,,,,,1511000.0,,DES MOINES METRO CENTER MERGED UR,,,Metro Center Urban Renewal Area,47,approve development agreement,2017-04-03,,,,low,figure_not_in_source;minutes_truncated;counterparty_changed_across_actions;multi_meeting_project,2017-03-20: approve development agreement [422] (withdrawn) | 2017-04-03: approve development agreement [47] | 2017-08-14: other [17-1377] (approved),,,https://councildocs.dsm.city/communications/2017/17-346.pdf,1,developer will purchase the site for $4 million and receive
"Thompson Properties, L.C. (d/b/a Heating & Cooling Supply Company, Inc.)","50,000 sf warehouse and operations center",Industrial / warehouse,1105 and 1125 East Broadway Avenue,350000.0,unverified (no NPV stated in source),,6.9,"100% of project-generated increment coinciding with 10-yr abatement, max 10 yrs, up to $350,000 NPV @ 6%",5100000.0,tax abatement (10-year declining commercial tax abatement),completed,2019-07-15,,,,,248146.0,Thompson Properties LLC,,,,,,Northeast Gateway 1 Urban Renewal Area,17-0535,approve development agreement,2017-03-20,approved,7-0,,high,multi_meeting_project,2017-03-20: approve development agreement [17-0535] (approved) | 2017-08-14: other [17-1379] (approved),2017-03-20,2017-03-20,https://councildocs.dsm.city/communications/2017/17-284.pdf,1,"up to a maximum amount of $350,000 net present value"
Des Moines Bicycle Collective,B-Cycle Program expansion,Other,,,,,,,,"economic development grant $36,000 ($36,000 over 3 years in equal payments of $12,000/year)",approved,,,,,,,,,,,,,,17-0044,amend agreement,2017-01-09,approved,7-0,,high,,2017-01-09: amend agreement [17-0044] (approved),,,https://councildocs.dsm.city/communications/2017/17-022.pdf,1,"financial assistance in the amount of $36,000 to the Des Moines Bicycle Collective"
Hubbell Realty Company,Carbon 550 (50-unit apartment project),Residential,550 Watson Powell Jr. Way,,,,,"$500,000 economic development assistance funded from Metro Center Tax Increment Financing (upfront advance; not an increment-percentage rebate)",8600000.0,"economic development grant $500,000 ($500,000 economic development assistance advanced upon final URDA and land closing; offsets $650,000+ extraordinary utility/environmental costs; funded by Metro Center TIF; project also eligible for 10-yr tax abatement)",approved,,,,,,500000.0,CARBON 550,8140000.0,2018.0,DES MOINES METRO CENTER MERGED UR,,50.0,Metro Center,16-2165,approve development agreement,2016-12-19,approved,7-0,,high,,2016-12-19: approve development agreement [16-2165] (approved),,2016-12-19,https://councildocs.dsm.city/communications/2016/16-723.pdf,1,"negotiated a $500,000 financial assistance package"
"701 Walnut Partnership, LLC",701 Walnut Street tower (east side of former Younkers site),Residential,701 Walnut Street,4273982.0,unverified (no NPV stated in source),,5.3,"100% of project-generated tax increment yrs 9-20 (payment period totaling 12 years); TIF backfill in yrs 9-10 to approximate a 10-yr 100% residential tax abatement schedule; semi-annual; NPV $4,273,982 (~5% of total project cost)",80000000.0,,approved,,,,,,,,1340000.0,,DES MOINES METRO CENTER MERGED UR,,276.0,Metro Center Urban Renewal Area,16-2189,approve development agreement,2016-12-19,approved,7-0,,high,multi_meeting_project,2016-12-19: approve development agreement [16-2189] (approved) | 2017-08-28: amend agreement [17-1473] (approved),2016-12-19,2016-12-19,https://councildocs.dsm.city/communications/2016/16-706.pdf,1,"Estimated NPV of TIF payments is $4,273,982"
Revive Community Development,Edna M. Griffin Building restoration & conversion,Residential,319 7th Street,,,,,,10500000.0,"other $865,000 (State WHTC benefit estimated $865,000); tax abatement $1,250,000 (10-year 100% residential tax abatement local match, est. $1,250,000)",completed,2020-11-23,,,,,,,6720000.0,2015.0,DES MOINES METRO CENTER MERGED UR,,46.0,,16-2070,other,2016-12-05,approved,7-0,,high,,2016-12-05: other [16-2070] (approved),,2016-12-05,https://councildocs.dsm.city/communications/2016/16-675.pdf,1,"WHTC benefits are estimated at $865,000"
"Cityville on 9th III, LLC (West Bank as financing party)",Cityville on 9th,Other,,,,,,,,economic development grant (Existing Cityville on 9th URDA incentives referenced; amounts not in provided text),approved,,,,,,,,,,,,,,16-2071,other,2016-12-05,approved,7-0,,medium,figure_not_in_source,2016-12-05: other [16-2071] (approved),,,https://councildocs.dsm.city/agendas/ag20161205.pdf,5,Consent to Collateral Assignment of the Amended and Restated Urban Renewal Development Agreement for the Cityville on 9th project
"HRC 6th Street, LLC",43-unit multi-family housing project at 550 Watson Powell Jr. Way,Residential,550 Watson Powell Jr. Way,,,,,,,economic development grant (URDA incentive expected; Council Communication 16-693 not retrieved (text unavailable)),approved,,,,,,,,8140000.0,2018.0,DES MOINES METRO CENTER MERGED UR,,43.0,,16-2101,approve development agreement,2016-12-05,,,,low,figure_not_in_source,2016-12-05: approve development agreement [16-2101],,,https://councildocs.dsm.city/agendas/ag20161205.pdf,8,"Urban Renewal Development Agreement with HRC 6th Street, LLC ... 43-unit multi-family housing project"
,,Other,,,,,,Ordinance establishing Tax Increment Financing for the Forest Avenue Urban Renewal Area (enables TIF for the NDC 50-unit multi-family project),,,approved,,,,,,,,,,,,,Forest Avenue Urban Renewal Area,16-1751,ordinance,2016-10-10,approved,7-0,,high,,2016-10-10: ordinance [16-1751] (approved),,,https://councildocs.dsm.city/communications/2016/16-569.pdf,1,Adopt the Forest Avenue Tax Increment Finance (TIF) Ordinance
Neighborhood Development Corporation (NDC),Forest Avenue Village (50-unit multi-family),TIF district / UR plan,"3201 Forest Avenue (3221, 3211, 3201 Forest Ave; 1420 & 1414 32nd St)",731319.0,unverified (no NPV stated in source),,9.6,Declining % of project-generated tax increment: 100% yrs 1-5; 80% yr 6; 60% yr 7; 40% yr 8; 20% yrs 9-10; exact installment amounts per Polk County Assessor valuation (Forest Avenue TIF district to be created),7600000.0,,approved,,,,,,,,5050000.0,2017.0,DES MOINES FOREST AVENUE UR,,50.0,Forest Avenue Urban Renewal Area,16-1573,approve development agreement,2016-09-12,approved,7-0,,high,multi_meeting_project,2016-08-08: other [47] (approved) | 2016-09-12: approve development agreement [16-1573] (approved),2016-08-08,2016-08-08,https://councildocs.dsm.city/communications/2016/16-516.pdf,1,declining percentage of project-generated tax increment revenues ... 100% in years 1-5
"Excell Marketing, L.C.",Excell Marketing facility expansion,Office,5501 Park Avenue,,,,,,5300000.0,"tax abatement $286,000 (City local match = 3-year 100% property tax abatement under Third Restated Urban Revitalization Plan (Citywide Urban Revitalization Area); estimated value $286,000); other $176,000 (State HQJ investment tax credits up to $176,000); other $129,000 (State HQJ refund of sales/service/use tax on construction materials up to $129,000)",approved,,,,,,,,11600000.0,2006.0,,,,,16-1528,approve development agreement,2016-09-12,approved,7-0,,high,,2016-09-12: approve development agreement [16-1528] (approved),,2016-09-12,https://councildocs.dsm.city/communications/2016/16-520.pdf,1,"Amount: $286,000 estimated"
"Liberty Des Moines, L.L.C. (assignee, Schulte Hospitality Group); Liberty Building Historic Rehab, LLC / 418 Hospitality, LLC (assignors)",Liberty Building Rehabilitation & Parking Garage / Hyatt Place Hotel,Parking,418 6th Avenue,,,,,,,economic development grant (Existing Metro Center URDA economic development grant installments assigned to new owner; amount not stated in provided text),approved,,,,,,616084.0,Liberty Building Historic Rehab LLC,2415000.0,2008.0,DES MOINES METRO CENTER MERGED UR,,,Metro Center Urban Renewal Area,16-1530,other,2016-09-12,approved,7-0,,medium,figure_not_in_source,2016-09-12: other [16-1530] (approved),,,https://councildocs.dsm.city/communications/2016/16-501.pdf,1,assignment of Urban Renewal Development Agreement and Economic Development Grant payments
"M & R Holdings, LLC",Beaver Cove Townhomes,Residential,4209 Lower Beaver Road,,,,,,5700000.0,other (State WHTC benefit (amount not stated in provided text for this candidate)),approved,,,,,,,,,,,,38.0,,16-1410,other,2016-08-22,approved,5-1-1,,medium,figure_not_in_source;multi_meeting_project,2016-08-08: other [25] (continued) | 2016-08-22: other [16-1410] (approved),,2016-08-08,https://councildocs.dsm.city/agendas/ag20160822.pdf,7,38-unit bi-attached townhome development at 4209 Lower Beaver Road
"220 SE 6th Street Properties, LLC",220 SE 6th Street office building and parking structure (PDM Precast / GPS Impact),Parking,220 SE 6th Street,,,,,"Declining % of project-generated tax increment: 100% yrs 1-2, 95% yrs 3-5, 90% yrs 6-10, 85% yrs 11-12, 75% yrs 13-15, 50% yrs 16-20 (Metro Center TIF)",10700000.0,"economic development grant $200,000 ($200,000 grant paid upon completion of the Improvements); parking $94,500 (25-year City parking license for 60 spaces; $94,500 in year 1 ($125/stall + .05% admin fee); CPI escalation)",completed,2017-08-28,,,,,,,7140000.0,2016.0,DES MOINES METRO CENTER MERGED UR,,,Metro Center,16-1411,approve development agreement,2016-08-22,approved,5-1-1,,high,figure_not_in_source;multi_meeting_project,2016-08-22: approve development agreement [16-1411] (approved) | 2016-11-21: other [16-2000] (approved) | 2017-06-26: amend agreement [17-1061] (approved),,2016-08-22,https://councildocs.dsm.city/communications/2016/16-479.pdf,1,"a grant in the amount of $200,000 to be paid upon completion"
"Raccoon Valley Investment Company, L.C.",Fleur Drive commercial area (Panera Bread Cafe / former Mezzodi's site),Other,"4519 Fleur Drive (east of Fleur Drive, north of McKinley Avenue)",,,,,,,,approved,,,,,,89543.0,Raccoon Valley Investments LLC,1350000.0,2016.0,DES MOINES FLEUR DRIVE COMMERCIAL UR,,,Fleur Drive Urban Renewal Area,16-1413,amend agreement,2016-08-22,approved,6-1,,medium,,2016-08-22: amend agreement [16-1413] (approved),,,https://councildocs.dsm.city/communications/2016/16-470.pdf,1,redevelop the former Mezzodi's site at 4519 Fleur Drive with a restaurant
"College Hill Associates, L.P. (owner) / Newbury Management Company (developer)",College Hill Apartments renovation + commercial office building,Residential,921 6th Avenue,,,,,"Project-generated tax increment rebates yrs 1-10 at 95%, yrs 11-15 at 75%; frozen base $1,137,621 taxable valuation; total assistance package NPV $1.7M (includes ROW land-acquisition grant)",,"economic development grant $99,556 (Economic development grant equal to ROW acquisition price along 5th Avenue ($99,556); drops out if City cannot acquire the State-owned excess ROW)",completed,2019-05-20,,,,,762247.0,College Hill Associates,2120000.0,,DES MOINES METRO CENTER MERGED UR,,86.0,Metro Center,16-1415,amend agreement,2016-08-22,approved,6-1,,high,,2016-08-22: amend agreement [16-1415] (approved),,,https://councildocs.dsm.city/communications/2016/16-471.pdf,1,total financial assistance package has an estimated net present value (NPV) of $1.7 million
"Janssen Lodging, Inc.",Hotel Fort Des Moines renovation,Hotel,1000 Walnut Street,4118993.0,unverified (no NPV stated in source),,11.1,"Economic development grant = 90% of project's annually generated tax increment for 20 years, semi-annual installments; NPV $4,118,993 (11-12% of total project cost)",37000000.0,,completed,2022-04-04,,,,,,,15500000.0,2010.0,DES MOINES METRO CENTER MERGED UR,,,Metro Center Urban Renewal Area,16-1340,approve development agreement,2016-08-08,approved,6-1,,high,multi_meeting_project,2016-08-08: approve development agreement [16-1340] (approved) | 2018-05-07: amend agreement [18-0773] (approved) | 2020-09-14: amend agreement [20-1452] (approved),2016-08-08,2016-08-08,https://councildocs.dsm.city/communications/2016/16-434.pdf,1,"net present value (NPV) of the assistance is $4,118,993"
"Roers Investments, LLC",,Residential,2301 Ingersoll Avenue; 1400 Walnut Street,,,,,,50000000.0,"other $2,000,000 (State Workforce Housing Tax Credit benefits estimated $2,000,000 (sales/use tax refund + up to 10% investment tax credit)); tax abatement $5,200,000 (Residential tax abatement local match for 2301 Ingersoll (23 Ingersoll, LLC), valued ~$5.2M); tax abatement $2,600,000 (Residential tax abatement local match for 1400 Walnut (14 Walnut, LLC), valued ~$2.6M)",approved,,,,,,417500.0,ST Investments LLC,44327000.0,2017.0,DES MOINES INGERSOLL-GRAND COMMERCIAL UR,,238.0,,32,other,2016-07-11,approved,7-0,,high,,2016-07-11: other [32] (approved),,2016-07-11,https://councildocs.dsm.city/communications/2016/16-388.pdf,1,"WHTC benefits are estimated at $2,000,000"
